tRNA-Und-NNN-4-1|acceptor_stem_3p|part1	8	8	1.144	0.143	0.143
tRNA-Und-NNN-4-1|t_arm|part1	17	17	-0.888	-0.0522353	-0.0522353
tRNA-Und-NNN-4-1|variable_region|part1	2	2	-0.432	-0.216	-0.216
tRNA-Und-NNN-4-1|anticodon_arm|part1	17	17	-12.688	-0.746353	-0.746353
tRNA-Und-NNN-4-1|anticodon|part1	3	3	-2.284	-0.761333	-0.761333
tRNA-Und-NNN-4-1|d_arm|part1	19	19	2.049	0.107842	0.107842
tRNA-Und-NNN-4-1|acceptor_stem_5p|part1	7	7	1.678	0.239714	0.239714
tRNA-Asn-GTT-5-1|acceptor_stem_3p|part1	8	8	2.54	0.3175	0.3175
tRNA-Asn-GTT-5-1|t_arm|part1	17	17	4.648	0.273412	0.273412
tRNA-Asn-GTT-5-1|variable_region|part1	6	6	2.008	0.334667	0.334667
tRNA-Asn-GTT-5-1|anticodon_arm|part1	17	17	4.789	0.281706	0.281706
tRNA-Asn-GTT-5-1|anticodon|part1	3	3	1.045	0.348333	0.348333
tRNA-Asn-GTT-5-1|d_arm|part1	19	19	6.273	0.330158	0.330158
tRNA-Asn-GTT-5-1|acceptor_stem_5p|part1	7	7	2.392	0.341714	0.341714
tRNA-Glu-TTC-4-1|acceptor_stem_3p|part1	8	8	0.653	0.081625	0.081625
tRNA-Glu-TTC-4-1|t_arm|part1	17	17	-0.28	-0.0164706	-0.0164706
tRNA-Glu-TTC-4-1|variable_region|part1	4	4	1.228	0.307	0.307
tRNA-Glu-TTC-4-1|anticodon_arm|part1	17	17	1.549	0.0911176	0.0911176
tRNA-Glu-TTC-4-1|anticodon|part1	3	3	1.04	0.346667	0.346667
tRNA-Glu-TTC-4-1|d_arm|part1	19	19	4.21	0.221579	0.221579
tRNA-Glu-TTC-4-1|acceptor_stem_5p|part1	7	7	2.268	0.324	0.324
tRNA-Gly-CCC-1-1|acceptor_stem_3p|part1	8	8	0.829	0.103625	0.103625
tRNA-Gly-CCC-1-1|t_arm|part1	17	17	2.878	0.169294	0.169294
tRNA-Gly-CCC-1-1|variable_region|part1	3	3	0.076	0.0253333	0.0253333
tRNA-Gly-CCC-1-1|anticodon_arm|part1	17	17	-0.844	-0.0496471	-0.0496471
tRNA-Gly-CCC-1-1|anticodon|part1	3	3	0.112	0.0373333	0.0373333
tRNA-Gly-CCC-1-1|d_arm|part1	19	19	1.781	0.0937368	0.0937368
tRNA-Gly-CCC-1-1|acceptor_stem_5p|part1	7	7	1.409	0.201286	0.201286
tRNA-Val-CAC-11-1|acceptor_stem_3p|part1	8	8	-18.994	-2.37425	-2.37425
tRNA-Val-CAC-11-1|t_arm|part1	17	17	-8.907	-0.523941	-0.523941
tRNA-Val-CAC-11-1|variable_region|part1	5	5	-7.165	-1.433	-1.433
tRNA-Val-CAC-11-1|anticodon_arm|part1	17	17	-8.525	-0.501471	-0.501471
tRNA-Val-CAC-11-1|anticodon|part1	3	3	-3.52	-1.17333	-1.17333
tRNA-Val-CAC-11-1|d_arm|part1	19	19	-7.129	-0.375211	-0.375211
tRNA-Val-CAC-11-1|acceptor_stem_5p|part1	7	7	1.675	0.239286	0.239286
tRNA-Val-CAC-11-2|acceptor_stem_5p|part1	7	7	0.139	0.0198571	0.0198571
tRNA-Val-CAC-11-2|d_arm|part1	19	19	-6.386	-0.336105	-0.336105
tRNA-Val-CAC-11-2|anticodon_arm|part1	17	17	-10.826	-0.636824	-0.636824
tRNA-Val-CAC-11-2|anticodon|part1	3	3	-5.581	-1.86033	-1.86033
tRNA-Val-CAC-11-2|variable_region|part1	5	5	-2.875	-0.575	-0.575
tRNA-Val-CAC-11-2|t_arm|part1	17	17	-9.36	-0.550588	-0.550588
tRNA-Val-CAC-11-2|acceptor_stem_3p|part1	8	8	-9.52	-1.19	-1.19
tRNA-Gly-CCC-1-2|acceptor_stem_5p|part1	7	7	1.273	0.181857	0.181857
tRNA-Gly-CCC-1-2|d_arm|part1	19	19	3.431	0.180579	0.180579
tRNA-Gly-CCC-1-2|anticodon_arm|part1	17	17	0.521	0.0306471	0.0306471
tRNA-Gly-CCC-1-2|anticodon|part1	3	3	0.941	0.313667	0.313667
tRNA-Gly-CCC-1-2|variable_region|part1	3	3	0.975	0.325	0.325
tRNA-Gly-CCC-1-2|t_arm|part1	17	17	2.202	0.129529	0.129529
tRNA-Gly-CCC-1-2|acceptor_stem_3p|part1	8	8	1.645	0.205625	0.205625
tRNA-Glu-TTC-3-1|acceptor_stem_5p|part1	7	7	2.336	0.333714	0.333714
tRNA-Glu-TTC-3-1|d_arm|part1	19	19	6.674	0.351263	0.351263
tRNA-Glu-TTC-3-1|anticodon_arm|part1	17	17	4.757	0.279824	0.279824
tRNA-Glu-TTC-3-1|anticodon|part1	3	3	1.004	0.334667	0.334667
tRNA-Glu-TTC-3-1|variable_region|part1	4	4	1.332	0.333	0.333
tRNA-Glu-TTC-3-1|t_arm|part1	17	17	3.095	0.182059	0.182059
tRNA-Glu-TTC-3-1|acceptor_stem_3p|part1	8	8	1.994	0.24925	0.24925
tRNA-Asn-GTT-4-1|acceptor_stem_5p|part1	7	7	2.168	0.309714	0.309714
tRNA-Asn-GTT-4-1|d_arm|part1	19	19	5.064	0.266526	0.266526
tRNA-Asn-GTT-4-1|anticodon_arm|part1	17	17	5.407	0.318059	0.318059
tRNA-Asn-GTT-4-1|anticodon|part1	3	3	0.954	0.318	0.318
tRNA-Asn-GTT-4-1|variable_region|part1	6	6	1.014	0.169	0.169
tRNA-Asn-GTT-4-1|t_arm|part1	17	17	4.333	0.254882	0.254882
tRNA-Asn-GTT-4-1|acceptor_stem_3p|part1	8	8	2.574	0.32175	0.32175
tRNA-Lys-CTT-12-1|acceptor_stem_5p|part1	7	7	-0.736	-0.105143	-0.105143
tRNA-Lys-CTT-12-1|d_arm|part1	19	19	-3.645	-0.191842	-0.191842
tRNA-Lys-CTT-12-1|anticodon_arm|part1	17	17	0.688	0.0404706	0.0404706
tRNA-Lys-CTT-12-1|anticodon|part1	3	3	0.734	0.244667	0.244667
tRNA-Lys-CTT-12-1|variable_region|part1	8	8	-0.151	-0.018875	-0.018875
tRNA-Lys-CTT-12-1|t_arm|part1	17	17	-3.04	-0.178824	-0.178824
tRNA-Lys-CTT-12-1|acceptor_stem_3p|part1	8	8	-0.437	-0.054625	-0.054625
tRNA-Lys-CTT-7-1|acceptor_stem_3p|part1	8	8	-1.754	-0.21925	-0.21925
tRNA-Lys-CTT-7-1|t_arm|part1	17	17	-6.497	-0.382176	-0.382176
tRNA-Lys-CTT-7-1|variable_region|part1	5	5	1.197	0.2394	0.2394
tRNA-Lys-CTT-7-1|anticodon_arm|part1	17	17	3.181	0.187118	0.187118
tRNA-Lys-CTT-7-1|anticodon|part1	3	3	0.8	0.266667	0.266667
tRNA-Lys-CTT-7-1|d_arm|part1	19	19	0.994	0.0523158	0.0523158
tRNA-Lys-CTT-7-1|acceptor_stem_5p|part1	7	7	-1.678	-0.239714	-0.239714
tRNA-Cys-GCA-7-1|acceptor_stem_3p|part1	8	8	0.79	0.09875	0.09875
tRNA-Cys-GCA-7-1|t_arm|part1	17	17	1.634	0.0961176	0.0961176
tRNA-Cys-GCA-7-1|variable_region|part1	5	5	0.348	0.0696	0.0696
tRNA-Cys-GCA-7-1|anticodon_arm|part1	17	17	1.208	0.0710588	0.0710588
tRNA-Cys-GCA-7-1|anticodon|part1	3	3	0.206	0.0686667	0.0686667
tRNA-Cys-GCA-7-1|d_arm|part1	19	19	1.326	0.0697895	0.0697895
tRNA-Cys-GCA-7-1|acceptor_stem_5p|part1	7	7	0.472	0.0674286	0.0674286
tRNA-Arg-TCT-1-1|acceptor_stem_5p|part1	7	7	4.465	0.637857	0.637857
tRNA-Arg-TCT-1-1|d_arm|part1	19	19	12.826	0.675053	0.675053
tRNA-Arg-TCT-1-1|anticodon_arm|part1	11	11	7.343	0.667545	0.667545
tRNA-Arg-TCT-1-1|anticodon|part1	3	3	1.918	0.639333	0.639333
tRNA-Arg-TCT-1-1|intron|part1	12	12	8.138	0.678167	0.678167
tRNA-Arg-TCT-1-1|anticodon_arm|part2	6	6	4.171	0.695167	0.695167
tRNA-Arg-TCT-1-1|variable_region|part1	5	5	3.417	0.6834	0.6834
tRNA-Arg-TCT-1-1|t_arm|part1	17	17	11.014	0.647882	0.647882
tRNA-Arg-TCT-1-1|acceptor_stem_3p|part1	8	8	4.51	0.56375	0.56375
tRNA-Asn-GTT-7-1|acceptor_stem_3p|part1	8	8	-0.466	-0.05825	-0.05825
tRNA-Asn-GTT-7-1|t_arm|part1	17	17	-7.883	-0.463706	-0.463706
tRNA-Asn-GTT-7-1|variable_region|part1	6	6	-1.46	-0.243333	-0.243333
tRNA-Asn-GTT-7-1|anticodon_arm|part1	17	17	1.276	0.0750588	0.0750588
tRNA-Asn-GTT-7-1|anticodon|part1	3	3	0.357	0.119	0.119
tRNA-Asn-GTT-7-1|d_arm|part1	19	19	-0.417	-0.0219474	-0.0219474
tRNA-Asn-GTT-7-1|acceptor_stem_5p|part1	7	7	2.017	0.288143	0.288143
tRNA-Asn-GTT-11-1|acceptor_stem_3p|part1	8	8	1.439	0.179875	0.179875
tRNA-Asn-GTT-11-1|t_arm|part1	17	17	3.286	0.193294	0.193294
tRNA-Asn-GTT-11-1|variable_region|part1	6	6	0.886	0.147667	0.147667
tRNA-Asn-GTT-11-1|anticodon_arm|part1	17	17	3.398	0.199882	0.199882
tRNA-Asn-GTT-11-1|anticodon|part1	3	3	0.984	0.328	0.328
tRNA-Asn-GTT-11-1|d_arm|part1	19	19	1.408	0.0741053	0.0741053
tRNA-Asn-GTT-11-1|acceptor_stem_5p|part1	7	7	2.254	0.322	0.322
tRX-Phe-NNN-2-1|acceptor_stem_3p|part1	8	8	1.421	0.177625	0.177625
tRX-Phe-NNN-2-1|t_arm|part1	17	17	0.894	0.0525882	0.0525882
tRX-Phe-NNN-2-1|variable_region|part1	12	12	-5.895	-0.49125	-0.49125
tRX-Phe-NNN-2-1|anticodon_arm|part1	17	17	-1.541	-0.0906471	-0.0906471
tRX-Phe-NNN-2-1|anticodon|part1	3	3	-1.077	-0.359	-0.359
tRX-Phe-NNN-2-1|d_arm|part1	19	19	1.014	0.0533684	0.0533684
tRX-Phe-NNN-2-1|acceptor_stem_5p|part1	7	7	-16.277	-2.32529	-2.32529
tRNA-Val-CAC-5-1|acceptor_stem_3p|part1	8	8	1.645	0.205625	0.205625
tRNA-Val-CAC-5-1|t_arm|part1	17	17	4.707	0.276882	0.276882
tRNA-Val-CAC-5-1|variable_region|part1	5	5	1.657	0.3314	0.3314
tRNA-Val-CAC-5-1|anticodon_arm|part1	17	17	5.753	0.338412	0.338412
tRNA-Val-CAC-5-1|anticodon|part1	3	3	1.014	0.338	0.338
tRNA-Val-CAC-5-1|d_arm|part1	19	19	6.465	0.340263	0.340263
tRNA-Val-CAC-5-1|acceptor_stem_5p|part1	7	7	2.413	0.344714	0.344714
tRNA-Asn-GTT-27-1|acceptor_stem_3p|part1	8	8	-0.384	-0.048	-0.048
tRNA-Asn-GTT-27-1|t_arm|part1	17	17	-0.535	-0.0314706	-0.0314706
tRNA-Asn-GTT-27-1|variable_region|part1	6	6	-0.484	-0.0806667	-0.0806667
tRNA-Asn-GTT-27-1|anticodon_arm|part1	17	17	0.551	0.0324118	0.0324118
tRNA-Asn-GTT-27-1|anticodon|part1	3	3	1.513	0.504333	0.504333
tRNA-Asn-GTT-27-1|d_arm|part1	19	19	5.7	0.3	0.3
tRNA-Asn-GTT-27-1|acceptor_stem_5p|part1	7	7	1.077	0.153857	0.153857
tRNA-Gln-CTG-11-1|acceptor_stem_5p|part1	7	7	1.148	0.164	0.164
tRNA-Gln-CTG-11-1|d_arm|part1	19	19	1.677	0.0882632	0.0882632
tRNA-Gln-CTG-11-1|anticodon_arm|part1	17	17	0.438	0.0257647	0.0257647
tRNA-Gln-CTG-11-1|anticodon|part1	3	3	0.904	0.301333	0.301333
tRNA-Gln-CTG-11-1|variable_region|part1	4	4	-1.656	-0.414	-0.414
tRNA-Gln-CTG-11-1|t_arm|part1	17	17	-1.685	-0.0991176	-0.0991176
tRNA-Gln-CTG-11-1|acceptor_stem_3p|part1	8	8	1.769	0.221125	0.221125
tRNA-Glu-TTC-7-1|acceptor_stem_3p|part1	8	8	1.724	0.2155	0.2155
tRNA-Glu-TTC-7-1|t_arm|part1	17	17	-8.118	-0.477529	-0.477529
tRNA-Glu-TTC-7-1|variable_region|part1	4	4	-1.724	-0.431	-0.431
tRNA-Glu-TTC-7-1|anticodon_arm|part1	17	17	-12.464	-0.733176	-0.733176
tRNA-Glu-TTC-7-1|anticodon|part1	3	3	-1.727	-0.575667	-0.575667
tRNA-Glu-TTC-7-1|d_arm|part1	19	19	0.739	0.0388947	0.0388947
tRNA-Glu-TTC-7-1|acceptor_stem_5p|part1	7	7	-11.287	-1.61243	-1.61243
tRNA-Gln-CTG-4-2|acceptor_stem_5p|part1	7	7	3.685	0.526429	0.526429
tRNA-Gln-CTG-4-2|d_arm|part1	19	19	7.011	0.369	0.369
tRNA-Gln-CTG-4-2|anticodon_arm|part1	17	17	7.736	0.455059	0.455059
tRNA-Gln-CTG-4-2|anticodon|part1	3	3	1.083	0.361	0.361
tRNA-Gln-CTG-4-2|variable_region|part1	4	4	-2.74	-0.685	-0.685
tRNA-Gln-CTG-4-2|t_arm|part1	17	17	6.017	0.353941	0.353941
tRNA-Gln-CTG-4-2|acceptor_stem_3p|part1	8	8	1.026	0.12825	0.12825
tRNA-Asn-GTT-22-1|acceptor_stem_3p|part1	8	8	-0.246	-0.03075	-0.03075
tRNA-Asn-GTT-22-1|t_arm|part1	17	17	-1.827	-0.107471	-0.107471
tRNA-Asn-GTT-22-1|variable_region|part1	6	6	-0.041	-0.00683333	-0.00683333
tRNA-Asn-GTT-22-1|anticodon_arm|part1	17	17	-0.497	-0.0292353	-0.0292353
tRNA-Asn-GTT-22-1|anticodon|part1	3	3	0.191	0.0636667	0.0636667
tRNA-Asn-GTT-22-1|d_arm|part1	19	19	3.074	0.161789	0.161789
tRNA-Asn-GTT-22-1|acceptor_stem_5p|part1	7	7	1.317	0.188143	0.188143
tRNA-Asn-GTT-6-1|acceptor_stem_3p|part1	8	8	1.81	0.22625	0.22625
tRNA-Asn-GTT-6-1|t_arm|part1	17	17	2.011	0.118294	0.118294
tRNA-Asn-GTT-6-1|variable_region|part1	6	6	2.834	0.472333	0.472333
tRNA-Asn-GTT-6-1|anticodon_arm|part1	17	17	5.999	0.352882	0.352882
tRNA-Asn-GTT-6-1|anticodon|part1	3	3	1.19	0.396667	0.396667
tRNA-Asn-GTT-6-1|d_arm|part1	19	19	1.798	0.0946316	0.0946316
tRNA-Asn-GTT-6-1|acceptor_stem_5p|part1	7	7	2.424	0.346286	0.346286
tRNA-Glu-TTC-10-1|acceptor_stem_3p|part1	8	8	-4.229	-0.528625	-0.528625
tRNA-Glu-TTC-10-1|t_arm|part1	17	17	-3.72	-0.218824	-0.218824
tRNA-Glu-TTC-10-1|variable_region|part1	5	5	-3.729	-0.7458	-0.7458
tRNA-Glu-TTC-10-1|anticodon_arm|part1	17	17	-5.684	-0.334353	-0.334353
tRNA-Glu-TTC-10-1|anticodon|part1	3	3	-1.256	-0.418667	-0.418667
tRNA-Glu-TTC-10-1|d_arm|part1	19	19	2.768	0.145684	0.145684
tRNA-Glu-TTC-10-1|acceptor_stem_5p|part1	7	7	-0.553	-0.079	-0.079
tRNA-Phe-GAA-9-1|acceptor_stem_3p|part1	8	8	2.422	0.30275	0.30275
tRNA-Phe-GAA-9-1|t_arm|part1	17	17	1.215	0.0714706	0.0714706
tRNA-Phe-GAA-9-1|variable_region|part1	12	12	-2.678	-0.223167	-0.223167
tRNA-Phe-GAA-9-1|anticodon_arm|part1	17	17	2.233	0.131353	0.131353
tRNA-Phe-GAA-9-1|anticodon|part1	3	3	0.938	0.312667	0.312667
tRNA-Phe-GAA-9-1|d_arm|part1	19	19	2.775	0.146053	0.146053
tRNA-Phe-GAA-9-1|acceptor_stem_5p|part1	7	7	-12.407	-1.77243	-1.77243
tRNA-Val-CAC-4-1|acceptor_stem_3p|part1	8	8	2.216	0.277	0.277
tRNA-Val-CAC-4-1|t_arm|part1	17	17	3.259	0.191706	0.191706
tRNA-Val-CAC-4-1|variable_region|part1	5	5	1.618	0.3236	0.3236
tRNA-Val-CAC-4-1|anticodon_arm|part1	17	17	5.617	0.330412	0.330412
tRNA-Val-CAC-4-1|anticodon|part1	3	3	0.99	0.33	0.33
tRNA-Val-CAC-4-1|d_arm|part1	19	19	6.312	0.332211	0.332211
tRNA-Val-CAC-4-1|acceptor_stem_5p|part1	7	7	2.356	0.336571	0.336571
tRNA-Asn-GTT-12-1|acceptor_stem_3p|part1	8	8	-0.403	-0.050375	-0.050375
tRNA-Asn-GTT-12-1|t_arm|part1	17	17	0.29	0.0170588	0.0170588
tRNA-Asn-GTT-12-1|variable_region|part1	6	6	-1.728	-0.288	-0.288
tRNA-Asn-GTT-12-1|anticodon_arm|part1	17	17	2.844	0.167294	0.167294
tRNA-Asn-GTT-12-1|anticodon|part1	3	3	1.029	0.343	0.343
tRNA-Asn-GTT-12-1|d_arm|part1	19	19	3.403	0.179105	0.179105
tRNA-Asn-GTT-12-1|acceptor_stem_5p|part1	7	7	2.356	0.336571	0.336571
tRNA-Arg-CCT-7-1|acceptor_stem_3p|part1	8	8	-1.912	-0.239	-0.239
tRNA-Arg-CCT-7-1|t_arm|part1	17	17	3.492	0.205412	0.205412
tRNA-Arg-CCT-7-1|variable_region|part1	3	3	0.912	0.304	0.304
tRNA-Arg-CCT-7-1|anticodon_arm|part1	17	17	1.458	0.0857647	0.0857647
tRNA-Arg-CCT-7-1|anticodon|part1	3	3	0.951	0.317	0.317
tRNA-Arg-CCT-7-1|d_arm|part1	19	19	-0.02	-0.00105263	-0.00105263
tRNA-Arg-CCT-7-1|acceptor_stem_5p|part1	7	7	-2.076	-0.296571	-0.296571
tRNA-Asn-GTT-3-1|acceptor_stem_5p|part1	7	7	0.755	0.107857	0.107857
tRNA-Asn-GTT-3-1|d_arm|part1	19	19	-2.176	-0.114526	-0.114526
tRNA-Asn-GTT-3-1|anticodon_arm|part1	17	17	-1.201	-0.0706471	-0.0706471
tRNA-Asn-GTT-3-1|anticodon|part1	3	3	0.805	0.268333	0.268333
tRNA-Asn-GTT-3-1|variable_region|part1	6	6	-0.547	-0.0911667	-0.0911667
tRNA-Asn-GTT-3-1|t_arm|part1	17	17	-1.441	-0.0847647	-0.0847647
tRNA-Asn-GTT-3-1|acceptor_stem_3p|part1	8	8	-2.229	-0.278625	-0.278625
tRNA-Asn-GTT-2-8|acceptor_stem_3p|part1	8	8	1.522	0.19025	0.19025
tRNA-Asn-GTT-2-8|t_arm|part1	17	17	-3.119	-0.183471	-0.183471
tRNA-Asn-GTT-2-8|variable_region|part1	6	6	1.2	0.2	0.2
tRNA-Asn-GTT-2-8|anticodon_arm|part1	17	17	-3.146	-0.185059	-0.185059
tRNA-Asn-GTT-2-8|anticodon|part1	3	3	0.623	0.207667	0.207667
tRNA-Asn-GTT-2-8|d_arm|part1	19	19	-0.557	-0.0293158	-0.0293158
tRNA-Asn-GTT-2-8|acceptor_stem_5p|part1	7	7	-1.389	-0.198429	-0.198429
tRNA-Asn-GTT-10-1|acceptor_stem_5p|part1	7	7	2.07	0.295714	0.295714
tRNA-Asn-GTT-10-1|d_arm|part1	19	19	2.782	0.146421	0.146421
tRNA-Asn-GTT-10-1|anticodon_arm|part1	17	17	2.259	0.132882	0.132882
tRNA-Asn-GTT-10-1|anticodon|part1	3	3	0.911	0.303667	0.303667
tRNA-Asn-GTT-10-1|variable_region|part1	6	6	-0.055	-0.00916667	-0.00916667
tRNA-Asn-GTT-10-1|t_arm|part1	17	17	-0.502	-0.0295294	-0.0295294
tRNA-Asn-GTT-10-1|acceptor_stem_3p|part1	8	8	-0.253	-0.031625	-0.031625
tRNA-Val-CAC-14-1|acceptor_stem_5p|part1	7	7	1.133	0.161857	0.161857
tRNA-Val-CAC-14-1|d_arm|part1	19	19	3.251	0.171105	0.171105
tRNA-Val-CAC-14-1|anticodon_arm|part1	17	17	2.301	0.135353	0.135353
tRNA-Val-CAC-14-1|anticodon|part1	3	3	0.919	0.306333	0.306333
tRNA-Val-CAC-14-1|variable_region|part1	5	5	0.576	0.1152	0.1152
tRNA-Val-CAC-14-1|t_arm|part1	17	17	1.081	0.0635882	0.0635882
tRNA-Val-CAC-14-1|acceptor_stem_3p|part1	8	8	0.529	0.066125	0.066125
tRX-Phe-NNN-1-1|acceptor_stem_5p|part1	7	7	-9.43	-1.34714	-1.34714
tRX-Phe-NNN-1-1|d_arm|part1	19	19	1.464	0.0770526	0.0770526
tRX-Phe-NNN-1-1|anticodon_arm|part1	17	17	0.539	0.0317059	0.0317059
tRX-Phe-NNN-1-1|anticodon|part1	3	3	0.881	0.293667	0.293667
tRX-Phe-NNN-1-1|variable_region|part1	12	12	-4.257	-0.35475	-0.35475
tRX-Phe-NNN-1-1|t_arm|part1	17	17	-2.796	-0.164471	-0.164471
tRX-Phe-NNN-1-1|acceptor_stem_3p|part1	8	8	2.507	0.313375	0.313375
tRNA-Glu-TTC-10-2|acceptor_stem_5p|part1	7	7	-4.407	-0.629571	-0.629571
tRNA-Glu-TTC-10-2|d_arm|part1	19	19	-0.333	-0.0175263	-0.0175263
tRNA-Glu-TTC-10-2|anticodon_arm|part1	17	17	-13.772	-0.810118	-0.810118
tRNA-Glu-TTC-10-2|anticodon|part1	3	3	-0.624	-0.208	-0.208
tRNA-Glu-TTC-10-2|variable_region|part1	5	5	-6.648	-1.3296	-1.3296
tRNA-Glu-TTC-10-2|t_arm|part1	17	17	-13.136	-0.772706	-0.772706
tRNA-Glu-TTC-10-2|acceptor_stem_3p|part1	8	8	-4.169	-0.521125	-0.521125
tRNA-Asn-GTT-2-7|acceptor_stem_5p|part1	7	7	2.707	0.386714	0.386714
tRNA-Asn-GTT-2-7|d_arm|part1	19	19	4.929	0.259421	0.259421
tRNA-Asn-GTT-2-7|anticodon_arm|part1	17	17	6.748	0.396941	0.396941
tRNA-Asn-GTT-2-7|anticodon|part1	3	3	1.193	0.397667	0.397667
tRNA-Asn-GTT-2-7|variable_region|part1	6	6	2.48	0.413333	0.413333
tRNA-Asn-GTT-2-7|t_arm|part1	17	17	5.663	0.333118	0.333118
tRNA-Asn-GTT-2-7|acceptor_stem_3p|part1	8	8	3.202	0.40025	0.40025
tRX-Gly-NNN-3-1|acceptor_stem_5p|part1	7	7	0.764	0.109143	0.109143
tRX-Gly-NNN-3-1|d_arm|part1	19	19	-3.541	-0.186368	-0.186368
tRX-Gly-NNN-3-1|anticodon_arm|part1	17	17	-8.375	-0.492647	-0.492647
tRX-Gly-NNN-3-1|anticodon|part1	3	3	0.299	0.0996667	0.0996667
tRX-Gly-NNN-3-1|variable_region|part1	3	3	-3.138	-1.046	-1.046
tRX-Gly-NNN-3-1|t_arm|part1	17	17	-5.74	-0.337647	-0.337647
tRX-Gly-NNN-3-1|acceptor_stem_3p|part1	8	8	2.395	0.299375	0.299375
tRNA-Gln-CTG-3-1|acceptor_stem_5p|part1	7	7	0.468	0.0668571	0.0668571
tRNA-Gln-CTG-3-1|d_arm|part1	19	19	3.411	0.179526	0.179526
tRNA-Gln-CTG-3-1|anticodon_arm|part1	17	17	3.989	0.234647	0.234647
tRNA-Gln-CTG-3-1|anticodon|part1	3	3	0.683	0.227667	0.227667
tRNA-Gln-CTG-3-1|variable_region|part1	4	4	-0.207	-0.05175	-0.05175
tRNA-Gln-CTG-3-1|t_arm|part1	17	17	3.941	0.231824	0.231824
tRNA-Gln-CTG-3-1|acceptor_stem_3p|part1	8	8	1.888	0.236	0.236
tRNA-Asn-GTT-9-1|acceptor_stem_3p|part1	8	8	0.867	0.108375	0.108375
tRNA-Asn-GTT-9-1|t_arm|part1	17	17	-0.458	-0.0269412	-0.0269412
tRNA-Asn-GTT-9-1|variable_region|part1	6	6	-1.662	-0.277	-0.277
tRNA-Asn-GTT-9-1|anticodon_arm|part1	17	17	-0.39	-0.0229412	-0.0229412
tRNA-Asn-GTT-9-1|anticodon|part1	3	3	-0.417	-0.139	-0.139
tRNA-Asn-GTT-9-1|d_arm|part1	19	19	-0.655	-0.0344737	-0.0344737
tRNA-Asn-GTT-9-1|acceptor_stem_5p|part1	7	7	1.804	0.257714	0.257714
tRNA-Glu-CTC-1-1|acceptor_stem_5p|part1	7	7	3.326	0.475143	0.475143
tRNA-Glu-CTC-1-1|d_arm|part1	19	19	8.767	0.461421	0.461421
tRNA-Glu-CTC-1-1|anticodon_arm|part1	17	17	8.062	0.474235	0.474235
tRNA-Glu-CTC-1-1|anticodon|part1	3	3	1.385	0.461667	0.461667
tRNA-Glu-CTC-1-1|variable_region|part1	4	4	1.894	0.4735	0.4735
tRNA-Glu-CTC-1-1|t_arm|part1	17	17	8.211	0.483	0.483
tRNA-Glu-CTC-1-1|acceptor_stem_3p|part1	8	8	3.312	0.414	0.414
tRNA-Gly-TCC-2-1|acceptor_stem_5p|part1	7	7	4.611	0.658714	0.658714
tRNA-Gly-TCC-2-1|d_arm|part1	19	19	12.983	0.683316	0.683316
tRNA-Gly-TCC-2-1|anticodon_arm|part1	17	17	11.127	0.654529	0.654529
tRNA-Gly-TCC-2-1|anticodon|part1	3	3	1.847	0.615667	0.615667
tRNA-Gly-TCC-2-1|variable_region|part1	4	4	2.672	0.668	0.668
tRNA-Gly-TCC-2-1|t_arm|part1	17	17	10.969	0.645235	0.645235
tRNA-Gly-TCC-2-1|acceptor_stem_3p|part1	8	8	5.293	0.661625	0.661625
tRNA-His-GTG-1-1|acceptor_stem_5p|part1	7	7	4.621	0.660143	0.660143
tRNA-His-GTG-1-1|d_arm|part1	19	19	12.848	0.676211	0.676211
tRNA-His-GTG-1-1|anticodon_arm|part1	17	17	11.043	0.649588	0.649588
tRNA-His-GTG-1-1|anticodon|part1	3	3	1.997	0.665667	0.665667
tRNA-His-GTG-1-1|variable_region|part1	4	4	2.678	0.6695	0.6695
tRNA-His-GTG-1-1|t_arm|part1	17	17	11.169	0.657	0.657
tRNA-His-GTG-1-1|acceptor_stem_3p|part1	8	8	5.263	0.657875	0.657875
tRNA-Lys-CTT-2-1|acceptor_stem_5p|part1	7	7	4.386	0.626571	0.626571
tRNA-Lys-CTT-2-1|d_arm|part1	19	19	12.777	0.672474	0.672474
tRNA-Lys-CTT-2-1|anticodon_arm|part1	17	17	11.415	0.671471	0.671471
tRNA-Lys-CTT-2-1|anticodon|part1	3	3	1.912	0.637333	0.637333
tRNA-Lys-CTT-2-1|variable_region|part1	5	5	3.263	0.6526	0.6526
tRNA-Lys-CTT-2-1|t_arm|part1	17	17	11.059	0.650529	0.650529
tRNA-Lys-CTT-2-1|acceptor_stem_3p|part1	8	8	5.262	0.65775	0.65775
tRNA-Asn-GTT-24-1|acceptor_stem_5p|part1	7	7	-1.935	-0.276429	-0.276429
tRNA-Asn-GTT-24-1|d_arm|part1	19	19	1.113	0.0585789	0.0585789
tRNA-Asn-GTT-24-1|anticodon_arm|part1	17	17	-2.53	-0.148824	-0.148824
tRNA-Asn-GTT-24-1|anticodon|part1	3	3	0.743	0.247667	0.247667
tRNA-Asn-GTT-24-1|variable_region|part1	6	6	0.477	0.0795	0.0795
tRNA-Asn-GTT-24-1|t_arm|part1	17	17	-6.206	-0.365059	-0.365059
tRNA-Asn-GTT-24-1|acceptor_stem_3p|part1	8	8	0.882	0.11025	0.11025
tRNA-Gly-CCC-8-1|acceptor_stem_5p|part1	7	7	-0.524	-0.0748571	-0.0748571
tRNA-Gly-CCC-8-1|d_arm|part1	19	19	-3.167	-0.166684	-0.166684
tRNA-Gly-CCC-8-1|anticodon_arm|part1	17	17	-3.355	-0.197353	-0.197353
tRNA-Gly-CCC-8-1|anticodon|part1	3	3	1.074	0.358	0.358
tRNA-Gly-CCC-8-1|variable_region|part1	3	3	-0.386	-0.128667	-0.128667
tRNA-Gly-CCC-8-1|t_arm|part1	17	17	-5.388	-0.316941	-0.316941
tRNA-Gly-CCC-8-1|acceptor_stem_3p|part1	8	8	-2.311	-0.288875	-0.288875
tRNA-His-GTG-1-2|acceptor_stem_5p|part1	7	7	1.491	0.213	0.213
tRNA-His-GTG-1-2|d_arm|part1	19	19	6.579	0.346263	0.346263
tRNA-His-GTG-1-2|anticodon_arm|part1	17	17	4.749	0.279353	0.279353
tRNA-His-GTG-1-2|anticodon|part1	3	3	1.029	0.343	0.343
tRNA-His-GTG-1-2|variable_region|part1	4	4	0.435	0.10875	0.10875
tRNA-His-GTG-1-2|t_arm|part1	17	17	5.769	0.339353	0.339353
tRNA-His-GTG-1-2|acceptor_stem_3p|part1	8	8	2.718	0.33975	0.33975
tRNA-Arg-CCT-6-1|acceptor_stem_5p|part1	7	7	1.254	0.179143	0.179143
tRNA-Arg-CCT-6-1|d_arm|part1	19	19	-3.661	-0.192684	-0.192684
tRNA-Arg-CCT-6-1|anticodon_arm|part1	17	17	-6.494	-0.382	-0.382
tRNA-Arg-CCT-6-1|anticodon|part1	3	3	-0.766	-0.255333	-0.255333
tRNA-Arg-CCT-6-1|variable_region|part1	3	3	0.548	0.182667	0.182667
tRNA-Arg-CCT-6-1|t_arm|part1	17	17	-3.77	-0.221765	-0.221765
tRNA-Arg-CCT-6-1|acceptor_stem_3p|part1	8	8	-0.267	-0.033375	-0.033375
tRX-Gly-NNN-1-2|acceptor_stem_5p|part1	7	7	0.179	0.0255714	0.0255714
tRX-Gly-NNN-1-2|d_arm|part1	19	19	1.682	0.0885263	0.0885263
tRX-Gly-NNN-1-2|anticodon_arm|part1	17	17	0.062	0.00364706	0.00364706
tRX-Gly-NNN-1-2|anticodon|part1	3	3	1.278	0.426	0.426
tRX-Gly-NNN-1-2|variable_region|part1	3	3	1.324	0.441333	0.441333
tRX-Gly-NNN-1-2|t_arm|part1	17	17	-5.175	-0.304412	-0.304412
tRX-Gly-NNN-1-2|acceptor_stem_3p|part1	8	8	1.494	0.18675	0.18675
tRNA-Gln-CTG-3-2|acceptor_stem_5p|part1	7	7	2.816	0.402286	0.402286
tRNA-Gln-CTG-3-2|d_arm|part1	19	19	6.932	0.364842	0.364842
tRNA-Gln-CTG-3-2|anticodon_arm|part1	17	17	6.907	0.406294	0.406294
tRNA-Gln-CTG-3-2|anticodon|part1	3	3	1.181	0.393667	0.393667
tRNA-Gln-CTG-3-2|variable_region|part1	4	4	-0.719	-0.17975	-0.17975
tRNA-Gln-CTG-3-2|t_arm|part1	17	17	4.155	0.244412	0.244412
tRNA-Gln-CTG-3-2|acceptor_stem_3p|part1	8	8	-0.262	-0.03275	-0.03275
tRNA-Asn-GTT-9-2|acceptor_stem_3p|part1	8	8	-0.377	-0.047125	-0.047125
tRNA-Asn-GTT-9-2|t_arm|part1	17	17	-3.142	-0.184824	-0.184824
tRNA-Asn-GTT-9-2|variable_region|part1	6	6	-0.808	-0.134667	-0.134667
tRNA-Asn-GTT-9-2|anticodon_arm|part1	17	17	-3.625	-0.213235	-0.213235
tRNA-Asn-GTT-9-2|anticodon|part1	3	3	-0.636	-0.212	-0.212
tRNA-Asn-GTT-9-2|d_arm|part1	19	19	-3.829	-0.201526	-0.201526
tRNA-Asn-GTT-9-2|acceptor_stem_5p|part1	7	7	1.742	0.248857	0.248857
tRX-Gly-NNN-2-1|acceptor_stem_3p|part1	8	8	-4.82	-0.6025	-0.6025
tRX-Gly-NNN-2-1|t_arm|part1	17	17	-11.611	-0.683	-0.683
tRX-Gly-NNN-2-1|variable_region|part1	4	4	-0.13	-0.0325	-0.0325
tRX-Gly-NNN-2-1|anticodon_arm|part1	17	17	-7.555	-0.444412	-0.444412
tRX-Gly-NNN-2-1|anticodon|part1	3	3	0.717	0.239	0.239
tRX-Gly-NNN-2-1|d_arm|part1	19	19	-9.29	-0.488947	-0.488947
tRX-Gly-NNN-2-1|acceptor_stem_5p|part1	7	7	-1.913	-0.273286	-0.273286
tRNA-Gln-CTG-4-1|acceptor_stem_3p|part1	8	8	1.848	0.231	0.231
tRNA-Gln-CTG-4-1|t_arm|part1	17	17	1.432	0.0842353	0.0842353
tRNA-Gln-CTG-4-1|variable_region|part1	4	4	-2.743	-0.68575	-0.68575
tRNA-Gln-CTG-4-1|anticodon_arm|part1	17	17	3.928	0.231059	0.231059
tRNA-Gln-CTG-4-1|anticodon|part1	3	3	0.696	0.232	0.232
tRNA-Gln-CTG-4-1|d_arm|part1	19	19	3.158	0.166211	0.166211
tRNA-Gln-CTG-4-1|acceptor_stem_5p|part1	7	7	1.62	0.231429	0.231429
tRNA-His-GTG-1-3|acceptor_stem_5p|part1	7	7	1.804	0.257714	0.257714
tRNA-His-GTG-1-3|d_arm|part1	19	19	7.563	0.398053	0.398053
tRNA-His-GTG-1-3|anticodon_arm|part1	17	17	4.555	0.267941	0.267941
tRNA-His-GTG-1-3|anticodon|part1	3	3	0.677	0.225667	0.225667
tRNA-His-GTG-1-3|variable_region|part1	4	4	0.908	0.227	0.227
tRNA-His-GTG-1-3|t_arm|part1	17	17	3.797	0.223353	0.223353
tRNA-His-GTG-1-3|acceptor_stem_3p|part1	8	8	0.599	0.074875	0.074875
tRNA-His-GTG-1-4|acceptor_stem_3p|part1	8	8	0.346	0.04325	0.04325
tRNA-His-GTG-1-4|t_arm|part1	17	17	5.415	0.318529	0.318529
tRNA-His-GTG-1-4|variable_region|part1	4	4	0.086	0.0215	0.0215
tRNA-His-GTG-1-4|anticodon_arm|part1	17	17	4.797	0.282176	0.282176
tRNA-His-GTG-1-4|anticodon|part1	3	3	1.41	0.47	0.47
tRNA-His-GTG-1-4|d_arm|part1	19	19	3.229	0.169947	0.169947
tRNA-His-GTG-1-4|acceptor_stem_5p|part1	7	7	-0.96	-0.137143	-0.137143
tRNA-Glu-TTC-6-1|acceptor_stem_3p|part1	8	8	1.29	0.16125	0.16125
tRNA-Glu-TTC-6-1|t_arm|part1	17	17	-6.061	-0.356529	-0.356529
tRNA-Glu-TTC-6-1|variable_region|part1	4	4	-3.311	-0.82775	-0.82775
tRNA-Glu-TTC-6-1|anticodon_arm|part1	17	17	-11.656	-0.685647	-0.685647
tRNA-Glu-TTC-6-1|anticodon|part1	3	3	0.78	0.26	0.26
tRNA-Glu-TTC-6-1|d_arm|part1	19	19	4.837	0.254579	0.254579
tRNA-Glu-TTC-6-1|acceptor_stem_5p|part1	7	7	-0.275	-0.0392857	-0.0392857
tRNA-Gln-CTG-7-1|acceptor_stem_5p|part1	7	7	0.725	0.103571	0.103571
tRNA-Gln-CTG-7-1|d_arm|part1	19	19	1.446	0.0761053	0.0761053
tRNA-Gln-CTG-7-1|anticodon_arm|part1	17	17	2.071	0.121824	0.121824
tRNA-Gln-CTG-7-1|anticodon|part1	3	3	0.731	0.243667	0.243667
tRNA-Gln-CTG-7-1|variable_region|part1	4	4	-2.997	-0.74925	-0.74925
tRNA-Gln-CTG-7-1|t_arm|part1	17	17	0.622	0.0365882	0.0365882
tRNA-Gln-CTG-7-1|acceptor_stem_3p|part1	8	8	-0.053	-0.006625	-0.006625
tRNA-Gln-CTG-9-1|acceptor_stem_5p|part1	7	7	-1.015	-0.145	-0.145
tRNA-Gln-CTG-9-1|d_arm|part1	19	19	-14.288	-0.752	-0.752
tRNA-Gln-CTG-9-1|anticodon_arm|part1	17	17	-6.502	-0.382471	-0.382471
tRNA-Gln-CTG-9-1|anticodon|part1	3	3	-3.197	-1.06567	-1.06567
tRNA-Gln-CTG-9-1|variable_region|part1	4	4	-3.54	-0.885	-0.885
tRNA-Gln-CTG-9-1|t_arm|part1	17	17	-6.054	-0.356118	-0.356118
tRNA-Gln-CTG-9-1|acceptor_stem_3p|part1	8	8	-4.929	-0.616125	-0.616125
tRNA-Asn-GTT-21-1|acceptor_stem_3p|part1	8	8	-4.197	-0.524625	-0.524625
tRNA-Asn-GTT-21-1|t_arm|part1	17	17	-7.5	-0.441176	-0.441176
tRNA-Asn-GTT-21-1|variable_region|part1	6	6	-1.835	-0.305833	-0.305833
tRNA-Asn-GTT-21-1|anticodon_arm|part1	17	17	-3.815	-0.224412	-0.224412
tRNA-Asn-GTT-21-1|anticodon|part1	3	3	-0.046	-0.0153333	-0.0153333
tRNA-Asn-GTT-21-1|d_arm|part1	19	19	-1.186	-0.0624211	-0.0624211
tRNA-Asn-GTT-21-1|acceptor_stem_5p|part1	7	7	0.529	0.0755714	0.0755714
tRNA-Asn-GTT-2-1|acceptor_stem_5p|part1	7	7	1.669	0.238429	0.238429
tRNA-Asn-GTT-2-1|d_arm|part1	19	19	5.306	0.279263	0.279263
tRNA-Asn-GTT-2-1|anticodon_arm|part1	17	17	1.697	0.0998235	0.0998235
tRNA-Asn-GTT-2-1|anticodon|part1	3	3	0.269	0.0896667	0.0896667
tRNA-Asn-GTT-2-1|variable_region|part1	6	6	2.368	0.394667	0.394667
tRNA-Asn-GTT-2-1|t_arm|part1	17	17	5.417	0.318647	0.318647
tRNA-Asn-GTT-2-1|acceptor_stem_3p|part1	8	8	3.062	0.38275	0.38275
tRNA-Asn-GTT-25-1|acceptor_stem_3p|part1	8	8	-1.563	-0.195375	-0.195375
tRNA-Asn-GTT-25-1|t_arm|part1	17	17	-2.576	-0.151529	-0.151529
tRNA-Asn-GTT-25-1|variable_region|part1	7	7	1.435	0.205	0.205
tRNA-Asn-GTT-25-1|anticodon_arm|part1	17	17	-2.87	-0.168824	-0.168824
tRNA-Asn-GTT-25-1|anticodon|part1	3	3	0.64	0.213333	0.213333
tRNA-Asn-GTT-25-1|d_arm|part1	19	19	0.125	0.00657895	0.00657895
tRNA-Asn-GTT-25-1|acceptor_stem_5p|part1	7	7	1.467	0.209571	0.209571
tRNA-Asn-GTT-16-5|acceptor_stem_5p|part1	7	7	0.032	0.00457143	0.00457143
tRNA-Asn-GTT-16-5|d_arm|part1	19	19	-5.729	-0.301526	-0.301526
tRNA-Asn-GTT-16-5|anticodon_arm|part1	17	17	-7.53	-0.442941	-0.442941
tRNA-Asn-GTT-16-5|anticodon|part1	3	3	-0.718	-0.239333	-0.239333
tRNA-Asn-GTT-16-5|variable_region|part1	6	6	-0.612	-0.102	-0.102
tRNA-Asn-GTT-16-5|t_arm|part1	17	17	-2.052	-0.120706	-0.120706
tRNA-Asn-GTT-16-5|acceptor_stem_3p|part1	8	8	-3.439	-0.429875	-0.429875
tRNA-Asn-GTT-11-2|acceptor_stem_3p|part1	8	8	1.763	0.220375	0.220375
tRNA-Asn-GTT-11-2|t_arm|part1	17	17	4.919	0.289353	0.289353
tRNA-Asn-GTT-11-2|variable_region|part1	6	6	0.29	0.0483333	0.0483333
tRNA-Asn-GTT-11-2|anticodon_arm|part1	17	17	4.133	0.243118	0.243118
tRNA-Asn-GTT-11-2|anticodon|part1	3	3	1.092	0.364	0.364
tRNA-Asn-GTT-11-2|d_arm|part1	19	19	-0.103	-0.00542106	-0.00542106
tRNA-Asn-GTT-11-2|acceptor_stem_5p|part1	7	7	2.499	0.357	0.357
tRNA-Glu-TTC-8-1|acceptor_stem_3p|part1	8	8	-4.16	-0.52	-0.52
tRNA-Glu-TTC-8-1|t_arm|part1	17	17	-3.696	-0.217412	-0.217412
tRNA-Glu-TTC-8-1|variable_region|part1	5	5	-3.719	-0.7438	-0.7438
tRNA-Glu-TTC-8-1|anticodon_arm|part1	17	17	-5.884	-0.346118	-0.346118
tRNA-Glu-TTC-8-1|anticodon|part1	3	3	-0.188	-0.0626667	-0.0626667
tRNA-Glu-TTC-8-1|d_arm|part1	19	19	1.73	0.0910526	0.0910526
tRNA-Glu-TTC-8-1|acceptor_stem_5p|part1	7	7	-1.342	-0.191714	-0.191714
tRNA-Phe-GAA-10-1|acceptor_stem_3p|part1	8	8	4.315	0.539375	0.539375
tRNA-Phe-GAA-10-1|t_arm|part1	17	17	0.989	0.0581765	0.0581765
tRNA-Phe-GAA-10-1|variable_region|part1	12	12	-2.334	-0.1945	-0.1945
tRNA-Phe-GAA-10-1|anticodon_arm|part1	17	17	6.426	0.378	0.378
tRNA-Phe-GAA-10-1|anticodon|part1	3	3	1.676	0.558667	0.558667
tRNA-Phe-GAA-10-1|d_arm|part1	19	19	4.701	0.247421	0.247421
tRNA-Phe-GAA-10-1|acceptor_stem_5p|part1	7	7	-14.738	-2.10543	-2.10543
tRX-Val-NNN-4-1|acceptor_stem_3p|part1	8	8	0.385	0.048125	0.048125
tRX-Val-NNN-4-1|t_arm|part1	17	17	2.185	0.128529	0.128529
tRX-Val-NNN-4-1|variable_region|part1	3	3	0.458	0.152667	0.152667
tRX-Val-NNN-4-1|anticodon_arm|part1	17	17	-1.984	-0.116706	-0.116706
tRX-Val-NNN-4-1|anticodon|part1	3	3	-0.191	-0.0636667	-0.0636667
tRX-Val-NNN-4-1|d_arm|part1	19	19	-1.771	-0.0932105	-0.0932105
tRX-Val-NNN-4-1|acceptor_stem_5p|part1	7	7	0.154	0.022	0.022
tRNA-Val-CAC-1-7|acceptor_stem_3p|part1	8	8	2.108	0.2635	0.2635
tRNA-Val-CAC-1-7|t_arm|part1	17	17	7.188	0.422824	0.422824
tRNA-Val-CAC-1-7|variable_region|part1	5	5	2.365	0.473	0.473
tRNA-Val-CAC-1-7|anticodon_arm|part1	17	17	8.213	0.483118	0.483118
tRNA-Val-CAC-1-7|anticodon|part1	3	3	1.446	0.482	0.482
tRNA-Val-CAC-1-7|d_arm|part1	19	19	9.245	0.486579	0.486579
tRNA-Val-CAC-1-7|acceptor_stem_5p|part1	7	7	3.449	0.492714	0.492714
tRNA-Asn-GTT-8-1|acceptor_stem_3p|part1	8	8	1.053	0.131625	0.131625
tRNA-Asn-GTT-8-1|t_arm|part1	17	17	4.524	0.266118	0.266118
tRNA-Asn-GTT-8-1|variable_region|part1	6	6	0.538	0.0896667	0.0896667
tRNA-Asn-GTT-8-1|anticodon_arm|part1	17	17	3.327	0.195706	0.195706
tRNA-Asn-GTT-8-1|anticodon|part1	3	3	1.824	0.608	0.608
tRNA-Asn-GTT-8-1|d_arm|part1	19	19	8.503	0.447526	0.447526
tRNA-Asn-GTT-8-1|acceptor_stem_5p|part1	7	7	1.344	0.192	0.192
tRNA-iMet-CAT-1-1|acceptor_stem_5p|part1	7	7	4.793	0.684714	0.684714
tRNA-iMet-CAT-1-1|d_arm|part1	19	19	12.415	0.653421	0.653421
tRNA-iMet-CAT-1-1|anticodon_arm|part1	17	17	11.172	0.657176	0.657176
tRNA-iMet-CAT-1-1|anticodon|part1	3	3	2.131	0.710333	0.710333
tRNA-iMet-CAT-1-1|variable_region|part1	4	4	2.562	0.6405	0.6405
tRNA-iMet-CAT-1-1|t_arm|part1	17	17	11.389	0.669941	0.669941
tRNA-iMet-CAT-1-1|acceptor_stem_3p|part1	8	8	5.116	0.6395	0.6395
tRNA-Arg-TCT-4-1|acceptor_stem_3p|part1	8	8	5.224	0.653	0.653
tRNA-Arg-TCT-4-1|t_arm|part1	17	17	11.182	0.657765	0.657765
tRNA-Arg-TCT-4-1|variable_region|part1	6	6	3.974	0.662333	0.662333
tRNA-Arg-TCT-4-1|anticodon_arm|part1	17	17	11.617	0.683353	0.683353
tRNA-Arg-TCT-4-1|anticodon|part1	3	3	2.188	0.729333	0.729333
tRNA-Arg-TCT-4-1|d_arm|part1	19	19	12.344	0.649684	0.649684
tRNA-Arg-TCT-4-1|acceptor_stem_5p|part1	7	7	4.818	0.688286	0.688286
tRNA-Val-CAC-1-1|acceptor_stem_3p|part1	8	8	4.6	0.575	0.575
tRNA-Val-CAC-1-1|t_arm|part1	17	17	8.279	0.487	0.487
tRNA-Val-CAC-1-1|variable_region|part1	5	5	2.908	0.5816	0.5816
tRNA-Val-CAC-1-1|anticodon_arm|part1	17	17	8.544	0.502588	0.502588
tRNA-Val-CAC-1-1|anticodon|part1	3	3	1.779	0.593	0.593
tRNA-Val-CAC-1-1|d_arm|part1	19	19	11.375	0.598684	0.598684
tRNA-Val-CAC-1-1|acceptor_stem_5p|part1	7	7	2.677	0.382429	0.382429
tRNA-Und-NNN-3-1|acceptor_stem_5p|part1	7	7	0.951	0.135857	0.135857
tRNA-Und-NNN-3-1|d_arm|part1	19	19	6.669	0.351	0.351
tRNA-Und-NNN-3-1|anticodon_arm|part1	17	17	-1.625	-0.0955882	-0.0955882
tRNA-Und-NNN-3-1|anticodon|part1	3	3	0.752	0.250667	0.250667
tRNA-Und-NNN-3-1|variable_region|part1	5	5	-5.775	-1.155	-1.155
tRNA-Und-NNN-3-1|t_arm|part1	17	17	-3.017	-0.177471	-0.177471
tRNA-Und-NNN-3-1|acceptor_stem_3p|part1	8	8	0.858	0.10725	0.10725
tRNA-Glu-TTC-4-2|acceptor_stem_3p|part1	8	8	2.471	0.308875	0.308875
tRNA-Glu-TTC-4-2|t_arm|part1	17	17	6.433	0.378412	0.378412
tRNA-Glu-TTC-4-2|variable_region|part1	4	4	-0.43	-0.1075	-0.1075
tRNA-Glu-TTC-4-2|anticodon_arm|part1	17	17	0.632	0.0371765	0.0371765
tRNA-Glu-TTC-4-2|anticodon|part1	3	3	1.701	0.567	0.567
tRNA-Glu-TTC-4-2|d_arm|part1	19	19	9.204	0.484421	0.484421
tRNA-Glu-TTC-4-2|acceptor_stem_5p|part1	7	7	3.695	0.527857	0.527857
tRNA-Asn-GTT-2-2|acceptor_stem_3p|part1	8	8	3.806	0.47575	0.47575
tRNA-Asn-GTT-2-2|t_arm|part1	17	17	7.777	0.457471	0.457471
tRNA-Asn-GTT-2-2|variable_region|part1	6	6	2.86	0.476667	0.476667
tRNA-Asn-GTT-2-2|anticodon_arm|part1	17	17	8.788	0.516941	0.516941
tRNA-Asn-GTT-2-2|anticodon|part1	3	3	1.904	0.634667	0.634667
tRNA-Asn-GTT-2-2|d_arm|part1	19	19	9.802	0.515895	0.515895
tRNA-Asn-GTT-2-2|acceptor_stem_5p|part1	7	7	3.562	0.508857	0.508857
tRNA-Gly-TCC-4-1|acceptor_stem_3p|part1	8	8	2.679	0.334875	0.334875
tRNA-Gly-TCC-4-1|t_arm|part1	17	17	5.833	0.343118	0.343118
tRNA-Gly-TCC-4-1|variable_region|part1	4	4	1.787	0.44675	0.44675
tRNA-Gly-TCC-4-1|anticodon_arm|part1	17	17	5.927	0.348647	0.348647
tRNA-Gly-TCC-4-1|anticodon|part1	3	3	1.392	0.464	0.464
tRNA-Gly-TCC-4-1|d_arm|part1	19	19	8.445	0.444474	0.444474
tRNA-Gly-TCC-4-1|acceptor_stem_5p|part1	7	7	3.043	0.434714	0.434714
tRNA-Asp-GTC-2-1|acceptor_stem_3p|part1	8	8	-2.338	-0.29225	-0.29225
tRNA-Asp-GTC-2-1|t_arm|part1	17	17	-0.98	-0.057647	-0.057647
tRNA-Asp-GTC-2-1|variable_region|part1	4	4	0.971	0.24275	0.24275
tRNA-Asp-GTC-2-1|anticodon_arm|part1	17	17	6.623	0.389588	0.389588
tRNA-Asp-GTC-2-1|anticodon|part1	3	3	1.371	0.457	0.457
tRNA-Asp-GTC-2-1|d_arm|part1	19	19	5.812	0.305895	0.305895
tRNA-Asp-GTC-2-1|acceptor_stem_5p|part1	7	7	0.662	0.0945714	0.0945714
tRNA-Leu-CAG-1-1|acceptor_stem_5p|part1	7	7	1.526	0.218	0.218
tRNA-Leu-CAG-1-1|d_arm|part1	19	19	2.526	0.132947	0.132947
tRNA-Leu-CAG-1-1|anticodon_arm|part1	17	17	5.147	0.302765	0.302765
tRNA-Leu-CAG-1-1|anticodon|part1	3	3	1.38	0.46	0.46
tRNA-Leu-CAG-1-1|variable_region|part1	15	15	1.744	0.116267	0.116267
tRNA-Leu-CAG-1-1|t_arm|part1	17	17	5.998	0.352824	0.352824
tRNA-Leu-CAG-1-1|acceptor_stem_3p|part1	8	8	3.733	0.466625	0.466625
tRNA-Gly-GCC-1-1|acceptor_stem_5p|part1	7	7	3.851	0.550143	0.550143
tRNA-Gly-GCC-1-1|d_arm|part1	19	19	10.537	0.554579	0.554579
tRNA-Gly-GCC-1-1|anticodon_arm|part1	17	17	9.047	0.532176	0.532176
tRNA-Gly-GCC-1-1|anticodon|part1	3	3	1.594	0.531333	0.531333
tRNA-Gly-GCC-1-1|variable_region|part1	3	3	1.592	0.530667	0.530667
tRNA-Gly-GCC-1-1|t_arm|part1	17	17	8.205	0.482647	0.482647
tRNA-Gly-GCC-1-1|acceptor_stem_3p|part1	8	8	3.453	0.431625	0.431625
tRNA-Glu-CTC-1-2|acceptor_stem_3p|part1	8	8	1.184	0.148	0.148
tRNA-Glu-CTC-1-2|t_arm|part1	17	17	5.612	0.330118	0.330118
tRNA-Glu-CTC-1-2|variable_region|part1	4	4	-1.172	-0.293	-0.293
tRNA-Glu-CTC-1-2|anticodon_arm|part1	17	17	4.515	0.265588	0.265588
tRNA-Glu-CTC-1-2|anticodon|part1	3	3	0.933	0.311	0.311
tRNA-Glu-CTC-1-2|d_arm|part1	19	19	9.083	0.478053	0.478053
tRNA-Glu-CTC-1-2|acceptor_stem_5p|part1	7	7	3.142	0.448857	0.448857
tRNA-Gly-TCC-2-2|acceptor_stem_3p|part1	8	8	3.605	0.450625	0.450625
tRNA-Gly-TCC-2-2|t_arm|part1	17	17	8.651	0.508882	0.508882
tRNA-Gly-TCC-2-2|variable_region|part1	4	4	2.249	0.56225	0.56225
tRNA-Gly-TCC-2-2|anticodon_arm|part1	17	17	8.895	0.523235	0.523235
tRNA-Gly-TCC-2-2|anticodon|part1	3	3	1.794	0.598	0.598
tRNA-Gly-TCC-2-2|d_arm|part1	19	19	9.97	0.524737	0.524737
tRNA-Gly-TCC-2-2|acceptor_stem_5p|part1	7	7	3.908	0.558286	0.558286
tRNA-Asp-GTC-2-2|acceptor_stem_3p|part1	8	8	3.472	0.434	0.434
tRNA-Asp-GTC-2-2|t_arm|part1	17	17	6.367	0.374529	0.374529
tRNA-Asp-GTC-2-2|variable_region|part1	4	4	1.362	0.3405	0.3405
tRNA-Asp-GTC-2-2|anticodon_arm|part1	17	17	7.092	0.417176	0.417176
tRNA-Asp-GTC-2-2|anticodon|part1	3	3	1.737	0.579	0.579
tRNA-Asp-GTC-2-2|d_arm|part1	19	19	8.569	0.451	0.451
tRNA-Asp-GTC-2-2|acceptor_stem_5p|part1	7	7	4.216	0.602286	0.602286
tRNA-Leu-CAG-1-2|acceptor_stem_5p|part1	7	7	2.309	0.329857	0.329857
tRNA-Leu-CAG-1-2|d_arm|part1	19	19	7.178	0.377789	0.377789
tRNA-Leu-CAG-1-2|anticodon_arm|part1	17	17	5.295	0.311471	0.311471
tRNA-Leu-CAG-1-2|anticodon|part1	3	3	0.876	0.292	0.292
tRNA-Leu-CAG-1-2|variable_region|part1	15	15	6.519	0.4346	0.4346
tRNA-Leu-CAG-1-2|t_arm|part1	17	17	7.629	0.448765	0.448765
tRNA-Leu-CAG-1-2|acceptor_stem_3p|part1	8	8	2.703	0.337875	0.337875
tRNA-Gly-GCC-1-2|acceptor_stem_5p|part1	7	7	4.569	0.652714	0.652714
tRNA-Gly-GCC-1-2|d_arm|part1	19	19	12.505	0.658158	0.658158
tRNA-Gly-GCC-1-2|anticodon_arm|part1	17	17	8.299	0.488176	0.488176
tRNA-Gly-GCC-1-2|anticodon|part1	3	3	1.89	0.63	0.63
tRNA-Gly-GCC-1-2|variable_region|part1	3	3	0.476	0.158667	0.158667
tRNA-Gly-GCC-1-2|t_arm|part1	17	17	6.103	0.359	0.359
tRNA-Gly-GCC-1-2|acceptor_stem_3p|part1	8	8	3.516	0.4395	0.4395
tRNA-Glu-CTC-1-3|acceptor_stem_3p|part1	8	8	3.614	0.45175	0.45175
tRNA-Glu-CTC-1-3|t_arm|part1	17	17	2.889	0.169941	0.169941
tRNA-Glu-CTC-1-3|variable_region|part1	4	4	-0.947	-0.23675	-0.23675
tRNA-Glu-CTC-1-3|anticodon_arm|part1	17	17	0.721	0.0424118	0.0424118
tRNA-Glu-CTC-1-3|anticodon|part1	3	3	1.78	0.593333	0.593333
tRNA-Glu-CTC-1-3|d_arm|part1	19	19	5.949	0.313105	0.313105
tRNA-Glu-CTC-1-3|acceptor_stem_5p|part1	7	7	4.122	0.588857	0.588857
tRNA-Gly-TCC-2-3|acceptor_stem_3p|part1	8	8	0.635	0.079375	0.079375
tRNA-Gly-TCC-2-3|t_arm|part1	17	17	6.367	0.374529	0.374529
tRNA-Gly-TCC-2-3|variable_region|part1	4	4	1.482	0.3705	0.3705
tRNA-Gly-TCC-2-3|anticodon_arm|part1	17	17	5.825	0.342647	0.342647
tRNA-Gly-TCC-2-3|anticodon|part1	3	3	1.042	0.347333	0.347333
tRNA-Gly-TCC-2-3|d_arm|part1	19	19	8.67	0.456316	0.456316
tRNA-Gly-TCC-2-3|acceptor_stem_5p|part1	7	7	1.485	0.212143	0.212143
tRNA-Asp-GTC-2-3|acceptor_stem_3p|part1	8	8	0.0810001	0.010125	0.010125
tRNA-Asp-GTC-2-3|t_arm|part1	17	17	2.235	0.131471	0.131471
tRNA-Asp-GTC-2-3|variable_region|part1	4	4	2.236	0.559	0.559
tRNA-Asp-GTC-2-3|anticodon_arm|part1	17	17	7.034	0.413765	0.413765
tRNA-Asp-GTC-2-3|anticodon|part1	3	3	1.74	0.58	0.58
tRNA-Asp-GTC-2-3|d_arm|part1	19	19	8.617	0.453526	0.453526
tRNA-Asp-GTC-2-3|acceptor_stem_5p|part1	7	7	3.309	0.472714	0.472714
tRNA-Leu-CAG-1-3|acceptor_stem_5p|part1	7	7	2.507	0.358143	0.358143
tRNA-Leu-CAG-1-3|d_arm|part1	19	19	6.794	0.357579	0.357579
tRNA-Leu-CAG-1-3|anticodon_arm|part1	17	17	7.117	0.418647	0.418647
tRNA-Leu-CAG-1-3|anticodon|part1	3	3	1.732	0.577333	0.577333
tRNA-Leu-CAG-1-3|variable_region|part1	15	15	4.024	0.268267	0.268267
tRNA-Leu-CAG-1-3|t_arm|part1	17	17	8.104	0.476706	0.476706
tRNA-Leu-CAG-1-3|acceptor_stem_3p|part1	8	8	4.655	0.581875	0.581875
tRNA-Gly-GCC-1-3|acceptor_stem_5p|part1	7	7	2.543	0.363286	0.363286
tRNA-Gly-GCC-1-3|d_arm|part1	19	19	9.791	0.515316	0.515316
tRNA-Gly-GCC-1-3|anticodon_arm|part1	17	17	6.555	0.385588	0.385588
tRNA-Gly-GCC-1-3|anticodon|part1	3	3	1.722	0.574	0.574
tRNA-Gly-GCC-1-3|variable_region|part1	3	3	-0.028	-0.00933332	-0.00933332
tRNA-Gly-GCC-1-3|t_arm|part1	17	17	5.59	0.328824	0.328824
tRNA-Gly-GCC-1-3|acceptor_stem_3p|part1	8	8	3.811	0.476375	0.476375
tRNA-Glu-CTC-1-4|acceptor_stem_3p|part1	8	8	3.549	0.443625	0.443625
tRNA-Glu-CTC-1-4|t_arm|part1	17	17	6.759	0.397588	0.397588
tRNA-Glu-CTC-1-4|variable_region|part1	4	4	1.915	0.47875	0.47875
tRNA-Glu-CTC-1-4|anticodon_arm|part1	17	17	7.918	0.465765	0.465765
tRNA-Glu-CTC-1-4|anticodon|part1	3	3	1.632	0.544	0.544
tRNA-Glu-CTC-1-4|d_arm|part1	19	19	9.182	0.483263	0.483263
tRNA-Glu-CTC-1-4|acceptor_stem_5p|part1	7	7	3.674	0.524857	0.524857
tRNA-Gly-TCC-2-4|acceptor_stem_3p|part1	8	8	4.111	0.513875	0.513875
tRNA-Gly-TCC-2-4|t_arm|part1	17	17	8.798	0.517529	0.517529
tRNA-Gly-TCC-2-4|variable_region|part1	4	4	2.091	0.52275	0.52275
tRNA-Gly-TCC-2-4|anticodon_arm|part1	17	17	8.896	0.523294	0.523294
tRNA-Gly-TCC-2-4|anticodon|part1	3	3	1.632	0.544	0.544
tRNA-Gly-TCC-2-4|d_arm|part1	19	19	9.877	0.519842	0.519842
tRNA-Gly-TCC-2-4|acceptor_stem_5p|part1	7	7	3.56	0.508571	0.508571
tRNA-Asp-GTC-2-4|acceptor_stem_3p|part1	8	8	0.363	0.045375	0.045375
tRNA-Asp-GTC-2-4|t_arm|part1	17	17	0.0410002	0.00241177	0.00241177
tRNA-Asp-GTC-2-4|variable_region|part1	4	4	1.132	0.283	0.283
tRNA-Asp-GTC-2-4|anticodon_arm|part1	17	17	3.678	0.216353	0.216353
tRNA-Asp-GTC-2-4|anticodon|part1	3	3	0.498	0.166	0.166
tRNA-Asp-GTC-2-4|d_arm|part1	19	19	7.469	0.393105	0.393105
tRNA-Asp-GTC-2-4|acceptor_stem_5p|part1	7	7	1.354	0.193429	0.193429
tRNA-Leu-CAG-1-4|acceptor_stem_5p|part1	7	7	2.89	0.412857	0.412857
tRNA-Leu-CAG-1-4|d_arm|part1	19	19	8.211	0.432158	0.432158
tRNA-Leu-CAG-1-4|anticodon_arm|part1	17	17	7.954	0.467882	0.467882
tRNA-Leu-CAG-1-4|anticodon|part1	3	3	1.591	0.530333	0.530333
tRNA-Leu-CAG-1-4|variable_region|part1	15	15	5.044	0.336267	0.336267
tRNA-Leu-CAG-1-4|t_arm|part1	17	17	8.905	0.523824	0.523824
tRNA-Leu-CAG-1-4|acceptor_stem_3p|part1	8	8	2.343	0.292875	0.292875
tRNA-Gly-GCC-1-4|acceptor_stem_5p|part1	7	7	1.533	0.219	0.219
tRNA-Gly-GCC-1-4|d_arm|part1	19	19	8.578	0.451474	0.451474
tRNA-Gly-GCC-1-4|anticodon_arm|part1	17	17	4.389	0.258176	0.258176
tRNA-Gly-GCC-1-4|anticodon|part1	3	3	1.66	0.553333	0.553333
tRNA-Gly-GCC-1-4|variable_region|part1	3	3	0.769	0.256333	0.256333
tRNA-Gly-GCC-1-4|t_arm|part1	17	17	2.919	0.171706	0.171706
tRNA-Gly-GCC-1-4|acceptor_stem_3p|part1	8	8	4.458	0.55725	0.55725
tRNA-Glu-CTC-1-5|acceptor_stem_3p|part1	8	8	3.298	0.41225	0.41225
tRNA-Glu-CTC-1-5|t_arm|part1	17	17	8.073	0.474882	0.474882
tRNA-Glu-CTC-1-5|variable_region|part1	4	4	2.006	0.5015	0.5015
tRNA-Glu-CTC-1-5|anticodon_arm|part1	17	17	6.083	0.357824	0.357824
tRNA-Glu-CTC-1-5|anticodon|part1	3	3	1.367	0.455667	0.455667
tRNA-Glu-CTC-1-5|d_arm|part1	19	19	7.14	0.375789	0.375789
tRNA-Glu-CTC-1-5|acceptor_stem_5p|part1	7	7	2.533	0.361857	0.361857
tRNA-Gly-TCC-2-5|acceptor_stem_3p|part1	8	8	2.435	0.304375	0.304375
tRNA-Gly-TCC-2-5|t_arm|part1	17	17	6.357	0.373941	0.373941
tRNA-Gly-TCC-2-5|variable_region|part1	4	4	0.377	0.09425	0.09425
tRNA-Gly-TCC-2-5|anticodon_arm|part1	17	17	3.835	0.225588	0.225588
tRNA-Gly-TCC-2-5|anticodon|part1	3	3	-0.958	-0.319333	-0.319333
tRNA-Gly-TCC-2-5|d_arm|part1	19	19	4.888	0.257263	0.257263
tRNA-Gly-TCC-2-5|acceptor_stem_5p|part1	7	7	0.397	0.0567143	0.0567143
tRNA-Asp-GTC-2-5|acceptor_stem_3p|part1	8	8	3.046	0.38075	0.38075
tRNA-Asp-GTC-2-5|t_arm|part1	17	17	6.48	0.381176	0.381176
tRNA-Asp-GTC-2-5|variable_region|part1	4	4	-1.23	-0.3075	-0.3075
tRNA-Asp-GTC-2-5|anticodon_arm|part1	17	17	7.169	0.421706	0.421706
tRNA-Asp-GTC-2-5|anticodon|part1	3	3	0.765	0.255	0.255
tRNA-Asp-GTC-2-5|d_arm|part1	19	19	6.907	0.363526	0.363526
tRNA-Asp-GTC-2-5|acceptor_stem_5p|part1	7	7	3.042	0.434571	0.434571
tRNA-Leu-CAG-1-5|acceptor_stem_5p|part1	7	7	1.396	0.199429	0.199429
tRNA-Leu-CAG-1-5|d_arm|part1	19	19	5.761	0.303211	0.303211
tRNA-Leu-CAG-1-5|anticodon_arm|part1	17	17	8.977	0.528059	0.528059
tRNA-Leu-CAG-1-5|anticodon|part1	3	3	1.615	0.538333	0.538333
tRNA-Leu-CAG-1-5|variable_region|part1	15	15	5.348	0.356533	0.356533
tRNA-Leu-CAG-1-5|t_arm|part1	17	17	8.234	0.484353	0.484353
tRNA-Leu-CAG-1-5|acceptor_stem_3p|part1	8	8	2.598	0.32475	0.32475
tRNA-Gly-GCC-4-1|acceptor_stem_5p|part1	7	7	-2.123	-0.303286	-0.303286
tRNA-Gly-GCC-4-1|d_arm|part1	19	19	3.565	0.187632	0.187632
tRNA-Gly-GCC-4-1|anticodon_arm|part1	17	17	-2.823	-0.166059	-0.166059
tRNA-Gly-GCC-4-1|anticodon|part1	3	3	0.106	0.0353333	0.0353333
tRNA-Gly-GCC-4-1|variable_region|part1	3	3	0.134	0.0446667	0.0446667
tRNA-Gly-GCC-4-1|t_arm|part1	17	17	-5.419	-0.318765	-0.318765
tRNA-Gly-GCC-4-1|acceptor_stem_3p|part1	8	8	0.285	0.035625	0.035625
tRNA-Gly-GCC-2-1|acceptor_stem_3p|part1	8	8	1.422	0.17775	0.17775
tRNA-Gly-GCC-2-1|t_arm|part1	17	17	3.489	0.205235	0.205235
tRNA-Gly-GCC-2-1|variable_region|part1	3	3	-1.234	-0.411333	-0.411333
tRNA-Gly-GCC-2-1|anticodon_arm|part1	17	17	2.77	0.162941	0.162941
tRNA-Gly-GCC-2-1|anticodon|part1	3	3	0.703	0.234333	0.234333
tRNA-Gly-GCC-2-1|d_arm|part1	19	19	4.263	0.224368	0.224368
tRNA-Gly-GCC-2-1|acceptor_stem_5p|part1	7	7	0.122	0.0174286	0.0174286
tRNA-Leu-CAG-1-6|acceptor_stem_3p|part1	8	8	1.835	0.229375	0.229375
tRNA-Leu-CAG-1-6|t_arm|part1	17	17	9.191	0.540647	0.540647
tRNA-Leu-CAG-1-6|variable_region|part1	15	15	3.477	0.2318	0.2318
tRNA-Leu-CAG-1-6|anticodon_arm|part1	17	17	7.547	0.443941	0.443941
tRNA-Leu-CAG-1-6|anticodon|part1	3	3	1.834	0.611333	0.611333
tRNA-Leu-CAG-1-6|d_arm|part1	19	19	10.104	0.531789	0.531789
tRNA-Leu-CAG-1-6|acceptor_stem_5p|part1	7	7	3.204	0.457714	0.457714
tRNA-Gly-TCC-2-6|acceptor_stem_5p|part1	7	7	4.095	0.585	0.585
tRNA-Gly-TCC-2-6|d_arm|part1	19	19	10.764	0.566526	0.566526
tRNA-Gly-TCC-2-6|anticodon_arm|part1	17	17	8.358	0.491647	0.491647
tRNA-Gly-TCC-2-6|anticodon|part1	3	3	1.65	0.55	0.55
tRNA-Gly-TCC-2-6|variable_region|part1	4	4	2.383	0.59575	0.59575
tRNA-Gly-TCC-2-6|t_arm|part1	17	17	9	0.529412	0.529412
tRNA-Gly-TCC-2-6|acceptor_stem_3p|part1	8	8	1.531	0.191375	0.191375
tRNA-Asn-GTT-1-1|acceptor_stem_5p|part1	7	7	3.943	0.563286	0.563286
tRNA-Asn-GTT-1-1|d_arm|part1	19	19	10.967	0.577211	0.577211
tRNA-Asn-GTT-1-1|anticodon_arm|part1	17	17	9.853	0.579588	0.579588
tRNA-Asn-GTT-1-1|anticodon|part1	3	3	1.739	0.579667	0.579667
tRNA-Asn-GTT-1-1|variable_region|part1	6	6	2.816	0.469333	0.469333
tRNA-Asn-GTT-1-1|t_arm|part1	17	17	7.714	0.453765	0.453765
tRNA-Asn-GTT-1-1|acceptor_stem_3p|part1	8	8	4.688	0.586	0.586
tRX-Cys-NNN-3-1|acceptor_stem_3p|part1	8	8	0.467	0.058375	0.058375
tRX-Cys-NNN-3-1|t_arm|part1	17	17	0.584	0.0343529	0.0343529
tRX-Cys-NNN-3-1|variable_region|part1	3	3	-0.184	-0.0613333	-0.0613333
tRX-Cys-NNN-3-1|anticodon_arm|part1	17	17	0.261	0.0153529	0.0153529
tRX-Cys-NNN-3-1|anticodon|part1	3	3	-1.044	-0.348	-0.348
tRX-Cys-NNN-3-1|d_arm|part1	19	19	3.231	0.170053	0.170053
tRX-Cys-NNN-3-1|acceptor_stem_5p|part1	7	7	-0.913	-0.130429	-0.130429
tRNA-Leu-CAA-6-1|acceptor_stem_3p|part1	8	8	3.113	0.389125	0.389125
tRNA-Leu-CAA-6-1|t_arm|part1	17	17	8.076	0.475059	0.475059
tRNA-Leu-CAA-6-1|variable_region|part1	16	16	3.42	0.21375	0.21375
tRNA-Leu-CAA-6-1|anticodon_arm|part1	17	17	6.368	0.374588	0.374588
tRNA-Leu-CAA-6-1|anticodon|part1	3	3	1.545	0.515	0.515
tRNA-Leu-CAA-6-1|d_arm|part1	19	19	7.577	0.398789	0.398789
tRNA-Leu-CAA-6-1|acceptor_stem_5p|part1	7	7	3.237	0.462429	0.462429
tRNA-Lys-CTT-13-1|acceptor_stem_5p|part1	7	7	-0.468	-0.0668571	-0.0668571
tRNA-Lys-CTT-13-1|d_arm|part1	19	19	2.648	0.139368	0.139368
tRNA-Lys-CTT-13-1|anticodon_arm|part1	17	17	1.776	0.104471	0.104471
tRNA-Lys-CTT-13-1|anticodon|part1	3	3	1.065	0.355	0.355
tRNA-Lys-CTT-13-1|variable_region|part1	5	5	-2.167	-0.4334	-0.4334
tRNA-Lys-CTT-13-1|t_arm|part1	17	17	-4.761	-0.280059	-0.280059
tRNA-Lys-CTT-13-1|acceptor_stem_3p|part1	8	8	-3.305	-0.413125	-0.413125
tRNA-Pro-CGG-1-1|acceptor_stem_5p|part1	7	7	4.556	0.650857	0.650857
tRNA-Pro-CGG-1-1|d_arm|part1	19	19	12.853	0.676474	0.676474
tRNA-Pro-CGG-1-1|anticodon_arm|part1	17	17	11.3	0.664706	0.664706
tRNA-Pro-CGG-1-1|anticodon|part1	3	3	2.028	0.676	0.676
tRNA-Pro-CGG-1-1|variable_region|part1	4	4	2.616	0.654	0.654
tRNA-Pro-CGG-1-1|t_arm|part1	17	17	11.237	0.661	0.661
tRNA-Pro-CGG-1-1|acceptor_stem_3p|part1	8	8	5.26	0.6575	0.6575
tRNA-Pro-AGG-2-1|acceptor_stem_3p|part1	8	8	5.232	0.654	0.654
tRNA-Pro-AGG-2-1|t_arm|part1	17	17	11.314	0.665529	0.665529
tRNA-Pro-AGG-2-1|variable_region|part1	4	4	2.63	0.6575	0.6575
tRNA-Pro-AGG-2-1|anticodon_arm|part1	17	17	8.913	0.524294	0.524294
tRNA-Pro-AGG-2-1|anticodon|part1	3	3	1.797	0.599	0.599
tRNA-Pro-AGG-2-1|d_arm|part1	19	19	12.832	0.675368	0.675368
tRNA-Pro-AGG-2-1|acceptor_stem_5p|part1	7	7	4.661	0.665857	0.665857
tRNA-Glu-TTC-12-1|acceptor_stem_3p|part1	8	8	0.081	0.010125	0.010125
tRNA-Glu-TTC-12-1|t_arm|part1	17	17	2.392	0.140706	0.140706
tRNA-Glu-TTC-12-1|variable_region|part1	8	8	0.058	0.00725	0.00725
tRNA-Glu-TTC-12-1|anticodon_arm|part1	17	17	0.599	0.0352353	0.0352353
tRNA-Glu-TTC-12-1|anticodon|part1	3	3	0.812	0.270667	0.270667
tRNA-Glu-TTC-12-1|d_arm|part1	19	19	3.066	0.161368	0.161368
tRNA-Glu-TTC-12-1|acceptor_stem_5p|part1	7	7	0.958	0.136857	0.136857
tRNA-Lys-TTT-3-1|acceptor_stem_5p|part1	7	7	4.126	0.589429	0.589429
tRNA-Lys-TTT-3-1|d_arm|part1	19	19	11.603	0.610684	0.610684
tRNA-Lys-TTT-3-1|anticodon_arm|part1	17	17	10.427	0.613353	0.613353
tRNA-Lys-TTT-3-1|anticodon|part1	3	3	1.797	0.599	0.599
tRNA-Lys-TTT-3-1|variable_region|part1	5	5	2.964	0.5928	0.5928
tRNA-Lys-TTT-3-1|t_arm|part1	17	17	10.178	0.598706	0.598706
tRNA-Lys-TTT-3-1|acceptor_stem_3p|part1	8	8	4.712	0.589	0.589
tRNA-Lys-TTT-3-2|acceptor_stem_3p|part1	8	8	4.738	0.59225	0.59225
tRNA-Lys-TTT-3-2|t_arm|part1	17	17	10.258	0.603412	0.603412
tRNA-Lys-TTT-3-2|variable_region|part1	5	5	2.91	0.582	0.582
tRNA-Lys-TTT-3-2|anticodon_arm|part1	17	17	10.654	0.626706	0.626706
tRNA-Lys-TTT-3-2|anticodon|part1	3	3	2.037	0.679	0.679
tRNA-Lys-TTT-3-2|d_arm|part1	19	19	11.473	0.603842	0.603842
tRNA-Lys-TTT-3-2|acceptor_stem_5p|part1	7	7	4.082	0.583143	0.583143
tRNA-Pro-TGG-5-1|acceptor_stem_3p|part1	8	8	3.779	0.472375	0.472375
tRNA-Pro-TGG-5-1|t_arm|part1	17	17	3.168	0.186353	0.186353
tRNA-Pro-TGG-5-1|variable_region|part1	9	9	-0.296	-0.0328889	-0.0328889
tRNA-Pro-TGG-5-1|anticodon_arm|part1	17	17	1.855	0.109118	0.109118
tRNA-Pro-TGG-5-1|anticodon|part1	3	3	1.954	0.651333	0.651333
tRNA-Pro-TGG-5-1|d_arm|part1	19	19	2.213	0.116474	0.116474
tRNA-Pro-TGG-5-1|acceptor_stem_5p|part1	7	7	0.104	0.0148571	0.0148571
tRNA-Thr-TGT-2-1|acceptor_stem_5p|part1	7	7	2.168	0.309714	0.309714
tRNA-Thr-TGT-2-1|d_arm|part1	19	19	9.448	0.497263	0.497263
tRNA-Thr-TGT-2-1|anticodon_arm|part1	17	17	6.563	0.386059	0.386059
tRNA-Thr-TGT-2-1|anticodon|part1	3	3	1.836	0.612	0.612
tRNA-Thr-TGT-2-1|variable_region|part1	5	5	3.012	0.6024	0.6024
tRNA-Thr-TGT-2-1|t_arm|part1	17	17	7.92	0.465882	0.465882
tRNA-Thr-TGT-2-1|acceptor_stem_3p|part1	8	8	4.774	0.59675	0.59675
tRNA-Leu-CAA-4-1|acceptor_stem_5p|part1	7	7	4.19	0.598571	0.598571
tRNA-Leu-CAA-4-1|d_arm|part1	19	19	11.11	0.584737	0.584737
tRNA-Leu-CAA-4-1|anticodon_arm|part1	12	12	7.078	0.589833	0.589833
tRNA-Leu-CAA-4-1|anticodon|part1	3	3	1.762	0.587333	0.587333
tRNA-Leu-CAA-4-1|intron|part1	22	22	-4.381	-0.199136	-0.199136
tRNA-Leu-CAA-4-1|anticodon_arm|part2	5	5	2.854	0.5708	0.5708
tRNA-Leu-CAA-4-1|variable_region|part1	16	16	7.636	0.47725	0.47725
tRNA-Leu-CAA-4-1|t_arm|part1	17	17	9.864	0.580235	0.580235
tRNA-Leu-CAA-4-1|acceptor_stem_3p|part1	8	8	4.694	0.58675	0.58675
tRNA-Glu-CTC-2-1|acceptor_stem_5p|part1	7	7	4.479	0.639857	0.639857
tRNA-Glu-CTC-2-1|d_arm|part1	19	19	12.919	0.679947	0.679947
tRNA-Glu-CTC-2-1|anticodon_arm|part1	17	17	9.275	0.545588	0.545588
tRNA-Glu-CTC-2-1|anticodon|part1	3	3	1.863	0.621	0.621
tRNA-Glu-CTC-2-1|variable_region|part1	4	4	2.55	0.6375	0.6375
tRNA-Glu-CTC-2-1|t_arm|part1	17	17	11.066	0.650941	0.650941
tRNA-Glu-CTC-2-1|acceptor_stem_3p|part1	8	8	2.594	0.32425	0.32425
tRNA-Val-TAC-3-1|acceptor_stem_3p|part1	8	8	2.075	0.259375	0.259375
tRNA-Val-TAC-3-1|t_arm|part1	17	17	-7.274	-0.427882	-0.427882
tRNA-Val-TAC-3-1|variable_region|part1	5	5	1.29	0.258	0.258
tRNA-Val-TAC-3-1|anticodon_arm|part1	17	17	0.14	0.0082353	0.0082353
tRNA-Val-TAC-3-1|anticodon|part1	3	3	-0.201	-0.067	-0.067
tRNA-Val-TAC-3-1|d_arm|part1	19	19	-1.356	-0.0713684	-0.0713684
tRNA-Val-TAC-3-1|acceptor_stem_5p|part1	7	7	-0.218	-0.0311429	-0.0311429
tRNA-Asn-GTT-2-3|acceptor_stem_3p|part1	8	8	5.078	0.63475	0.63475
tRNA-Asn-GTT-2-3|t_arm|part1	17	17	11.248	0.661647	0.661647
tRNA-Asn-GTT-2-3|variable_region|part1	6	6	3.99	0.665	0.665
tRNA-Asn-GTT-2-3|anticodon_arm|part1	17	17	11.474	0.674941	0.674941
tRNA-Asn-GTT-2-3|anticodon|part1	3	3	2.111	0.703667	0.703667
tRNA-Asn-GTT-2-3|d_arm|part1	19	19	12.592	0.662737	0.662737
tRNA-Asn-GTT-2-3|acceptor_stem_5p|part1	7	7	4.818	0.688286	0.688286
tRX-Und-NNN-8-1|acceptor_stem_3p|part1	8	8	-0.808	-0.101	-0.101
tRX-Und-NNN-8-1|t_arm|part1	17	17	2.353	0.138412	0.138412
tRX-Und-NNN-8-1|variable_region|part1	6	6	-0.00299995	-0.000499991	-0.000499991
tRX-Und-NNN-8-1|anticodon_arm|part1	17	17	2.527	0.148647	0.148647
tRX-Und-NNN-8-1|anticodon|part1	3	3	0.677	0.225667	0.225667
tRX-Und-NNN-8-1|d_arm|part1	19	19	2.813	0.148053	0.148053
tRX-Und-NNN-8-1|acceptor_stem_5p|part1	7	7	1.483	0.211857	0.211857
tRNA-Ser-TGA-1-1|acceptor_stem_5p|part1	7	7	4.738	0.676857	0.676857
tRNA-Ser-TGA-1-1|d_arm|part1	19	19	12.809	0.674158	0.674158
tRNA-Ser-TGA-1-1|anticodon_arm|part1	17	17	11.686	0.687412	0.687412
tRNA-Ser-TGA-1-1|anticodon|part1	3	3	2.097	0.699	0.699
tRNA-Ser-TGA-1-1|variable_region|part1	14	14	8.969	0.640643	0.640643
tRNA-Ser-TGA-1-1|t_arm|part1	17	17	11.187	0.658059	0.658059
tRNA-Ser-TGA-1-1|acceptor_stem_3p|part1	8	8	4.719	0.589875	0.589875
tRX-Gln-NNN-2-1|acceptor_stem_3p|part1	8	8	2.024	0.253	0.253
tRX-Gln-NNN-2-1|t_arm|part1	17	17	1.833	0.107824	0.107824
tRX-Gln-NNN-2-1|variable_region|part1	10	10	0.534	0.0534	0.0534
tRX-Gln-NNN-2-1|anticodon_arm|part1	17	17	1.342	0.0789412	0.0789412
tRX-Gln-NNN-2-1|anticodon|part1	3	3	0.632	0.210667	0.210667
tRX-Gln-NNN-2-1|d_arm|part1	19	19	3.887	0.204579	0.204579
tRX-Gln-NNN-2-1|acceptor_stem_5p|part1	7	7	1.905	0.272143	0.272143
tRNA-Lys-CTT-15-1|acceptor_stem_3p|part1	8	0	0	0	0
tRNA-Lys-CTT-15-1|t_arm|part1	17	0	0	0	0
tRNA-Lys-CTT-15-1|variable_region|part1	5	0	0	0	0
tRNA-Lys-CTT-15-1|anticodon_arm|part1	17	0	0	0	0
tRNA-Lys-CTT-15-1|anticodon|part1	3	0	0	0	0
tRNA-Lys-CTT-15-1|d_arm|part1	19	0	0	0	0
tRNA-Lys-CTT-15-1|acceptor_stem_5p|part1	7	0	0	0	0
tRNA-Val-TAC-1-1|acceptor_stem_3p|part1	8	8	4.046	0.50575	0.50575
tRNA-Val-TAC-1-1|t_arm|part1	17	17	10.222	0.601294	0.601294
tRNA-Val-TAC-1-1|variable_region|part1	5	5	1.638	0.3276	0.3276
tRNA-Val-TAC-1-1|anticodon_arm|part1	17	17	10.555	0.620882	0.620882
tRNA-Val-TAC-1-1|anticodon|part1	3	3	1.905	0.635	0.635
tRNA-Val-TAC-1-1|d_arm|part1	19	19	9.291	0.489	0.489
tRNA-Val-TAC-1-1|acceptor_stem_5p|part1	7	7	4.295	0.613571	0.613571
tRNA-Val-TAC-2-1|acceptor_stem_3p|part1	8	8	5.27	0.65875	0.65875
tRNA-Val-TAC-2-1|t_arm|part1	17	17	11.183	0.657824	0.657824
tRNA-Val-TAC-2-1|variable_region|part1	5	5	3.276	0.6552	0.6552
tRNA-Val-TAC-2-1|anticodon_arm|part1	17	17	11.547	0.679235	0.679235
tRNA-Val-TAC-2-1|anticodon|part1	3	3	2.084	0.694667	0.694667
tRNA-Val-TAC-2-1|d_arm|part1	19	19	12.742	0.670632	0.670632
tRNA-Val-TAC-2-1|acceptor_stem_5p|part1	7	7	4.699	0.671286	0.671286
tRNA-Arg-TCT-3-2|acceptor_stem_5p|part1	7	7	4.53	0.647143	0.647143
tRNA-Arg-TCT-3-2|d_arm|part1	19	19	12.826	0.675053	0.675053
tRNA-Arg-TCT-3-2|anticodon_arm|part1	11	11	7.343	0.667545	0.667545
tRNA-Arg-TCT-3-2|anticodon|part1	3	3	1.918	0.639333	0.639333
tRNA-Arg-TCT-3-2|intron|part1	13	13	0.399	0.0306923	0.0306923
tRNA-Arg-TCT-3-2|anticodon_arm|part2	6	6	4.171	0.695167	0.695167
tRNA-Arg-TCT-3-2|variable_region|part1	5	5	3.417	0.6834	0.6834
tRNA-Arg-TCT-3-2|t_arm|part1	17	17	11.158	0.656353	0.656353
tRNA-Arg-TCT-3-2|acceptor_stem_3p|part1	8	8	5.371	0.671375	0.671375
tRNA-Leu-TAA-3-1|acceptor_stem_5p|part1	7	7	4.898	0.699714	0.699714
tRNA-Leu-TAA-3-1|d_arm|part1	19	19	9.623	0.506474	0.506474
tRNA-Leu-TAA-3-1|anticodon_arm|part1	17	17	9.281	0.545941	0.545941
tRNA-Leu-TAA-3-1|anticodon|part1	3	3	2.177	0.725667	0.725667
tRNA-Leu-TAA-3-1|variable_region|part1	15	15	4.917	0.3278	0.3278
tRNA-Leu-TAA-3-1|t_arm|part1	17	17	8.874	0.522	0.522
tRNA-Leu-TAA-3-1|acceptor_stem_3p|part1	8	8	4.564	0.5705	0.5705
tRNA-Lys-TTT-5-1|acceptor_stem_5p|part1	7	7	3.755	0.536429	0.536429
tRNA-Lys-TTT-5-1|d_arm|part1	19	19	11.335	0.596579	0.596579
tRNA-Lys-TTT-5-1|anticodon_arm|part1	17	17	11.584	0.681412	0.681412
tRNA-Lys-TTT-5-1|anticodon|part1	3	3	1.995	0.665	0.665
tRNA-Lys-TTT-5-1|variable_region|part1	5	5	3.292	0.6584	0.6584
tRNA-Lys-TTT-5-1|t_arm|part1	17	17	10.507	0.618059	0.618059
tRNA-Lys-TTT-5-1|acceptor_stem_3p|part1	8	8	5.152	0.644	0.644
tRNA-Phe-GAA-1-3|acceptor_stem_3p|part1	8	8	3.837	0.479625	0.479625
tRNA-Phe-GAA-1-3|t_arm|part1	17	17	10.564	0.621412	0.621412
tRNA-Phe-GAA-1-3|variable_region|part1	5	5	2.489	0.4978	0.4978
tRNA-Phe-GAA-1-3|anticodon_arm|part1	17	17	9.948	0.585176	0.585176
tRNA-Phe-GAA-1-3|anticodon|part1	3	3	1.929	0.643	0.643
tRNA-Phe-GAA-1-3|d_arm|part1	19	19	10.117	0.532474	0.532474
tRNA-Phe-GAA-1-3|acceptor_stem_5p|part1	7	7	3.723	0.531857	0.531857
tRNA-Lys-TTT-3-4|acceptor_stem_3p|part1	8	8	5.26	0.6575	0.6575
tRNA-Lys-TTT-3-4|t_arm|part1	17	17	11.394	0.670235	0.670235
tRNA-Lys-TTT-3-4|variable_region|part1	5	5	3.229	0.6458	0.6458
tRNA-Lys-TTT-3-4|anticodon_arm|part1	17	17	11.843	0.696647	0.696647
tRNA-Lys-TTT-3-4|anticodon|part1	3	3	2.268	0.756	0.756
tRNA-Lys-TTT-3-4|d_arm|part1	19	19	12.647	0.665632	0.665632
tRNA-Lys-TTT-3-4|acceptor_stem_5p|part1	7	7	4.49	0.641429	0.641429
tRNA-Phe-GAA-2-1|acceptor_stem_3p|part1	8	8	2.56	0.32	0.32
tRNA-Phe-GAA-2-1|t_arm|part1	17	17	4.318	0.254	0.254
tRNA-Phe-GAA-2-1|variable_region|part1	5	5	2.114	0.4228	0.4228
tRNA-Phe-GAA-2-1|anticodon_arm|part1	17	17	7.809	0.459353	0.459353
tRNA-Phe-GAA-2-1|anticodon|part1	3	3	0.886	0.295333	0.295333
tRNA-Phe-GAA-2-1|d_arm|part1	19	19	8.638	0.454632	0.454632
tRNA-Phe-GAA-2-1|acceptor_stem_5p|part1	7	7	2.404	0.343429	0.343429
tRNA-Ser-GCT-3-1|acceptor_stem_5p|part1	7	7	4.253	0.607571	0.607571
tRNA-Ser-GCT-3-1|d_arm|part1	19	19	11.319	0.595737	0.595737
tRNA-Ser-GCT-3-1|anticodon_arm|part1	17	17	10.19	0.599412	0.599412
tRNA-Ser-GCT-3-1|anticodon|part1	3	3	1.716	0.572	0.572
tRNA-Ser-GCT-3-1|variable_region|part1	14	14	7.341	0.524357	0.524357
tRNA-Ser-GCT-3-1|t_arm|part1	17	17	10.05	0.591176	0.591176
tRNA-Ser-GCT-3-1|acceptor_stem_3p|part1	8	8	4.494	0.56175	0.56175
tRNA-Pro-AGG-2-4|acceptor_stem_5p|part1	7	7	4.41	0.63	0.63
tRNA-Pro-AGG-2-4|d_arm|part1	19	19	12.439	0.654684	0.654684
tRNA-Pro-AGG-2-4|anticodon_arm|part1	17	17	8.736	0.513882	0.513882
tRNA-Pro-AGG-2-4|anticodon|part1	3	3	1.962	0.654	0.654
tRNA-Pro-AGG-2-4|variable_region|part1	4	4	2.532	0.633	0.633
tRNA-Pro-AGG-2-4|t_arm|part1	17	17	10.875	0.639706	0.639706
tRNA-Pro-AGG-2-4|acceptor_stem_3p|part1	8	8	5.09	0.63625	0.63625
tRNA-Pro-TGG-2-1|acceptor_stem_3p|part1	8	8	5.202	0.65025	0.65025
tRNA-Pro-TGG-2-1|t_arm|part1	17	17	10.272	0.604235	0.604235
tRNA-Pro-TGG-2-1|variable_region|part1	4	4	2.537	0.63425	0.63425
tRNA-Pro-TGG-2-1|anticodon_arm|part1	17	17	10.953	0.644294	0.644294
tRNA-Pro-TGG-2-1|anticodon|part1	3	3	1.734	0.578	0.578
tRNA-Pro-TGG-2-1|d_arm|part1	19	19	12.483	0.657	0.657
tRNA-Pro-TGG-2-1|acceptor_stem_5p|part1	7	7	4.535	0.647857	0.647857
tRX-Arg-NNN-2-1|acceptor_stem_5p|part1	7	7	1.53	0.218571	0.218571
tRX-Arg-NNN-2-1|d_arm|part1	19	19	4.924	0.259158	0.259158
tRX-Arg-NNN-2-1|anticodon_arm|part1	17	17	-3.513	-0.206647	-0.206647
tRX-Arg-NNN-2-1|anticodon|part1	3	3	-1.755	-0.585	-0.585
tRX-Arg-NNN-2-1|variable_region|part1	11	11	-1.324	-0.120364	-0.120364
tRX-Arg-NNN-2-1|t_arm|part1	17	17	4.366	0.256824	0.256824
tRX-Arg-NNN-2-1|acceptor_stem_3p|part1	8	8	-2.952	-0.369	-0.369
tRNA-Lys-TTT-2-1|acceptor_stem_5p|part1	7	7	-1.974	-0.282	-0.282
tRNA-Lys-TTT-2-1|d_arm|part1	19	19	0.929	0.0488947	0.0488947
tRNA-Lys-TTT-2-1|anticodon_arm|part1	17	17	-2.656	-0.156235	-0.156235
tRNA-Lys-TTT-2-1|anticodon|part1	3	3	-0.419	-0.139667	-0.139667
tRNA-Lys-TTT-2-1|variable_region|part1	5	5	1.17	0.234	0.234
tRNA-Lys-TTT-2-1|t_arm|part1	17	17	-1.072	-0.0630588	-0.0630588
tRNA-Lys-TTT-2-1|acceptor_stem_3p|part1	8	8	-7.519	-0.939875	-0.939875
tRNA-Lys-TTT-11-1|acceptor_stem_5p|part1	7	7	-1.639	-0.234143	-0.234143
tRNA-Lys-TTT-11-1|d_arm|part1	19	19	4.7	0.247368	0.247368
tRNA-Lys-TTT-11-1|anticodon_arm|part1	17	17	0.63	0.0370588	0.0370588
tRNA-Lys-TTT-11-1|anticodon|part1	3	3	1.002	0.334	0.334
tRNA-Lys-TTT-11-1|variable_region|part1	5	5	0.773	0.1546	0.1546
tRNA-Lys-TTT-11-1|t_arm|part1	17	17	2.058	0.121059	0.121059
tRNA-Lys-TTT-11-1|acceptor_stem_3p|part1	8	8	-0.029	-0.003625	-0.003625
tRNA-Ser-CGA-4-1|acceptor_stem_5p|part1	7	7	4.62	0.66	0.66
tRNA-Ser-CGA-4-1|d_arm|part1	19	19	12.733	0.670158	0.670158
tRNA-Ser-CGA-4-1|anticodon_arm|part1	17	17	10.769	0.633471	0.633471
tRNA-Ser-CGA-4-1|anticodon|part1	3	3	1.238	0.412667	0.412667
tRNA-Ser-CGA-4-1|variable_region|part1	14	14	8.984	0.641714	0.641714
tRNA-Ser-CGA-4-1|t_arm|part1	17	17	11.381	0.669471	0.669471
tRNA-Ser-CGA-4-1|acceptor_stem_3p|part1	8	8	5.281	0.660125	0.660125
tRNA-Asp-GTC-2-8|acceptor_stem_5p|part1	7	7	3.835	0.547857	0.547857
tRNA-Asp-GTC-2-8|d_arm|part1	19	19	11.22	0.590526	0.590526
tRNA-Asp-GTC-2-8|anticodon_arm|part1	17	17	9.387	0.552176	0.552176
tRNA-Asp-GTC-2-8|anticodon|part1	3	3	1.665	0.555	0.555
tRNA-Asp-GTC-2-8|variable_region|part1	4	4	2.389	0.59725	0.59725
tRNA-Asp-GTC-2-8|t_arm|part1	17	17	9.497	0.558647	0.558647
tRNA-Asp-GTC-2-8|acceptor_stem_3p|part1	8	8	4.709	0.588625	0.588625
tRNA-Asp-GTC-1-1|acceptor_stem_5p|part1	7	7	4.468	0.638286	0.638286
tRNA-Asp-GTC-1-1|d_arm|part1	19	19	13.079	0.688368	0.688368
tRNA-Asp-GTC-1-1|anticodon_arm|part1	17	17	10.896	0.640941	0.640941
tRNA-Asp-GTC-1-1|anticodon|part1	3	3	1.929	0.643	0.643
tRNA-Asp-GTC-1-1|variable_region|part1	4	4	2.77	0.6925	0.6925
tRNA-Asp-GTC-1-1|t_arm|part1	17	17	11.082	0.651882	0.651882
tRNA-Asp-GTC-1-1|acceptor_stem_3p|part1	8	8	5.458	0.68225	0.68225
tRNA-Trp-CCA-4-1|acceptor_stem_5p|part1	7	7	3.961	0.565857	0.565857
tRNA-Trp-CCA-4-1|d_arm|part1	19	19	10.975	0.577632	0.577632
tRNA-Trp-CCA-4-1|anticodon_arm|part1	17	17	10.004	0.588471	0.588471
tRNA-Trp-CCA-4-1|anticodon|part1	3	3	1.759	0.586333	0.586333
tRNA-Trp-CCA-4-1|variable_region|part1	4	4	2.268	0.567	0.567
tRNA-Trp-CCA-4-1|t_arm|part1	17	17	9.849	0.579353	0.579353
tRNA-Trp-CCA-4-1|acceptor_stem_3p|part1	8	8	4.613	0.576625	0.576625
tRNA-Glu-CTC-16-1|acceptor_stem_3p|part1	8	8	2.349	0.293625	0.293625
tRNA-Glu-CTC-16-1|t_arm|part1	17	17	3.388	0.199294	0.199294
tRNA-Glu-CTC-16-1|variable_region|part1	3	3	-1.307	-0.435667	-0.435667
tRNA-Glu-CTC-16-1|anticodon_arm|part1	17	17	-4.429	-0.260529	-0.260529
tRNA-Glu-CTC-16-1|anticodon|part1	3	3	-2.724	-0.908	-0.908
tRNA-Glu-CTC-16-1|d_arm|part1	19	19	-2.916	-0.153474	-0.153474
tRNA-Glu-CTC-16-1|acceptor_stem_5p|part1	7	7	-3.594	-0.513429	-0.513429
tRNA-Ala-TGC-3-2|acceptor_stem_3p|part1	8	8	4.256	0.532	0.532
tRNA-Ala-TGC-3-2|t_arm|part1	17	17	9.449	0.555824	0.555824
tRNA-Ala-TGC-3-2|variable_region|part1	4	4	1.514	0.3785	0.3785
tRNA-Ala-TGC-3-2|anticodon_arm|part1	17	17	10.652	0.626588	0.626588
tRNA-Ala-TGC-3-2|anticodon|part1	3	3	1.929	0.643	0.643
tRNA-Ala-TGC-3-2|d_arm|part1	19	19	12.508	0.658316	0.658316
tRNA-Ala-TGC-3-2|acceptor_stem_5p|part1	7	7	4.392	0.627429	0.627429
tRNA-Asp-GTC-2-9|acceptor_stem_3p|part1	8	8	4.228	0.5285	0.5285
tRNA-Asp-GTC-2-9|t_arm|part1	17	17	9.573	0.563118	0.563118
tRNA-Asp-GTC-2-9|variable_region|part1	4	4	2.2	0.55	0.55
tRNA-Asp-GTC-2-9|anticodon_arm|part1	17	17	9.443	0.555471	0.555471
tRNA-Asp-GTC-2-9|anticodon|part1	3	3	1.714	0.571333	0.571333
tRNA-Asp-GTC-2-9|d_arm|part1	19	19	10.87	0.572105	0.572105
tRNA-Asp-GTC-2-9|acceptor_stem_5p|part1	7	7	4.128	0.589714	0.589714
tRNA-Phe-GAA-1-4|acceptor_stem_3p|part1	8	8	4.625	0.578125	0.578125
tRNA-Phe-GAA-1-4|t_arm|part1	17	17	9.573	0.563118	0.563118
tRNA-Phe-GAA-1-4|variable_region|part1	5	5	2.782	0.5564	0.5564
tRNA-Phe-GAA-1-4|anticodon_arm|part1	17	17	9.77	0.574706	0.574706
tRNA-Phe-GAA-1-4|anticodon|part1	3	3	1.629	0.543	0.543
tRNA-Phe-GAA-1-4|d_arm|part1	19	19	10.557	0.555632	0.555632
tRNA-Phe-GAA-1-4|acceptor_stem_5p|part1	7	7	3.839	0.548429	0.548429
tRNA-Asp-GTC-2-10|acceptor_stem_3p|part1	8	8	3.877	0.484625	0.484625
tRNA-Asp-GTC-2-10|t_arm|part1	17	17	8.765	0.515588	0.515588
tRNA-Asp-GTC-2-10|variable_region|part1	4	4	2.017	0.50425	0.50425
tRNA-Asp-GTC-2-10|anticodon_arm|part1	17	17	8.645	0.508529	0.508529
tRNA-Asp-GTC-2-10|anticodon|part1	3	3	1.569	0.523	0.523
tRNA-Asp-GTC-2-10|d_arm|part1	19	19	9.961	0.524263	0.524263
tRNA-Asp-GTC-2-10|acceptor_stem_5p|part1	7	7	3.777	0.539571	0.539571
tRNA-Ala-TGC-4-1|acceptor_stem_5p|part1	7	7	3.707	0.529571	0.529571
tRNA-Ala-TGC-4-1|d_arm|part1	19	19	9.11	0.479474	0.479474
tRNA-Ala-TGC-4-1|anticodon_arm|part1	17	17	8.161	0.480059	0.480059
tRNA-Ala-TGC-4-1|anticodon|part1	3	3	1.569	0.523	0.523
tRNA-Ala-TGC-4-1|variable_region|part1	4	4	1.974	0.4935	0.4935
tRNA-Ala-TGC-4-1|t_arm|part1	17	17	8.574	0.504353	0.504353
tRNA-Ala-TGC-4-1|acceptor_stem_3p|part1	8	8	4.054	0.50675	0.50675
tRNA-Ile-AAT-11-1|acceptor_stem_5p|part1	7	7	0.00400002	0.000571432	0.000571432
tRNA-Ile-AAT-11-1|d_arm|part1	19	19	4.148	0.218316	0.218316
tRNA-Ile-AAT-11-1|anticodon_arm|part1	17	17	-1.034	-0.0608235	-0.0608235
tRNA-Ile-AAT-11-1|anticodon|part1	3	3	0.443	0.147667	0.147667
tRNA-Ile-AAT-11-1|variable_region|part1	7	7	-0.463	-0.0661429	-0.0661429
tRNA-Ile-AAT-11-1|t_arm|part1	17	17	7.992	0.470118	0.470118
tRNA-Ile-AAT-11-1|acceptor_stem_3p|part1	8	8	1.325	0.165625	0.165625
tRNA-Asn-GTT-2-4|acceptor_stem_3p|part1	8	8	5.078	0.63475	0.63475
tRNA-Asn-GTT-2-4|t_arm|part1	17	17	8.601	0.505941	0.505941
tRNA-Asn-GTT-2-4|variable_region|part1	6	6	3.524	0.587333	0.587333
tRNA-Asn-GTT-2-4|anticodon_arm|part1	17	17	7.686	0.452118	0.452118
tRNA-Asn-GTT-2-4|anticodon|part1	3	3	1.84	0.613333	0.613333
tRNA-Asn-GTT-2-4|d_arm|part1	19	19	10.99	0.578421	0.578421
tRNA-Asn-GTT-2-4|acceptor_stem_5p|part1	7	7	4.202	0.600286	0.600286
tRNA-Glu-TTC-1-2|acceptor_stem_3p|part1	8	8	5.275	0.659375	0.659375
tRNA-Glu-TTC-1-2|t_arm|part1	17	17	11.197	0.658647	0.658647
tRNA-Glu-TTC-1-2|variable_region|part1	4	4	1.757	0.43925	0.43925
tRNA-Glu-TTC-1-2|anticodon_arm|part1	17	17	11.498	0.676353	0.676353
tRNA-Glu-TTC-1-2|anticodon|part1	3	3	2.176	0.725333	0.725333
tRNA-Glu-TTC-1-2|d_arm|part1	19	19	11.987	0.630895	0.630895
tRNA-Glu-TTC-1-2|acceptor_stem_5p|part1	7	7	4.842	0.691714	0.691714
tRNA-Glu-TTC-2-1|acceptor_stem_3p|part1	8	8	5.196	0.6495	0.6495
tRNA-Glu-TTC-2-1|t_arm|part1	17	17	11.171	0.657118	0.657118
tRNA-Glu-TTC-2-1|variable_region|part1	4	4	2.53	0.6325	0.6325
tRNA-Glu-TTC-2-1|anticodon_arm|part1	17	17	11.472	0.674824	0.674824
tRNA-Glu-TTC-2-1|anticodon|part1	3	3	2.171	0.723667	0.723667
tRNA-Glu-TTC-2-1|d_arm|part1	19	19	12.73	0.67	0.67
tRNA-Glu-TTC-2-1|acceptor_stem_5p|part1	7	7	4.754	0.679143	0.679143
tRNA-Phe-GAA-1-5|acceptor_stem_3p|part1	8	8	4.717	0.589625	0.589625
tRNA-Phe-GAA-1-5|t_arm|part1	17	17	9.762	0.574235	0.574235
tRNA-Phe-GAA-1-5|variable_region|part1	5	5	2.035	0.407	0.407
tRNA-Phe-GAA-1-5|anticodon_arm|part1	17	17	9.964	0.586118	0.586118
tRNA-Phe-GAA-1-5|anticodon|part1	3	3	1.661	0.553667	0.553667
tRNA-Phe-GAA-1-5|d_arm|part1	19	19	10.766	0.566632	0.566632
tRNA-Phe-GAA-1-5|acceptor_stem_5p|part1	7	7	3.914	0.559143	0.559143
tRX-Ser-NNN-1-1|acceptor_stem_3p|part1	8	8	1.661	0.207625	0.207625
tRX-Ser-NNN-1-1|t_arm|part1	17	17	-0.668	-0.0392941	-0.0392941
tRX-Ser-NNN-1-1|variable_region|part1	8	8	1.22	0.1525	0.1525
tRX-Ser-NNN-1-1|anticodon_arm|part1	17	17	-0.735	-0.0432353	-0.0432353
tRX-Ser-NNN-1-1|anticodon|part1	3	3	-0.372	-0.124	-0.124
tRX-Ser-NNN-1-1|d_arm|part1	19	19	-2.458	-0.129368	-0.129368
tRX-Ser-NNN-1-1|acceptor_stem_5p|part1	7	7	2.96	0.422857	0.422857
tRNA-Pro-AGG-2-5|acceptor_stem_3p|part1	8	8	5.232	0.654	0.654
tRNA-Pro-AGG-2-5|t_arm|part1	17	17	9.694	0.570235	0.570235
tRNA-Pro-AGG-2-5|variable_region|part1	4	4	2.63	0.6575	0.6575
tRNA-Pro-AGG-2-5|anticodon_arm|part1	17	17	10.394	0.611412	0.611412
tRNA-Pro-AGG-2-5|anticodon|part1	3	3	1.647	0.549	0.549
tRNA-Pro-AGG-2-5|d_arm|part1	19	19	11.743	0.618053	0.618053
tRNA-Pro-AGG-2-5|acceptor_stem_5p|part1	7	7	4.265	0.609286	0.609286
tRNA-Leu-AAG-2-3|acceptor_stem_5p|part1	7	7	4.292	0.613143	0.613143
tRNA-Leu-AAG-2-3|d_arm|part1	19	19	11.51	0.605789	0.605789
tRNA-Leu-AAG-2-3|anticodon_arm|part1	17	17	10.414	0.612588	0.612588
tRNA-Leu-AAG-2-3|anticodon|part1	3	3	1.977	0.659	0.659
tRNA-Leu-AAG-2-3|variable_region|part1	14	14	8.284	0.591714	0.591714
tRNA-Leu-AAG-2-3|t_arm|part1	17	17	10.273	0.604294	0.604294
tRNA-Leu-AAG-2-3|acceptor_stem_3p|part1	8	8	4.699	0.587375	0.587375
tRNA-Pro-AGG-2-6|acceptor_stem_3p|part1	8	8	3.974	0.49675	0.49675
tRNA-Pro-AGG-2-6|t_arm|part1	17	17	9.5	0.558824	0.558824
tRNA-Pro-AGG-2-6|variable_region|part1	4	4	2.39	0.5975	0.5975
tRNA-Pro-AGG-2-6|anticodon_arm|part1	17	17	9.43	0.554706	0.554706
tRNA-Pro-AGG-2-6|anticodon|part1	3	3	1.635	0.545	0.545
tRNA-Pro-AGG-2-6|d_arm|part1	19	19	9.391	0.494263	0.494263
tRNA-Pro-AGG-2-6|acceptor_stem_5p|part1	7	7	4.235	0.605	0.605
tRNA-Thr-TGT-3-1|acceptor_stem_3p|part1	8	8	4.78	0.5975	0.5975
tRNA-Thr-TGT-3-1|t_arm|part1	17	17	9.639	0.567	0.567
tRNA-Thr-TGT-3-1|variable_region|part1	5	5	2.935	0.587	0.587
tRNA-Thr-TGT-3-1|anticodon_arm|part1	17	17	10.486	0.616824	0.616824
tRNA-Thr-TGT-3-1|anticodon|part1	3	3	1.917	0.639	0.639
tRNA-Thr-TGT-3-1|d_arm|part1	19	19	10.655	0.560789	0.560789
tRNA-Thr-TGT-3-1|acceptor_stem_5p|part1	7	7	3.41	0.487143	0.487143
tRNA-Leu-TAG-2-1|acceptor_stem_5p|part1	7	7	4.79	0.684286	0.684286
tRNA-Leu-TAG-2-1|d_arm|part1	19	19	12.666	0.666632	0.666632
tRNA-Leu-TAG-2-1|anticodon_arm|part1	17	17	11.321	0.665941	0.665941
tRNA-Leu-TAG-2-1|anticodon|part1	3	3	2.073	0.691	0.691
tRNA-Leu-TAG-2-1|variable_region|part1	14	14	6.686	0.477571	0.477571
tRNA-Leu-TAG-2-1|t_arm|part1	17	17	10.456	0.615059	0.615059
tRNA-Leu-TAG-2-1|acceptor_stem_3p|part1	8	8	5.219	0.652375	0.652375
tRNA-Thr-TGT-4-1|acceptor_stem_3p|part1	8	8	4.355	0.544375	0.544375
tRNA-Thr-TGT-4-1|t_arm|part1	17	17	7.21	0.424118	0.424118
tRNA-Thr-TGT-4-1|variable_region|part1	5	5	2.363	0.4726	0.4726
tRNA-Thr-TGT-4-1|anticodon_arm|part1	17	17	9.691	0.570059	0.570059
tRNA-Thr-TGT-4-1|anticodon|part1	3	3	2.061	0.687	0.687
tRNA-Thr-TGT-4-1|d_arm|part1	19	19	9.908	0.521474	0.521474
tRNA-Thr-TGT-4-1|acceptor_stem_5p|part1	7	7	3.754	0.536286	0.536286
tRNA-Pro-TGG-1-1|acceptor_stem_5p|part1	7	7	4.45	0.635714	0.635714
tRNA-Pro-TGG-1-1|d_arm|part1	19	19	12.544	0.660211	0.660211
tRNA-Pro-TGG-1-1|anticodon_arm|part1	17	17	10.311	0.606529	0.606529
tRNA-Pro-TGG-1-1|anticodon|part1	3	3	1.98	0.66	0.66
tRNA-Pro-TGG-1-1|variable_region|part1	4	4	1.757	0.43925	0.43925
tRNA-Pro-TGG-1-1|t_arm|part1	17	17	10.974	0.645529	0.645529
tRNA-Pro-TGG-1-1|acceptor_stem_3p|part1	8	8	5.136	0.642	0.642
tRNA-Tyr-GTA-5-3|acceptor_stem_3p|part1	8	8	1.912	0.239	0.239
tRNA-Tyr-GTA-5-3|t_arm|part1	17	17	5.616	0.330353	0.330353
tRNA-Tyr-GTA-5-3|variable_region|part1	5	5	1.498	0.2996	0.2996
tRNA-Tyr-GTA-5-3|anticodon_arm|part2	6	6	2.133	0.3555	0.3555
tRNA-Tyr-GTA-5-3|intron|part1	21	21	-6.473	-0.308238	-0.308238
tRNA-Tyr-GTA-5-3|anticodon_arm|part1	11	11	3.415	0.310455	0.310455
tRNA-Tyr-GTA-5-3|anticodon|part1	3	3	1.417	0.472333	0.472333
tRNA-Tyr-GTA-5-3|d_arm|part1	19	19	6.433	0.338579	0.338579
tRNA-Tyr-GTA-5-3|acceptor_stem_5p|part1	7	7	0.882	0.126	0.126
tRNA-Tyr-GTA-4-1|acceptor_stem_3p|part1	8	8	4.015	0.501875	0.501875
tRNA-Tyr-GTA-4-1|t_arm|part1	17	17	6.951	0.408882	0.408882
tRNA-Tyr-GTA-4-1|variable_region|part1	5	5	2.105	0.421	0.421
tRNA-Tyr-GTA-4-1|anticodon_arm|part2	6	6	2.352	0.392	0.392
tRNA-Tyr-GTA-4-1|intron|part1	21	21	-6.182	-0.294381	-0.294381
tRNA-Tyr-GTA-4-1|anticodon_arm|part1	11	11	2.669	0.242636	0.242636
tRNA-Tyr-GTA-4-1|anticodon|part1	3	3	0.891	0.297	0.297
tRNA-Tyr-GTA-4-1|d_arm|part1	19	19	9.433	0.496474	0.496474
tRNA-Tyr-GTA-4-1|acceptor_stem_5p|part1	7	7	3.435	0.490714	0.490714
tRNA-Tyr-GTA-7-1|acceptor_stem_3p|part1	8	8	1.857	0.232125	0.232125
tRNA-Tyr-GTA-7-1|t_arm|part1	17	17	0.492	0.0289412	0.0289412
tRNA-Tyr-GTA-7-1|variable_region|part1	5	5	2.914	0.5828	0.5828
tRNA-Tyr-GTA-7-1|anticodon_arm|part2	6	6	3.783	0.6305	0.6305
tRNA-Tyr-GTA-7-1|intron|part1	21	21	-12.058	-0.57419	-0.57419
tRNA-Tyr-GTA-7-1|anticodon_arm|part1	11	11	3.948	0.358909	0.358909
tRNA-Tyr-GTA-7-1|anticodon|part1	3	3	0.999	0.333	0.333
tRNA-Tyr-GTA-7-1|d_arm|part1	19	19	6.244	0.328632	0.328632
tRNA-Tyr-GTA-7-1|acceptor_stem_5p|part1	7	7	3.446	0.492286	0.492286
tRNA-Tyr-GTA-5-4|acceptor_stem_3p|part1	8	8	2.153	0.269125	0.269125
tRNA-Tyr-GTA-5-4|t_arm|part1	17	17	5.834	0.343176	0.343176
tRNA-Tyr-GTA-5-4|variable_region|part1	5	5	2.377	0.4754	0.4754
tRNA-Tyr-GTA-5-4|anticodon_arm|part2	6	6	2.128	0.354667	0.354667
tRNA-Tyr-GTA-5-4|intron|part1	21	21	-13.138	-0.625619	-0.625619
tRNA-Tyr-GTA-5-4|anticodon_arm|part1	11	11	5.181	0.471	0.471
tRNA-Tyr-GTA-5-4|anticodon|part1	3	3	1.456	0.485333	0.485333
tRNA-Tyr-GTA-5-4|d_arm|part1	19	19	5.754	0.302842	0.302842
tRNA-Tyr-GTA-5-4|acceptor_stem_5p|part1	7	7	2.68	0.382857	0.382857
tRNA-Leu-TAG-4-1|acceptor_stem_3p|part1	8	8	2.425	0.303125	0.303125
tRNA-Leu-TAG-4-1|t_arm|part1	17	17	1.249	0.0734706	0.0734706
tRNA-Leu-TAG-4-1|variable_region|part1	14	14	2.126	0.151857	0.151857
tRNA-Leu-TAG-4-1|anticodon_arm|part1	17	17	0.0549999	0.00323529	0.00323529
tRNA-Leu-TAG-4-1|anticodon|part1	3	3	0.54	0.18	0.18
tRNA-Leu-TAG-4-1|d_arm|part1	19	19	-0.467	-0.0245789	-0.0245789
tRNA-Leu-TAG-4-1|acceptor_stem_5p|part1	7	7	-0.572	-0.0817143	-0.0817143
tRNA-Thr-TGT-5-1|acceptor_stem_5p|part1	7	7	4.57	0.652857	0.652857
tRNA-Thr-TGT-5-1|d_arm|part1	19	19	12.969	0.682579	0.682579
tRNA-Thr-TGT-5-1|anticodon_arm|part1	17	17	11.449	0.673471	0.673471
tRNA-Thr-TGT-5-1|anticodon|part1	3	3	2.006	0.668667	0.668667
tRNA-Thr-TGT-5-1|variable_region|part1	5	5	3.292	0.6584	0.6584
tRNA-Thr-TGT-5-1|t_arm|part1	17	17	11.383	0.669588	0.669588
tRNA-Thr-TGT-5-1|acceptor_stem_3p|part1	8	8	5.232	0.654	0.654
tRNA-Tyr-GTA-5-5|acceptor_stem_5p|part1	7	7	4.559	0.651286	0.651286
tRNA-Tyr-GTA-5-5|d_arm|part1	19	19	12.812	0.674316	0.674316
tRNA-Tyr-GTA-5-5|anticodon_arm|part1	11	11	7.577	0.688818	0.688818
tRNA-Tyr-GTA-5-5|anticodon|part1	3	3	2.097	0.699	0.699
tRNA-Tyr-GTA-5-5|intron|part1	16	16	-17.666	-1.10413	-1.10413
tRNA-Tyr-GTA-5-5|anticodon_arm|part2	6	6	3.949	0.658167	0.658167
tRNA-Tyr-GTA-5-5|variable_region|part1	5	5	3.372	0.6744	0.6744
tRNA-Tyr-GTA-5-5|t_arm|part1	17	17	11.132	0.654824	0.654824
tRNA-Tyr-GTA-5-5|acceptor_stem_3p|part1	8	8	4.763	0.595375	0.595375
tRNA-Pro-TGG-3-2|acceptor_stem_5p|part1	7	7	4.556	0.650857	0.650857
tRNA-Pro-TGG-3-2|d_arm|part1	19	19	12.853	0.676474	0.676474
tRNA-Pro-TGG-3-2|anticodon_arm|part1	17	17	11.366	0.668588	0.668588
tRNA-Pro-TGG-3-2|anticodon|part1	3	3	2.028	0.676	0.676
tRNA-Pro-TGG-3-2|variable_region|part1	4	4	2.616	0.654	0.654
tRNA-Pro-TGG-3-2|t_arm|part1	17	17	11.237	0.661	0.661
tRNA-Pro-TGG-3-2|acceptor_stem_3p|part1	8	8	5.26	0.6575	0.6575
tRNA-Arg-ACG-1-3|acceptor_stem_5p|part1	7	7	4.631	0.661571	0.661571
tRNA-Arg-ACG-1-3|d_arm|part1	19	19	12.826	0.675053	0.675053
tRNA-Arg-ACG-1-3|anticodon_arm|part1	17	17	11.471	0.674765	0.674765
tRNA-Arg-ACG-1-3|anticodon|part1	3	3	2.019	0.673	0.673
tRNA-Arg-ACG-1-3|variable_region|part1	5	5	3.496	0.6992	0.6992
tRNA-Arg-ACG-1-3|t_arm|part1	17	17	10.309	0.606412	0.606412
tRNA-Arg-ACG-1-3|acceptor_stem_3p|part1	8	8	5.126	0.64075	0.64075
tRNA-Glu-TTC-11-1|acceptor_stem_3p|part1	8	8	-1.018	-0.12725	-0.12725
tRNA-Glu-TTC-11-1|t_arm|part1	17	17	4.665	0.274412	0.274412
tRNA-Glu-TTC-11-1|variable_region|part1	7	7	1.918	0.274	0.274
tRNA-Glu-TTC-11-1|anticodon_arm|part1	17	17	1.6	0.0941177	0.0941177
tRNA-Glu-TTC-11-1|anticodon|part1	3	3	0.867	0.289	0.289
tRNA-Glu-TTC-11-1|d_arm|part1	19	19	1.987	0.104579	0.104579
tRNA-Glu-TTC-11-1|acceptor_stem_5p|part1	7	7	1.919	0.274143	0.274143
tRNA-Lys-CTT-1-1|acceptor_stem_3p|part1	8	8	5.183	0.647875	0.647875
tRNA-Lys-CTT-1-1|t_arm|part1	17	17	10.474	0.616118	0.616118
tRNA-Lys-CTT-1-1|variable_region|part1	5	5	3.229	0.6458	0.6458
tRNA-Lys-CTT-1-1|anticodon_arm|part1	17	17	10.821	0.636529	0.636529
tRNA-Lys-CTT-1-1|anticodon|part1	3	3	1.392	0.464	0.464
tRNA-Lys-CTT-1-1|d_arm|part1	19	19	12.647	0.665632	0.665632
tRNA-Lys-CTT-1-1|acceptor_stem_5p|part1	7	7	3.726	0.532286	0.532286
tRNA-Cys-GCA-8-1|acceptor_stem_5p|part1	7	7	2.644	0.377714	0.377714
tRNA-Cys-GCA-8-1|d_arm|part1	19	19	5.163	0.271737	0.271737
tRNA-Cys-GCA-8-1|anticodon_arm|part1	17	17	5.558	0.326941	0.326941
tRNA-Cys-GCA-8-1|anticodon|part1	3	3	1.119	0.373	0.373
tRNA-Cys-GCA-8-1|variable_region|part1	4	4	1.445	0.36125	0.36125
tRNA-Cys-GCA-8-1|t_arm|part1	17	17	2.449	0.144059	0.144059
tRNA-Cys-GCA-8-1|acceptor_stem_3p|part1	8	8	2.77	0.34625	0.34625
tRNA-Ala-AGC-15-1|acceptor_stem_5p|part1	7	7	0.551	0.0787143	0.0787143
tRNA-Ala-AGC-15-1|d_arm|part1	19	19	2.458	0.129368	0.129368
tRNA-Ala-AGC-15-1|anticodon_arm|part1	17	17	2.642	0.155412	0.155412
tRNA-Ala-AGC-15-1|anticodon|part1	3	3	0.263	0.0876667	0.0876667
tRNA-Ala-AGC-15-1|variable_region|part1	5	5	1.938	0.3876	0.3876
tRNA-Ala-AGC-15-1|t_arm|part1	17	17	1.908	0.112235	0.112235
tRNA-Ala-AGC-15-1|acceptor_stem_3p|part1	8	8	2.923	0.365375	0.365375
tRNA-Ile-AAT-5-4|acceptor_stem_5p|part1	7	7	4.541	0.648714	0.648714
tRNA-Ile-AAT-5-4|d_arm|part1	19	19	12.79	0.673158	0.673158
tRNA-Ile-AAT-5-4|anticodon_arm|part1	17	17	11.392	0.670118	0.670118
tRNA-Ile-AAT-5-4|anticodon|part1	3	3	2.163	0.721	0.721
tRNA-Ile-AAT-5-4|variable_region|part1	6	6	4.103	0.683833	0.683833
tRNA-Ile-AAT-5-4|t_arm|part1	17	17	11.003	0.647235	0.647235
tRNA-Ile-AAT-5-4|acceptor_stem_3p|part1	8	8	5.306	0.66325	0.66325
tRNA-Glu-TTC-2-2|acceptor_stem_3p|part1	8	8	5.238	0.65475	0.65475
tRNA-Glu-TTC-2-2|t_arm|part1	17	17	11.259	0.662294	0.662294
tRNA-Glu-TTC-2-2|variable_region|part1	4	4	2.55	0.6375	0.6375
tRNA-Glu-TTC-2-2|anticodon_arm|part1	17	17	11.562	0.680118	0.680118
tRNA-Glu-TTC-2-2|anticodon|part1	3	3	2.188	0.729333	0.729333
tRNA-Glu-TTC-2-2|d_arm|part1	19	19	12.832	0.675368	0.675368
tRNA-Glu-TTC-2-2|acceptor_stem_5p|part1	7	7	4.79	0.684286	0.684286
tRNA-Ser-GCT-4-2|acceptor_stem_3p|part1	8	8	5.414	0.67675	0.67675
tRNA-Ser-GCT-4-2|t_arm|part1	17	17	11.458	0.674	0.674
tRNA-Ser-GCT-4-2|variable_region|part1	14	14	8.674	0.619571	0.619571
tRNA-Ser-GCT-4-2|anticodon_arm|part1	17	17	11.606	0.682706	0.682706
tRNA-Ser-GCT-4-2|anticodon|part1	3	3	2.031	0.677	0.677
tRNA-Ser-GCT-4-2|d_arm|part1	19	19	12.438	0.654632	0.654632
tRNA-Ser-GCT-4-2|acceptor_stem_5p|part1	7	7	4.402	0.628857	0.628857
tRNA-His-GTG-1-7|acceptor_stem_3p|part1	8	8	5.312	0.664	0.664
tRNA-His-GTG-1-7|t_arm|part1	17	17	11.394	0.670235	0.670235
tRNA-His-GTG-1-7|variable_region|part1	4	4	2.682	0.6705	0.6705
tRNA-His-GTG-1-7|anticodon_arm|part1	17	17	11.262	0.662471	0.662471
tRNA-His-GTG-1-7|anticodon|part1	3	3	1.954	0.651333	0.651333
tRNA-His-GTG-1-7|d_arm|part1	19	19	13.055	0.687105	0.687105
tRNA-His-GTG-1-7|acceptor_stem_5p|part1	7	7	4.57	0.652857	0.652857
tRNA-His-GTG-1-8|acceptor_stem_3p|part1	8	8	4.828	0.6035	0.6035
tRNA-His-GTG-1-8|t_arm|part1	17	17	10.354	0.609059	0.609059
tRNA-His-GTG-1-8|variable_region|part1	4	4	2.438	0.6095	0.6095
tRNA-His-GTG-1-8|anticodon_arm|part1	17	17	9.452	0.556	0.556
tRNA-His-GTG-1-8|anticodon|part1	3	3	0.994	0.331333	0.331333
tRNA-His-GTG-1-8|d_arm|part1	19	19	11.861	0.624263	0.624263
tRNA-His-GTG-1-8|acceptor_stem_5p|part1	7	7	4.154	0.593429	0.593429
tRNA-His-GTG-1-9|acceptor_stem_5p|part1	7	7	4.62	0.66	0.66
tRNA-His-GTG-1-9|d_arm|part1	19	19	12.844	0.676	0.676
tRNA-His-GTG-1-9|anticodon_arm|part1	17	17	9.533	0.560765	0.560765
tRNA-His-GTG-1-9|anticodon|part1	3	3	1.232	0.410667	0.410667
tRNA-His-GTG-1-9|variable_region|part1	4	4	2.694	0.6735	0.6735
tRNA-His-GTG-1-9|t_arm|part1	17	17	11.237	0.661	0.661
tRNA-His-GTG-1-9|acceptor_stem_3p|part1	8	8	5.295	0.661875	0.661875
tRNA-Gln-CTG-1-4|acceptor_stem_3p|part1	8	8	4.704	0.588	0.588
tRNA-Gln-CTG-1-4|t_arm|part1	17	17	9.998	0.588118	0.588118
tRNA-Gln-CTG-1-4|variable_region|part1	4	4	2.352	0.588	0.588
tRNA-Gln-CTG-1-4|anticodon_arm|part1	17	17	9.998	0.588118	0.588118
tRNA-Gln-CTG-1-4|anticodon|part1	3	3	1.772	0.590667	0.590667
tRNA-Gln-CTG-1-4|d_arm|part1	19	19	11.25	0.592105	0.592105
tRNA-Gln-CTG-1-4|acceptor_stem_5p|part1	7	7	4.124	0.589143	0.589143
tRNA-Lys-CTT-16-1|acceptor_stem_3p|part1	8	8	2.403	0.300375	0.300375
tRNA-Lys-CTT-16-1|t_arm|part1	17	17	0.337	0.0198235	0.0198235
tRNA-Lys-CTT-16-1|variable_region|part1	6	6	1.587	0.2645	0.2645
tRNA-Lys-CTT-16-1|anticodon_arm|part1	17	17	4.89	0.287647	0.287647
tRNA-Lys-CTT-16-1|anticodon|part1	3	3	1.254	0.418	0.418
tRNA-Lys-CTT-16-1|d_arm|part1	19	19	2.007	0.105632	0.105632
tRNA-Lys-CTT-16-1|acceptor_stem_5p|part1	7	7	-1.536	-0.219429	-0.219429
tRNA-Lys-CTT-1-2|acceptor_stem_5p|part1	7	7	4.424	0.632	0.632
tRNA-Lys-CTT-1-2|d_arm|part1	19	19	12.892	0.678526	0.678526
tRNA-Lys-CTT-1-2|anticodon_arm|part1	17	17	9.819	0.577588	0.577588
tRNA-Lys-CTT-1-2|anticodon|part1	3	3	1.929	0.643	0.643
tRNA-Lys-CTT-1-2|variable_region|part1	5	5	3.292	0.6584	0.6584
tRNA-Lys-CTT-1-2|t_arm|part1	17	17	11.157	0.656294	0.656294
tRNA-Lys-CTT-1-2|acceptor_stem_3p|part1	8	8	5.309	0.663625	0.663625
tRNA-Cys-GCA-5-1|acceptor_stem_5p|part1	7	7	1.919	0.274143	0.274143
tRNA-Cys-GCA-5-1|d_arm|part1	19	19	1.391	0.0732105	0.0732105
tRNA-Cys-GCA-5-1|anticodon_arm|part1	17	17	-2.928	-0.172235	-0.172235
tRNA-Cys-GCA-5-1|anticodon|part1	3	3	-1.373	-0.457667	-0.457667
tRNA-Cys-GCA-5-1|variable_region|part1	5	5	-3.151	-0.6302	-0.6302
tRNA-Cys-GCA-5-1|t_arm|part1	17	17	-0.613	-0.0360588	-0.0360588
tRNA-Cys-GCA-5-1|acceptor_stem_3p|part1	8	8	2.018	0.25225	0.25225
tRNA-Arg-TCG-1-1|acceptor_stem_5p|part1	7	7	4.119	0.588429	0.588429
tRNA-Arg-TCG-1-1|d_arm|part1	19	19	11.864	0.624421	0.624421
tRNA-Arg-TCG-1-1|anticodon_arm|part1	17	17	10.477	0.616294	0.616294
tRNA-Arg-TCG-1-1|anticodon|part1	3	3	1.776	0.592	0.592
tRNA-Arg-TCG-1-1|variable_region|part1	5	5	3.218	0.6436	0.6436
tRNA-Arg-TCG-1-1|t_arm|part1	17	17	10.271	0.604176	0.604176
tRNA-Arg-TCG-1-1|acceptor_stem_3p|part1	8	8	4.728	0.591	0.591
tRX-Lys-NNN-3-1|acceptor_stem_5p|part1	7	7	1.582	0.226	0.226
tRX-Lys-NNN-3-1|d_arm|part1	19	19	1.296	0.0682105	0.0682105
tRX-Lys-NNN-3-1|anticodon_arm|part1	17	17	2.871	0.168882	0.168882
tRX-Lys-NNN-3-1|anticodon|part1	3	3	0.49	0.163333	0.163333
tRX-Lys-NNN-3-1|variable_region|part1	5	5	0.835	0.167	0.167
tRX-Lys-NNN-3-1|t_arm|part1	17	17	-2.561	-0.150647	-0.150647
tRX-Lys-NNN-3-1|acceptor_stem_3p|part1	8	8	-3.076	-0.3845	-0.3845
tRNA-Gly-CCC-2-2|acceptor_stem_3p|part1	8	8	4.452	0.5565	0.5565
tRNA-Gly-CCC-2-2|t_arm|part1	17	17	9.908	0.582824	0.582824
tRNA-Gly-CCC-2-2|variable_region|part1	3	3	1.697	0.565667	0.565667
tRNA-Gly-CCC-2-2|anticodon_arm|part1	17	17	10.282	0.604824	0.604824
tRNA-Gly-CCC-2-2|anticodon|part1	3	3	1.762	0.587333	0.587333
tRNA-Gly-CCC-2-2|d_arm|part1	19	19	11.214	0.590211	0.590211
tRNA-Gly-CCC-2-2|acceptor_stem_5p|part1	7	7	3.935	0.562143	0.562143
tRNA-Arg-CCG-1-3|acceptor_stem_5p|part1	7	7	4.476	0.639429	0.639429
tRNA-Arg-CCG-1-3|d_arm|part1	19	19	12.891	0.678474	0.678474
tRNA-Arg-CCG-1-3|anticodon_arm|part1	17	17	11.381	0.669471	0.669471
tRNA-Arg-CCG-1-3|anticodon|part1	3	3	1.864	0.621333	0.621333
tRNA-Arg-CCG-1-3|variable_region|part1	5	5	3.496	0.6992	0.6992
tRNA-Arg-CCG-1-3|t_arm|part1	17	17	10.258	0.603412	0.603412
tRNA-Arg-CCG-1-3|acceptor_stem_3p|part1	8	8	5.202	0.65025	0.65025
tRNA-Arg-CCT-3-1|acceptor_stem_5p|part1	7	7	3.635	0.519286	0.519286
tRNA-Arg-CCT-3-1|d_arm|part1	19	19	10.69	0.562632	0.562632
tRNA-Arg-CCT-3-1|anticodon_arm|part1	17	17	9.557	0.562176	0.562176
tRNA-Arg-CCT-3-1|anticodon|part1	3	3	1.853	0.617667	0.617667
tRNA-Arg-CCT-3-1|variable_region|part1	5	5	3.417	0.6834	0.6834
tRNA-Arg-CCT-3-1|t_arm|part1	17	17	7.198	0.423412	0.423412
tRNA-Arg-CCT-3-1|acceptor_stem_3p|part1	8	8	3.681	0.460125	0.460125
tRNA-Lys-CTT-3-1|acceptor_stem_3p|part1	8	8	1.888	0.236	0.236
tRNA-Lys-CTT-3-1|t_arm|part1	17	17	6.202	0.364824	0.364824
tRNA-Lys-CTT-3-1|variable_region|part1	5	5	1.135	0.227	0.227
tRNA-Lys-CTT-3-1|anticodon_arm|part1	17	17	5.162	0.303647	0.303647
tRNA-Lys-CTT-3-1|anticodon|part1	3	3	1.838	0.612667	0.612667
tRNA-Lys-CTT-3-1|d_arm|part1	19	19	9.028	0.475158	0.475158
tRNA-Lys-CTT-3-1|acceptor_stem_5p|part1	7	7	2.654	0.379143	0.379143
tRNA-Pro-TGG-3-3|acceptor_stem_5p|part1	7	7	3.636	0.519429	0.519429
tRNA-Pro-TGG-3-3|d_arm|part1	19	19	4.895	0.257632	0.257632
tRNA-Pro-TGG-3-3|anticodon_arm|part1	17	17	4.283	0.251941	0.251941
tRNA-Pro-TGG-3-3|anticodon|part1	3	3	0.766	0.255333	0.255333
tRNA-Pro-TGG-3-3|variable_region|part1	4	4	1.292	0.323	0.323
tRNA-Pro-TGG-3-3|t_arm|part1	17	17	4.075	0.239706	0.239706
tRNA-Pro-TGG-3-3|acceptor_stem_3p|part1	8	8	3.471	0.433875	0.433875
tRNA-Lys-CTT-8-1|acceptor_stem_5p|part1	7	7	-0.339	-0.0484286	-0.0484286
tRNA-Lys-CTT-8-1|d_arm|part1	19	19	5.058	0.266211	0.266211
tRNA-Lys-CTT-8-1|anticodon_arm|part1	17	17	6.583	0.387235	0.387235
tRNA-Lys-CTT-8-1|anticodon|part1	3	3	1.383	0.461	0.461
tRNA-Lys-CTT-8-1|variable_region|part1	5	5	1.58	0.316	0.316
tRNA-Lys-CTT-8-1|t_arm|part1	17	17	-2.603	-0.153118	-0.153118
tRNA-Lys-CTT-8-1|acceptor_stem_3p|part1	8	8	0.337	0.042125	0.042125
tRNA-Pro-TGG-4-1|acceptor_stem_3p|part1	8	8	2.539	0.317375	0.317375
tRNA-Pro-TGG-4-1|t_arm|part1	17	17	-2.907	-0.171	-0.171
tRNA-Pro-TGG-4-1|variable_region|part1	3	3	-0.02	-0.00666667	-0.00666667
tRNA-Pro-TGG-4-1|anticodon_arm|part1	17	17	3.662	0.215412	0.215412
tRNA-Pro-TGG-4-1|anticodon|part1	3	3	-0.116	-0.0386667	-0.0386667
tRNA-Pro-TGG-4-1|d_arm|part1	19	19	-1.563	-0.0822632	-0.0822632
tRNA-Pro-TGG-4-1|acceptor_stem_5p|part1	7	7	0.265	0.0378571	0.0378571
tRNA-Pro-CGG-1-2|acceptor_stem_5p|part1	7	7	2.421	0.345857	0.345857
tRNA-Pro-CGG-1-2|d_arm|part1	19	19	6.805	0.358158	0.358158
tRNA-Pro-CGG-1-2|anticodon_arm|part1	17	17	4.191	0.246529	0.246529
tRNA-Pro-CGG-1-2|anticodon|part1	3	3	1.077	0.359	0.359
tRNA-Pro-CGG-1-2|variable_region|part1	4	4	1.39	0.3475	0.3475
tRNA-Pro-CGG-1-2|t_arm|part1	17	17	5.037	0.296294	0.296294
tRNA-Pro-CGG-1-2|acceptor_stem_3p|part1	8	8	2.79	0.34875	0.34875
tRNA-Lys-CTT-2-5|acceptor_stem_5p|part1	7	7	2.758	0.394	0.394
tRNA-Lys-CTT-2-5|d_arm|part1	19	19	7.146	0.376105	0.376105
tRNA-Lys-CTT-2-5|anticodon_arm|part1	17	17	5.234	0.307882	0.307882
tRNA-Lys-CTT-2-5|anticodon|part1	3	3	1.199	0.399667	0.399667
tRNA-Lys-CTT-2-5|variable_region|part1	5	5	2.034	0.4068	0.4068
tRNA-Lys-CTT-2-5|t_arm|part1	17	17	4.882	0.287176	0.287176
tRNA-Lys-CTT-2-5|acceptor_stem_3p|part1	8	8	1.665	0.208125	0.208125
tRNA-Lys-CTT-5-1|acceptor_stem_3p|part1	8	8	0.412	0.0515	0.0515
tRNA-Lys-CTT-5-1|t_arm|part1	17	17	2.934	0.172588	0.172588
tRNA-Lys-CTT-5-1|variable_region|part1	5	5	0.425	0.085	0.085
tRNA-Lys-CTT-5-1|anticodon_arm|part1	17	17	4.716	0.277412	0.277412
tRNA-Lys-CTT-5-1|anticodon|part1	3	3	1.451	0.483667	0.483667
tRNA-Lys-CTT-5-1|d_arm|part1	19	19	2.334	0.122842	0.122842
tRNA-Lys-CTT-5-1|acceptor_stem_5p|part1	7	7	-1.539	-0.219857	-0.219857
tRNA-Pro-AGG-2-7|acceptor_stem_3p|part1	8	8	0.0630001	0.00787501	0.00787501
tRNA-Pro-AGG-2-7|t_arm|part1	17	17	1.713	0.100765	0.100765
tRNA-Pro-AGG-2-7|variable_region|part1	4	4	1.431	0.35775	0.35775
tRNA-Pro-AGG-2-7|anticodon_arm|part1	17	17	2.539	0.149353	0.149353
tRNA-Pro-AGG-2-7|anticodon|part1	3	3	-0.832	-0.277333	-0.277333
tRNA-Pro-AGG-2-7|d_arm|part1	19	19	6.964	0.366526	0.366526
tRNA-Pro-AGG-2-7|acceptor_stem_5p|part1	7	7	1.668	0.238286	0.238286
tRNA-Pro-TGG-3-4|acceptor_stem_3p|part1	8	8	1.928	0.241	0.241
tRNA-Pro-TGG-3-4|t_arm|part1	17	17	-1.287	-0.0757059	-0.0757059
tRNA-Pro-TGG-3-4|variable_region|part1	4	4	-0.316	-0.079	-0.079
tRNA-Pro-TGG-3-4|anticodon_arm|part1	17	17	1.778	0.104588	0.104588
tRNA-Pro-TGG-3-4|anticodon|part1	3	3	0.075	0.025	0.025
tRNA-Pro-TGG-3-4|d_arm|part1	19	19	3.523	0.185421	0.185421
tRNA-Pro-TGG-3-4|acceptor_stem_5p|part1	7	7	0.657	0.0938571	0.0938571
tRNA-Pro-TGG-3-5|acceptor_stem_5p|part1	7	7	0.975	0.139286	0.139286
tRNA-Pro-TGG-3-5|d_arm|part1	19	19	4.214	0.221789	0.221789
tRNA-Pro-TGG-3-5|anticodon_arm|part1	17	17	2.477	0.145706	0.145706
tRNA-Pro-TGG-3-5|anticodon|part1	3	3	0.756	0.252	0.252
tRNA-Pro-TGG-3-5|variable_region|part1	4	4	0.474	0.1185	0.1185
tRNA-Pro-TGG-3-5|t_arm|part1	17	17	-3.764	-0.221412	-0.221412
tRNA-Pro-TGG-3-5|acceptor_stem_3p|part1	8	8	0.668	0.0835	0.0835
tRNA-Pro-AGG-2-8|acceptor_stem_5p|part1	7	7	2.918	0.416857	0.416857
tRNA-Pro-AGG-2-8|d_arm|part1	19	19	10.508	0.553053	0.553053
tRNA-Pro-AGG-2-8|anticodon_arm|part1	17	17	9.831	0.578294	0.578294
tRNA-Pro-AGG-2-8|anticodon|part1	3	3	2.016	0.672	0.672
tRNA-Pro-AGG-2-8|variable_region|part1	4	4	2.601	0.65025	0.65025
tRNA-Pro-AGG-2-8|t_arm|part1	17	17	6.109	0.359353	0.359353
tRNA-Pro-AGG-2-8|acceptor_stem_3p|part1	8	8	1.958	0.24475	0.24475
tRNA-Lys-CTT-4-1|acceptor_stem_5p|part1	7	7	1.102	0.157429	0.157429
tRNA-Lys-CTT-4-1|d_arm|part1	19	19	8.219	0.432579	0.432579
tRNA-Lys-CTT-4-1|anticodon_arm|part1	17	17	8.09	0.475882	0.475882
tRNA-Lys-CTT-4-1|anticodon|part1	3	3	1.744	0.581333	0.581333
tRNA-Lys-CTT-4-1|variable_region|part1	5	5	2.184	0.4368	0.4368
tRNA-Lys-CTT-4-1|t_arm|part1	17	17	7.512	0.441882	0.441882
tRNA-Lys-CTT-4-1|acceptor_stem_3p|part1	8	8	2.343	0.292875	0.292875
tRNA-Pro-AGG-1-1|acceptor_stem_5p|part1	7	7	-0.491	-0.0701429	-0.0701429
tRNA-Pro-AGG-1-1|d_arm|part1	19	19	1.487	0.0782632	0.0782632
tRNA-Pro-AGG-1-1|anticodon_arm|part1	17	17	-1.461	-0.0859412	-0.0859412
tRNA-Pro-AGG-1-1|anticodon|part1	3	3	-0.832	-0.277333	-0.277333
tRNA-Pro-AGG-1-1|variable_region|part1	4	4	-0.025	-0.00625	-0.00625
tRNA-Pro-AGG-1-1|t_arm|part1	17	17	-2.045	-0.120294	-0.120294
tRNA-Pro-AGG-1-1|acceptor_stem_3p|part1	8	8	-2.857	-0.357125	-0.357125
tRNA-Arg-CCT-5-1|acceptor_stem_5p|part1	7	7	1.269	0.181286	0.181286
tRNA-Arg-CCT-5-1|d_arm|part1	19	19	-0.0710001	-0.00373684	-0.00373684
tRNA-Arg-CCT-5-1|anticodon_arm|part1	17	17	2.259	0.132882	0.132882
tRNA-Arg-CCT-5-1|anticodon|part1	3	3	0.058	0.0193333	0.0193333
tRNA-Arg-CCT-5-1|variable_region|part1	5	5	0.988	0.1976	0.1976
tRNA-Arg-CCT-5-1|t_arm|part1	17	17	4.086	0.240353	0.240353
tRNA-Arg-CCT-5-1|acceptor_stem_3p|part1	8	8	1.95	0.24375	0.24375
tRNA-Lys-CTT-14-1|acceptor_stem_5p|part1	7	7	0.522	0.0745714	0.0745714
tRNA-Lys-CTT-14-1|d_arm|part1	19	19	2.23	0.117368	0.117368
tRNA-Lys-CTT-14-1|anticodon_arm|part1	17	17	1.531	0.0900588	0.0900588
tRNA-Lys-CTT-14-1|anticodon|part1	3	3	0.139	0.0463333	0.0463333
tRNA-Lys-CTT-14-1|variable_region|part1	5	5	-0.874	-0.1748	-0.1748
tRNA-Lys-CTT-14-1|t_arm|part1	17	17	-0.894	-0.0525882	-0.0525882
tRNA-Lys-CTT-14-1|acceptor_stem_3p|part1	8	8	-0.00500001	-0.000625001	-0.000625001
tRNA-Thr-CGT-2-1|acceptor_stem_5p|part1	7	7	4.552	0.650286	0.650286
tRNA-Thr-CGT-2-1|d_arm|part1	19	19	12.812	0.674316	0.674316
tRNA-Thr-CGT-2-1|anticodon_arm|part1	17	17	11.406	0.670941	0.670941
tRNA-Thr-CGT-2-1|anticodon|part1	3	3	2.084	0.694667	0.694667
tRNA-Thr-CGT-2-1|variable_region|part1	4	4	2.68	0.67	0.67
tRNA-Thr-CGT-2-1|t_arm|part1	17	17	11.172	0.657176	0.657176
tRNA-Thr-CGT-2-1|acceptor_stem_3p|part1	8	8	5.05	0.63125	0.63125
tRNA-Leu-TAG-3-1|acceptor_stem_3p|part1	8	8	4.87	0.60875	0.60875
tRNA-Leu-TAG-3-1|t_arm|part1	17	17	11.394	0.670235	0.670235
tRNA-Leu-TAG-3-1|variable_region|part1	14	14	9.534	0.681	0.681
tRNA-Leu-TAG-3-1|anticodon_arm|part1	17	17	11.474	0.674941	0.674941
tRNA-Leu-TAG-3-1|anticodon|part1	3	3	2.177	0.725667	0.725667
tRNA-Leu-TAG-3-1|d_arm|part1	19	19	11.714	0.616526	0.616526
tRNA-Leu-TAG-3-1|acceptor_stem_5p|part1	7	7	4.493	0.641857	0.641857
tRNA-Leu-AAG-2-4|acceptor_stem_5p|part1	7	7	4.696	0.670857	0.670857
tRNA-Leu-AAG-2-4|d_arm|part1	19	19	12.592	0.662737	0.662737
tRNA-Leu-AAG-2-4|anticodon_arm|part1	17	17	10.611	0.624176	0.624176
tRNA-Leu-AAG-2-4|anticodon|part1	3	3	2.163	0.721	0.721
tRNA-Leu-AAG-2-4|variable_region|part1	14	14	9.06	0.647143	0.647143
tRNA-Leu-AAG-2-4|t_arm|part1	17	17	11.237	0.661	0.661
tRNA-Leu-AAG-2-4|acceptor_stem_3p|part1	8	8	5.14	0.6425	0.6425
tRNA-Leu-CAG-2-1|acceptor_stem_5p|part1	7	7	4.19	0.598571	0.598571
tRNA-Leu-CAG-2-1|d_arm|part1	19	19	11.054	0.581789	0.581789
tRNA-Leu-CAG-2-1|anticodon_arm|part1	17	17	9.796	0.576235	0.576235
tRNA-Leu-CAG-2-1|anticodon|part1	3	3	1.762	0.587333	0.587333
tRNA-Leu-CAG-2-1|variable_region|part1	15	15	8.492	0.566133	0.566133
tRNA-Leu-CAG-2-1|t_arm|part1	17	17	9.864	0.580235	0.580235
tRNA-Leu-CAG-2-1|acceptor_stem_3p|part1	8	8	4.694	0.58675	0.58675
tRNA-Leu-CAG-2-2|acceptor_stem_3p|part1	8	8	5.028	0.6285	0.6285
tRNA-Leu-CAG-2-2|t_arm|part1	17	17	10.33	0.607647	0.607647
tRNA-Leu-CAG-2-2|variable_region|part1	15	15	8.271	0.5514	0.5514
tRNA-Leu-CAG-2-2|anticodon_arm|part1	17	17	10.276	0.604471	0.604471
tRNA-Leu-CAG-2-2|anticodon|part1	3	3	1.9	0.633333	0.633333
tRNA-Leu-CAG-2-2|d_arm|part1	19	19	11.382	0.599053	0.599053
tRNA-Leu-CAG-2-2|acceptor_stem_5p|part1	7	7	4.174	0.596286	0.596286
tRNA-Gly-GCC-3-1|acceptor_stem_3p|part1	8	8	2.384	0.298	0.298
tRNA-Gly-GCC-3-1|t_arm|part1	17	17	6.075	0.357353	0.357353
tRNA-Gly-GCC-3-1|variable_region|part1	3	3	1.874	0.624667	0.624667
tRNA-Gly-GCC-3-1|anticodon_arm|part1	17	17	5.896	0.346824	0.346824
tRNA-Gly-GCC-3-1|anticodon|part1	3	3	2.017	0.672333	0.672333
tRNA-Gly-GCC-3-1|d_arm|part1	19	19	11.354	0.597579	0.597579
tRNA-Gly-GCC-3-1|acceptor_stem_5p|part1	7	7	2.534	0.362	0.362
tRNA-Gly-GCC-2-4|acceptor_stem_3p|part1	8	8	4.59	0.57375	0.57375
tRNA-Gly-GCC-2-4|t_arm|part1	17	17	10.558	0.621059	0.621059
tRNA-Gly-GCC-2-4|variable_region|part1	3	3	1.874	0.624667	0.624667
tRNA-Gly-GCC-2-4|anticodon_arm|part1	17	17	11.168	0.656941	0.656941
tRNA-Gly-GCC-2-4|anticodon|part1	3	3	2.017	0.672333	0.672333
tRNA-Gly-GCC-2-4|d_arm|part1	19	19	12.86	0.676842	0.676842
tRNA-Gly-GCC-2-4|acceptor_stem_5p|part1	7	7	4.613	0.659	0.659
tRNA-Gly-GCC-5-1|acceptor_stem_5p|part1	7	7	4.713	0.673286	0.673286
tRNA-Gly-GCC-5-1|d_arm|part1	19	19	12.933	0.680684	0.680684
tRNA-Gly-GCC-5-1|anticodon_arm|part1	17	17	8.74	0.514118	0.514118
tRNA-Gly-GCC-5-1|anticodon|part1	3	3	1.954	0.651333	0.651333
tRNA-Gly-GCC-5-1|variable_region|part1	3	3	1.171	0.390333	0.390333
tRNA-Gly-GCC-5-1|t_arm|part1	17	17	7.337	0.431588	0.431588
tRNA-Gly-GCC-5-1|acceptor_stem_3p|part1	8	8	5.406	0.67575	0.67575
tRNA-Gly-GCC-2-5|acceptor_stem_5p|part1	7	7	0.742	0.106	0.106
tRNA-Gly-GCC-2-5|d_arm|part1	19	19	10.534	0.554421	0.554421
tRNA-Gly-GCC-2-5|anticodon_arm|part1	17	17	3.647	0.214529	0.214529
tRNA-Gly-GCC-2-5|anticodon|part1	3	3	1.954	0.651333	0.651333
tRNA-Gly-GCC-2-5|variable_region|part1	3	3	-1	-0.333333	-0.333333
tRNA-Gly-GCC-2-5|t_arm|part1	17	17	2.561	0.150647	0.150647
tRNA-Gly-GCC-2-5|acceptor_stem_3p|part1	8	8	4.598	0.57475	0.57475
tRNA-Met-CAT-2-1|acceptor_stem_5p|part1	7	7	3.627	0.518143	0.518143
tRNA-Met-CAT-2-1|d_arm|part1	19	19	9.509	0.500474	0.500474
tRNA-Met-CAT-2-1|anticodon_arm|part1	17	17	10.738	0.631647	0.631647
tRNA-Met-CAT-2-1|anticodon|part1	3	3	2.02	0.673333	0.673333
tRNA-Met-CAT-2-1|variable_region|part1	5	5	2.6	0.52	0.52
tRNA-Met-CAT-2-1|t_arm|part1	17	17	9.716	0.571529	0.571529
tRNA-Met-CAT-2-1|acceptor_stem_3p|part1	8	8	5.571	0.696375	0.696375
tRNA-Lys-TTT-1-1|acceptor_stem_3p|part1	8	8	1.189	0.148625	0.148625
tRNA-Lys-TTT-1-1|t_arm|part1	17	17	3.647	0.214529	0.214529
tRNA-Lys-TTT-1-1|variable_region|part1	5	5	0.885	0.177	0.177
tRNA-Lys-TTT-1-1|anticodon_arm|part1	17	17	6.506	0.382706	0.382706
tRNA-Lys-TTT-1-1|anticodon|part1	3	3	1.239	0.413	0.413
tRNA-Lys-TTT-1-1|d_arm|part1	19	19	4.331	0.227947	0.227947
tRNA-Lys-TTT-1-1|acceptor_stem_5p|part1	7	7	-0.389	-0.0555714	-0.0555714
tRNA-Met-CAT-6-1|acceptor_stem_3p|part1	8	8	1.103	0.137875	0.137875
tRNA-Met-CAT-6-1|t_arm|part1	17	17	4.839	0.284647	0.284647
tRNA-Met-CAT-6-1|variable_region|part1	5	5	1.494	0.2988	0.2988
tRNA-Met-CAT-6-1|anticodon_arm|part1	17	17	1.233	0.0725294	0.0725294
tRNA-Met-CAT-6-1|anticodon|part1	3	3	-0.037	-0.0123333	-0.0123333
tRNA-Met-CAT-6-1|d_arm|part1	19	19	4.371	0.230053	0.230053
tRNA-Met-CAT-6-1|acceptor_stem_5p|part1	7	7	-0.393	-0.0561429	-0.0561429
tRNA-Lys-TTT-3-5|acceptor_stem_5p|part1	7	7	4.581	0.654429	0.654429
tRNA-Lys-TTT-3-5|d_arm|part1	19	19	12.892	0.678526	0.678526
tRNA-Lys-TTT-3-5|anticodon_arm|part1	17	17	11.584	0.681412	0.681412
tRNA-Lys-TTT-3-5|anticodon|part1	3	3	1.995	0.665	0.665
tRNA-Lys-TTT-3-5|variable_region|part1	5	5	3.292	0.6584	0.6584
tRNA-Lys-TTT-3-5|t_arm|part1	17	17	11.303	0.664882	0.664882
tRNA-Lys-TTT-3-5|acceptor_stem_3p|part1	8	8	5.232	0.654	0.654
tRNA-Gln-CTG-1-5|acceptor_stem_5p|part1	7	7	4.636	0.662286	0.662286
tRNA-Gln-CTG-1-5|d_arm|part1	19	19	12.163	0.640158	0.640158
tRNA-Gln-CTG-1-5|anticodon_arm|part1	17	17	11.383	0.669588	0.669588
tRNA-Gln-CTG-1-5|anticodon|part1	3	3	1.94	0.646667	0.646667
tRNA-Gln-CTG-1-5|variable_region|part1	4	4	2.696	0.674	0.674
tRNA-Gln-CTG-1-5|t_arm|part1	17	17	11.383	0.669588	0.669588
tRNA-Gln-CTG-1-5|acceptor_stem_3p|part1	8	8	5.392	0.674	0.674
tRNA-Leu-TAG-1-1|acceptor_stem_3p|part1	8	8	5.323	0.665375	0.665375
tRNA-Leu-TAG-1-1|t_arm|part1	17	17	11.394	0.670235	0.670235
tRNA-Leu-TAG-1-1|variable_region|part1	14	14	9.388	0.670571	0.670571
tRNA-Leu-TAG-1-1|anticodon_arm|part1	17	17	11.474	0.674941	0.674941
tRNA-Leu-TAG-1-1|anticodon|part1	3	3	2.177	0.725667	0.725667
tRNA-Leu-TAG-1-1|d_arm|part1	19	19	12.435	0.654474	0.654474
tRNA-Leu-TAG-1-1|acceptor_stem_5p|part1	7	7	4.493	0.641857	0.641857
tRNA-Arg-TCT-2-1|acceptor_stem_5p|part1	7	7	4.556	0.650857	0.650857
tRNA-Arg-TCT-2-1|d_arm|part1	19	19	12.903	0.679105	0.679105
tRNA-Arg-TCT-2-1|anticodon_arm|part1	11	11	7.387	0.671545	0.671545
tRNA-Arg-TCT-2-1|anticodon|part1	3	3	1.929	0.643	0.643
tRNA-Arg-TCT-2-1|intron|part1	15	15	2.058	0.1372	0.1372
tRNA-Arg-TCT-2-1|anticodon_arm|part2	6	6	4.197	0.6995	0.6995
tRNA-Arg-TCT-2-1|variable_region|part1	5	5	3.438	0.6876	0.6876
tRNA-Arg-TCT-2-1|t_arm|part1	17	17	8.78	0.516471	0.516471
tRNA-Arg-TCT-2-1|acceptor_stem_3p|part1	8	8	5.403	0.675375	0.675375
tRNA-Gly-GCC-2-6|acceptor_stem_5p|part1	7	7	4.699	0.671286	0.671286
tRNA-Gly-GCC-2-6|d_arm|part1	19	19	12.098	0.636737	0.636737
tRNA-Gly-GCC-2-6|anticodon_arm|part1	17	17	11.057	0.650412	0.650412
tRNA-Gly-GCC-2-6|anticodon|part1	3	3	1.948	0.649333	0.649333
tRNA-Gly-GCC-2-6|variable_region|part1	3	3	1.945	0.648333	0.648333
tRNA-Gly-GCC-2-6|t_arm|part1	17	17	11.032	0.648941	0.648941
tRNA-Gly-GCC-2-6|acceptor_stem_3p|part1	8	8	5.39	0.67375	0.67375
tRNA-Ser-CGA-1-1|acceptor_stem_3p|part1	8	8	5.281	0.660125	0.660125
tRNA-Ser-CGA-1-1|t_arm|part1	17	17	11.327	0.666294	0.666294
tRNA-Ser-CGA-1-1|variable_region|part1	14	14	9.265	0.661786	0.661786
tRNA-Ser-CGA-1-1|anticodon_arm|part1	17	17	11.446	0.673294	0.673294
tRNA-Ser-CGA-1-1|anticodon|part1	3	3	1.929	0.643	0.643
tRNA-Ser-CGA-1-1|d_arm|part1	19	19	12.367	0.650895	0.650895
tRNA-Ser-CGA-1-1|acceptor_stem_5p|part1	7	7	4.623	0.660429	0.660429
tRNA-Thr-AGT-5-1|acceptor_stem_3p|part1	8	8	3.264	0.408	0.408
tRNA-Thr-AGT-5-1|t_arm|part1	17	17	7.226	0.425059	0.425059
tRNA-Thr-AGT-5-1|variable_region|part1	6	6	2.012	0.335333	0.335333
tRNA-Thr-AGT-5-1|anticodon_arm|part1	17	17	7.27	0.427647	0.427647
tRNA-Thr-AGT-5-1|anticodon|part1	3	3	1.046	0.348667	0.348667
tRNA-Thr-AGT-5-1|d_arm|part1	19	19	10.128	0.533053	0.533053
tRNA-Thr-AGT-5-1|acceptor_stem_5p|part1	7	7	1.65	0.235714	0.235714
tRNA-Trp-CCA-3-3|acceptor_stem_5p|part1	7	7	4.544	0.649143	0.649143
tRNA-Trp-CCA-3-3|d_arm|part1	19	19	12.592	0.662737	0.662737
tRNA-Trp-CCA-3-3|anticodon_arm|part1	17	17	11.485	0.675588	0.675588
tRNA-Trp-CCA-3-3|anticodon|part1	3	3	2.019	0.673	0.673
tRNA-Trp-CCA-3-3|variable_region|part1	4	4	2.666	0.6665	0.6665
tRNA-Trp-CCA-3-3|t_arm|part1	17	17	11.381	0.669471	0.669471
tRNA-Trp-CCA-3-3|acceptor_stem_3p|part1	8	8	5.118	0.63975	0.63975
tRNA-Ser-GCT-4-3|acceptor_stem_5p|part1	7	7	4.786	0.683714	0.683714
tRNA-Ser-GCT-4-3|d_arm|part1	19	19	11.951	0.629	0.629
tRNA-Ser-GCT-4-3|anticodon_arm|part1	17	17	11.46	0.674118	0.674118
tRNA-Ser-GCT-4-3|anticodon|part1	3	3	1.929	0.643	0.643
tRNA-Ser-GCT-4-3|variable_region|part1	14	14	7.501	0.535786	0.535786
tRNA-Ser-GCT-4-3|t_arm|part1	17	17	11.302	0.664824	0.664824
tRNA-Ser-GCT-4-3|acceptor_stem_3p|part1	8	8	4.278	0.53475	0.53475
tRNA-Thr-AGT-1-1|acceptor_stem_5p|part1	7	7	2.905	0.415	0.415
tRNA-Thr-AGT-1-1|d_arm|part1	19	19	11.187	0.588789	0.588789
tRNA-Thr-AGT-1-1|anticodon_arm|part1	17	17	11.471	0.674765	0.674765
tRNA-Thr-AGT-1-1|anticodon|part1	3	3	2.084	0.694667	0.694667
tRNA-Thr-AGT-1-1|variable_region|part1	6	6	4.103	0.683833	0.683833
tRNA-Thr-AGT-1-1|t_arm|part1	17	17	10.428	0.613412	0.613412
tRNA-Thr-AGT-1-1|acceptor_stem_3p|part1	8	8	4.339	0.542375	0.542375
tRNA-Ile-AAT-5-5|acceptor_stem_5p|part1	7	7	2.12	0.302857	0.302857
tRNA-Ile-AAT-5-5|d_arm|part1	19	19	11.333	0.596474	0.596474
tRNA-Ile-AAT-5-5|anticodon_arm|part1	17	17	9.007	0.529824	0.529824
tRNA-Ile-AAT-5-5|anticodon|part1	3	3	1.354	0.451333	0.451333
tRNA-Ile-AAT-5-5|variable_region|part1	6	6	4.103	0.683833	0.683833
tRNA-Ile-AAT-5-5|t_arm|part1	17	17	10.221	0.601235	0.601235
tRNA-Ile-AAT-5-5|acceptor_stem_3p|part1	8	8	3.73	0.46625	0.46625
tRX-Ile-NNN-4-1|acceptor_stem_3p|part1	8	8	-3.377	-0.422125	-0.422125
tRX-Ile-NNN-4-1|t_arm|part1	17	17	-3.437	-0.202176	-0.202176
tRX-Ile-NNN-4-1|variable_region|part1	19	19	-4.634	-0.243895	-0.243895
tRX-Ile-NNN-4-1|anticodon_arm|part1	17	17	-2.001	-0.117706	-0.117706
tRX-Ile-NNN-4-1|anticodon|part1	3	3	0.305	0.101667	0.101667
tRX-Ile-NNN-4-1|d_arm|part1	19	19	2.168	0.114105	0.114105
tRX-Ile-NNN-4-1|acceptor_stem_5p|part1	7	7	-2.594	-0.370571	-0.370571
tRNA-Trp-CCA-1-1|acceptor_stem_3p|part1	8	8	4.969	0.621125	0.621125
tRNA-Trp-CCA-1-1|t_arm|part1	17	17	11.09	0.652353	0.652353
tRNA-Trp-CCA-1-1|variable_region|part1	4	4	2.604	0.651	0.651
tRNA-Trp-CCA-1-1|anticodon_arm|part1	17	17	10.99	0.646471	0.646471
tRNA-Trp-CCA-1-1|anticodon|part1	3	3	1.865	0.621667	0.621667
tRNA-Trp-CCA-1-1|d_arm|part1	19	19	11.164	0.587579	0.587579
tRNA-Trp-CCA-1-1|acceptor_stem_5p|part1	7	7	4.404	0.629143	0.629143
tRNA-Gly-TCC-3-1|acceptor_stem_5p|part1	7	7	4.398	0.628286	0.628286
tRNA-Gly-TCC-3-1|d_arm|part1	19	19	11.75	0.618421	0.618421
tRNA-Gly-TCC-3-1|anticodon_arm|part1	17	17	10.017	0.589235	0.589235
tRNA-Gly-TCC-3-1|anticodon|part1	3	3	1.791	0.597	0.597
tRNA-Gly-TCC-3-1|variable_region|part1	4	4	2.591	0.64775	0.64775
tRNA-Gly-TCC-3-1|t_arm|part1	17	17	9.912	0.583059	0.583059
tRNA-Gly-TCC-3-1|acceptor_stem_3p|part1	8	8	4.675	0.584375	0.584375
tRNA-Asp-GTC-2-11|acceptor_stem_3p|part1	8	8	2.811	0.351375	0.351375
tRNA-Asp-GTC-2-11|t_arm|part1	17	17	9.135	0.537353	0.537353
tRNA-Asp-GTC-2-11|variable_region|part1	4	4	2.283	0.57075	0.57075
tRNA-Asp-GTC-2-11|anticodon_arm|part1	17	17	8.998	0.529294	0.529294
tRNA-Asp-GTC-2-11|anticodon|part1	3	3	1.777	0.592333	0.592333
tRNA-Asp-GTC-2-11|d_arm|part1	19	19	11.282	0.593789	0.593789
tRNA-Asp-GTC-2-11|acceptor_stem_5p|part1	7	7	3.494	0.499143	0.499143
tRNA-Pro-CGG-1-3|acceptor_stem_3p|part1	8	8	5.202	0.65025	0.65025
tRNA-Pro-CGG-1-3|t_arm|part1	17	17	11.248	0.661647	0.661647
tRNA-Pro-CGG-1-3|variable_region|part1	4	4	2.615	0.65375	0.65375
tRNA-Pro-CGG-1-3|anticodon_arm|part1	17	17	11.186	0.658	0.658
tRNA-Pro-CGG-1-3|anticodon|part1	3	3	1.788	0.596	0.596
tRNA-Pro-CGG-1-3|d_arm|part1	19	19	12.756	0.671368	0.671368
tRNA-Pro-CGG-1-3|acceptor_stem_5p|part1	7	7	4.634	0.662	0.662
tRNA-Thr-AGT-1-2|acceptor_stem_3p|part1	8	8	4.066	0.50825	0.50825
tRNA-Thr-AGT-1-2|t_arm|part1	17	17	10.354	0.609059	0.609059
tRNA-Thr-AGT-1-2|variable_region|part1	6	6	3.6	0.6	0.6
tRNA-Thr-AGT-1-2|anticodon_arm|part1	17	17	10.405	0.612059	0.612059
tRNA-Thr-AGT-1-2|anticodon|part1	3	3	1.836	0.612	0.612
tRNA-Thr-AGT-1-2|d_arm|part1	19	19	11.72	0.616842	0.616842
tRNA-Thr-AGT-1-2|acceptor_stem_5p|part1	7	7	4.022	0.574571	0.574571
tRNA-Ser-AGA-2-6|acceptor_stem_3p|part1	8	8	4.828	0.6035	0.6035
tRNA-Ser-AGA-2-6|t_arm|part1	17	17	10.354	0.609059	0.609059
tRNA-Ser-AGA-2-6|variable_region|part1	14	14	8.467	0.604786	0.604786
tRNA-Ser-AGA-2-6|anticodon_arm|part1	17	17	10.456	0.615059	0.615059
tRNA-Ser-AGA-2-6|anticodon|part1	3	3	1.755	0.585	0.585
tRNA-Ser-AGA-2-6|d_arm|part1	19	19	11.306	0.595053	0.595053
tRNA-Ser-AGA-2-6|acceptor_stem_5p|part1	7	7	4.226	0.603714	0.603714
tRNA-Ile-AAT-4-1|acceptor_stem_3p|part1	8	8	4.687	0.585875	0.585875
tRNA-Ile-AAT-4-1|t_arm|part1	17	17	5.662	0.333059	0.333059
tRNA-Ile-AAT-4-1|variable_region|part1	6	6	3.6	0.6	0.6
tRNA-Ile-AAT-4-1|anticodon_arm|part1	17	17	7.339	0.431706	0.431706
tRNA-Ile-AAT-4-1|anticodon|part1	3	3	1.896	0.632	0.632
tRNA-Ile-AAT-4-1|d_arm|part1	19	19	11.648	0.613053	0.613053
tRNA-Ile-AAT-4-1|acceptor_stem_5p|part1	7	7	3.312	0.473143	0.473143
tRNA-Trp-CCA-2-1|acceptor_stem_5p|part1	7	7	4.544	0.649143	0.649143
tRNA-Trp-CCA-2-1|d_arm|part1	19	19	12.657	0.666158	0.666158
tRNA-Trp-CCA-2-1|anticodon_arm|part1	17	17	11.485	0.675588	0.675588
tRNA-Trp-CCA-2-1|anticodon|part1	3	3	2.019	0.673	0.673
tRNA-Trp-CCA-2-1|variable_region|part1	4	4	2.666	0.6665	0.6665
tRNA-Trp-CCA-2-1|t_arm|part1	17	17	11.302	0.664824	0.664824
tRNA-Trp-CCA-2-1|acceptor_stem_3p|part1	8	8	5.234	0.65425	0.65425
tRNA-Gly-CCC-3-1|acceptor_stem_5p|part1	7	7	-0.028	-0.004	-0.004
tRNA-Gly-CCC-3-1|d_arm|part1	19	19	2.235	0.117632	0.117632
tRNA-Gly-CCC-3-1|anticodon_arm|part1	17	17	0.141	0.00829411	0.00829411
tRNA-Gly-CCC-3-1|anticodon|part1	3	3	0.931	0.310333	0.310333
tRNA-Gly-CCC-3-1|variable_region|part1	3	3	0.964	0.321333	0.321333
tRNA-Gly-CCC-3-1|t_arm|part1	17	17	1.376	0.0809412	0.0809412
tRNA-Gly-CCC-3-1|acceptor_stem_3p|part1	8	8	1.6	0.2	0.2
tRNA-Thr-CGT-4-1|acceptor_stem_5p|part1	7	7	4.578	0.654	0.654
tRNA-Thr-CGT-4-1|d_arm|part1	19	19	12.889	0.678368	0.678368
tRNA-Thr-CGT-4-1|anticodon_arm|part1	17	17	11.474	0.674941	0.674941
tRNA-Thr-CGT-4-1|anticodon|part1	3	3	2.097	0.699	0.699
tRNA-Thr-CGT-4-1|variable_region|part1	4	4	2.696	0.674	0.674
tRNA-Thr-CGT-4-1|t_arm|part1	17	17	11.157	0.656294	0.656294
tRNA-Thr-CGT-4-1|acceptor_stem_3p|part1	8	8	5.078	0.63475	0.63475
tRNA-Asn-GTT-2-5|acceptor_stem_3p|part1	8	8	5.078	0.63475	0.63475
tRNA-Asn-GTT-2-5|t_arm|part1	17	17	11.248	0.661647	0.661647
tRNA-Asn-GTT-2-5|variable_region|part1	6	6	3.201	0.5335	0.5335
tRNA-Asn-GTT-2-5|anticodon_arm|part1	17	17	11.474	0.674941	0.674941
tRNA-Asn-GTT-2-5|anticodon|part1	3	3	2.111	0.703667	0.703667
tRNA-Asn-GTT-2-5|d_arm|part1	19	19	12.587	0.662474	0.662474
tRNA-Asn-GTT-2-5|acceptor_stem_5p|part1	7	7	4.818	0.688286	0.688286
tRNA-Cys-GCA-14-1|acceptor_stem_3p|part1	8	8	2.995	0.374375	0.374375
tRNA-Cys-GCA-14-1|t_arm|part1	17	17	4.167	0.245118	0.245118
tRNA-Cys-GCA-14-1|variable_region|part1	4	4	1.735	0.43375	0.43375
tRNA-Cys-GCA-14-1|anticodon_arm|part1	17	17	7.121	0.418882	0.418882
tRNA-Cys-GCA-14-1|anticodon|part1	3	3	1.109	0.369667	0.369667
tRNA-Cys-GCA-14-1|d_arm|part1	19	19	9.861	0.519	0.519
tRNA-Cys-GCA-14-1|acceptor_stem_5p|part1	7	7	1.261	0.180143	0.180143
tRNA-Cys-GCA-2-2|acceptor_stem_5p|part1	7	7	4.282	0.611714	0.611714
tRNA-Cys-GCA-2-2|d_arm|part1	19	19	11.566	0.608737	0.608737
tRNA-Cys-GCA-2-2|anticodon_arm|part1	17	17	10.615	0.624412	0.624412
tRNA-Cys-GCA-2-2|anticodon|part1	3	3	1.845	0.615	0.615
tRNA-Cys-GCA-2-2|variable_region|part1	4	4	2.378	0.5945	0.5945
tRNA-Cys-GCA-2-2|t_arm|part1	17	17	10.213	0.600765	0.600765
tRNA-Cys-GCA-2-2|acceptor_stem_3p|part1	8	8	4.549	0.568625	0.568625
tRNA-Cys-GCA-4-1|acceptor_stem_3p|part1	8	8	5.491	0.686375	0.686375
tRNA-Cys-GCA-4-1|t_arm|part1	17	17	11.394	0.670235	0.670235
tRNA-Cys-GCA-4-1|variable_region|part1	4	4	2.63	0.6575	0.6575
tRNA-Cys-GCA-4-1|anticodon_arm|part1	17	17	11.438	0.672824	0.672824
tRNA-Cys-GCA-4-1|anticodon|part1	3	3	1.94	0.646667	0.646667
tRNA-Cys-GCA-4-1|d_arm|part1	19	19	11.409	0.600474	0.600474
tRNA-Cys-GCA-4-1|acceptor_stem_5p|part1	7	7	4.416	0.630857	0.630857
tRNA-Cys-GCA-2-3|acceptor_stem_3p|part1	8	8	5.491	0.686375	0.686375
tRNA-Cys-GCA-2-3|t_arm|part1	17	17	11.314	0.665529	0.665529
tRNA-Cys-GCA-2-3|variable_region|part1	4	4	2.63	0.6575	0.6575
tRNA-Cys-GCA-2-3|anticodon_arm|part1	17	17	11.438	0.672824	0.672824
tRNA-Cys-GCA-2-3|anticodon|part1	3	3	1.94	0.646667	0.646667
tRNA-Cys-GCA-2-3|d_arm|part1	19	19	12.727	0.669842	0.669842
tRNA-Cys-GCA-2-3|acceptor_stem_5p|part1	7	7	4.416	0.630857	0.630857
tRNA-Cys-GCA-2-4|acceptor_stem_3p|part1	8	8	4.456	0.557	0.557
tRNA-Cys-GCA-2-4|t_arm|part1	17	17	9.409	0.553471	0.553471
tRNA-Cys-GCA-2-4|variable_region|part1	4	4	1.765	0.44125	0.44125
tRNA-Cys-GCA-2-4|anticodon_arm|part1	17	17	11.094	0.652588	0.652588
tRNA-Cys-GCA-2-4|anticodon|part1	3	3	1.882	0.627333	0.627333
tRNA-Cys-GCA-2-4|d_arm|part1	19	19	9.982	0.525368	0.525368
tRNA-Cys-GCA-2-4|acceptor_stem_5p|part1	7	7	2.686	0.383714	0.383714
tRX-Val-NNN-3-1|acceptor_stem_3p|part1	8	8	-2.516	-0.3145	-0.3145
tRX-Val-NNN-3-1|t_arm|part1	17	17	-3.783	-0.222529	-0.222529
tRX-Val-NNN-3-1|variable_region|part1	5	5	-2.224	-0.4448	-0.4448
tRX-Val-NNN-3-1|anticodon_arm|part1	17	17	0.897	0.0527647	0.0527647
tRX-Val-NNN-3-1|anticodon|part1	3	3	0.445	0.148333	0.148333
tRX-Val-NNN-3-1|d_arm|part1	19	19	-0.202	-0.0106316	-0.0106316
tRX-Val-NNN-3-1|acceptor_stem_5p|part1	7	7	-2.158	-0.308286	-0.308286
tRNA-Gln-TTG-1-1|acceptor_stem_5p|part1	7	7	4.544	0.649143	0.649143
tRNA-Gln-TTG-1-1|d_arm|part1	19	19	12.855	0.676579	0.676579
tRNA-Gln-TTG-1-1|anticodon_arm|part1	17	17	11.381	0.669471	0.669471
tRNA-Gln-TTG-1-1|anticodon|part1	3	3	1.994	0.664667	0.664667
tRNA-Gln-TTG-1-1|variable_region|part1	4	4	2.68	0.67	0.67
tRNA-Gln-TTG-1-1|t_arm|part1	17	17	11.316	0.665647	0.665647
tRNA-Gln-TTG-1-1|acceptor_stem_3p|part1	8	8	5.281	0.660125	0.660125
tRNA-Arg-CCG-2-1|acceptor_stem_3p|part1	8	8	4.814	0.60175	0.60175
tRNA-Arg-CCG-2-1|t_arm|part1	17	17	10.439	0.614059	0.614059
tRNA-Arg-CCG-2-1|variable_region|part1	5	5	3.089	0.6178	0.6178
tRNA-Arg-CCG-2-1|anticodon_arm|part1	17	17	10.293	0.605471	0.605471
tRNA-Arg-CCG-2-1|anticodon|part1	3	3	1.785	0.595	0.595
tRNA-Arg-CCG-2-1|d_arm|part1	19	19	11.566	0.608737	0.608737
tRNA-Arg-CCG-2-1|acceptor_stem_5p|part1	7	7	4.17	0.595714	0.595714
tRNA-Arg-CCT-1-1|acceptor_stem_5p|part1	7	7	4.123	0.589	0.589
tRNA-Arg-CCT-1-1|d_arm|part1	19	19	11.937	0.628263	0.628263
tRNA-Arg-CCT-1-1|anticodon_arm|part1	17	17	10.215	0.600882	0.600882
tRNA-Arg-CCT-1-1|anticodon|part1	3	3	1.707	0.569	0.569
tRNA-Arg-CCT-1-1|variable_region|part1	5	5	3.145	0.629	0.629
tRNA-Arg-CCT-1-1|t_arm|part1	17	17	10.271	0.604176	0.604176
tRNA-Arg-CCT-1-1|acceptor_stem_3p|part1	8	8	4.93	0.61625	0.61625
tRNA-Arg-CCT-2-1|acceptor_stem_3p|part1	8	8	4.745	0.593125	0.593125
tRNA-Arg-CCT-2-1|t_arm|part1	17	17	9.553	0.561941	0.561941
tRNA-Arg-CCT-2-1|variable_region|part1	5	5	3.089	0.6178	0.6178
tRNA-Arg-CCT-2-1|anticodon_arm|part1	17	17	9.577	0.563353	0.563353
tRNA-Arg-CCT-2-1|anticodon|part1	3	3	1.927	0.642333	0.642333
tRNA-Arg-CCT-2-1|d_arm|part1	19	19	11.462	0.603263	0.603263
tRNA-Arg-CCT-2-1|acceptor_stem_5p|part1	7	7	3.561	0.508714	0.508714
tRNA-Arg-TCG-3-1|acceptor_stem_5p|part1	7	7	4.192	0.598857	0.598857
tRNA-Arg-TCG-3-1|d_arm|part1	19	19	11.864	0.624421	0.624421
tRNA-Arg-TCG-3-1|anticodon_arm|part1	17	17	10.477	0.616294	0.616294
tRNA-Arg-TCG-3-1|anticodon|part1	3	3	1.776	0.592	0.592
tRNA-Arg-TCG-3-1|variable_region|part1	5	5	3.218	0.6436	0.6436
tRNA-Arg-TCG-3-1|t_arm|part1	17	17	10.331	0.607706	0.607706
tRNA-Arg-TCG-3-1|acceptor_stem_3p|part1	8	8	4.788	0.5985	0.5985
tRNA-iMet-CAT-1-8|acceptor_stem_3p|part1	8	8	5.56	0.695	0.695
tRNA-iMet-CAT-1-8|t_arm|part1	17	17	9.071	0.533588	0.533588
tRNA-iMet-CAT-1-8|variable_region|part1	4	4	2.63	0.6575	0.6575
tRNA-iMet-CAT-1-8|anticodon_arm|part1	17	17	11.289	0.664059	0.664059
tRNA-iMet-CAT-1-8|anticodon|part1	3	3	2.086	0.695333	0.695333
tRNA-iMet-CAT-1-8|d_arm|part1	19	19	9.852	0.518526	0.518526
tRNA-iMet-CAT-1-8|acceptor_stem_5p|part1	7	7	1.209	0.172714	0.172714
tRNA-Gly-TCC-5-1|acceptor_stem_5p|part1	7	7	-1.601	-0.228714	-0.228714
tRNA-Gly-TCC-5-1|d_arm|part1	19	1	0.062	0.00326316	0.062
tRNA-Gly-TCC-5-1|anticodon_arm|part1	17	0	0	0	0
tRNA-Gly-TCC-5-1|anticodon|part1	3	0	0	0	0
tRNA-Gly-TCC-5-1|variable_region|part1	4	0	0	0	0
tRNA-Gly-TCC-5-1|t_arm|part1	17	0	0	0	0
tRNA-Gly-TCC-5-1|acceptor_stem_3p|part1	8	0	0	0	0
tRNA-Gly-TCC-6-1|acceptor_stem_5p|part1	7	7	-0.579	-0.0827143	-0.0827143
tRNA-Gly-TCC-6-1|d_arm|part1	19	19	2.605	0.137105	0.137105
tRNA-Gly-TCC-6-1|anticodon_arm|part1	17	17	2.261	0.133	0.133
tRNA-Gly-TCC-6-1|anticodon|part1	3	3	0.377	0.125667	0.125667
tRNA-Gly-TCC-6-1|variable_region|part1	4	4	0.538	0.1345	0.1345
tRNA-Gly-TCC-6-1|t_arm|part1	17	17	-2.401	-0.141235	-0.141235
tRNA-Gly-TCC-6-1|acceptor_stem_3p|part1	8	8	1.067	0.133375	0.133375
tRNA-Phe-GAA-1-6|acceptor_stem_3p|part1	8	8	3.821	0.477625	0.477625
tRNA-Phe-GAA-1-6|t_arm|part1	17	17	5.764	0.339059	0.339059
tRNA-Phe-GAA-1-6|variable_region|part1	5	5	2.494	0.4988	0.4988
tRNA-Phe-GAA-1-6|anticodon_arm|part1	17	17	7.551	0.444176	0.444176
tRNA-Phe-GAA-1-6|anticodon|part1	3	3	1.127	0.375667	0.375667
tRNA-Phe-GAA-1-6|d_arm|part1	19	19	7.625	0.401316	0.401316
tRNA-Phe-GAA-1-6|acceptor_stem_5p|part1	7	7	2.953	0.421857	0.421857
tRNA-Asn-GTT-2-6|acceptor_stem_5p|part1	7	7	4.519	0.645571	0.645571
tRNA-Asn-GTT-2-6|d_arm|part1	19	19	12.581	0.662158	0.662158
tRNA-Asn-GTT-2-6|anticodon_arm|part1	17	17	11.302	0.664824	0.664824
tRNA-Asn-GTT-2-6|anticodon|part1	3	3	1.994	0.664667	0.664667
tRNA-Asn-GTT-2-6|variable_region|part1	6	6	4.168	0.694667	0.694667
tRNA-Asn-GTT-2-6|t_arm|part1	17	17	11.093	0.652529	0.652529
tRNA-Asn-GTT-2-6|acceptor_stem_3p|part1	8	8	5.382	0.67275	0.67275
tRNA-Gly-TCC-1-1|acceptor_stem_5p|part1	7	7	4.177	0.596714	0.596714
tRNA-Gly-TCC-1-1|d_arm|part1	19	19	11.795	0.620789	0.620789
tRNA-Gly-TCC-1-1|anticodon_arm|part1	17	17	10.122	0.595412	0.595412
tRNA-Gly-TCC-1-1|anticodon|part1	3	3	1.682	0.560667	0.560667
tRNA-Gly-TCC-1-1|variable_region|part1	4	4	2.43	0.6075	0.6075
tRNA-Gly-TCC-1-1|t_arm|part1	17	17	9.98	0.587059	0.587059
tRNA-Gly-TCC-1-1|acceptor_stem_3p|part1	8	8	4.689	0.586125	0.586125
tRNA-Val-CAC-3-1|acceptor_stem_3p|part1	8	8	1.548	0.1935	0.1935
tRNA-Val-CAC-3-1|t_arm|part1	17	17	1.578	0.0928235	0.0928235
tRNA-Val-CAC-3-1|variable_region|part1	5	5	1.538	0.3076	0.3076
tRNA-Val-CAC-3-1|anticodon_arm|part1	17	17	5.111	0.300647	0.300647
tRNA-Val-CAC-3-1|anticodon|part1	3	3	0.973	0.324333	0.324333
tRNA-Val-CAC-3-1|d_arm|part1	19	19	5.587	0.294053	0.294053
tRNA-Val-CAC-3-1|acceptor_stem_5p|part1	7	7	0.473	0.0675714	0.0675714
tRNA-Thr-AGT-1-3|acceptor_stem_5p|part1	7	7	4.119	0.588429	0.588429
tRNA-Thr-AGT-1-3|d_arm|part1	19	19	11.833	0.622789	0.622789
tRNA-Thr-AGT-1-3|anticodon_arm|part1	17	17	10.559	0.621118	0.621118
tRNA-Thr-AGT-1-3|anticodon|part1	3	3	1.918	0.639333	0.639333
tRNA-Thr-AGT-1-3|variable_region|part1	6	6	3.776	0.629333	0.629333
tRNA-Thr-AGT-1-3|t_arm|part1	17	17	10.344	0.608471	0.608471
tRNA-Thr-AGT-1-3|acceptor_stem_3p|part1	8	8	4.719	0.589875	0.589875
tRNA-Lys-CTT-10-1|acceptor_stem_5p|part1	7	7	-0.465	-0.0664286	-0.0664286
tRNA-Lys-CTT-10-1|d_arm|part1	19	19	2.638	0.138842	0.138842
tRNA-Lys-CTT-10-1|anticodon_arm|part1	17	17	-0.423	-0.0248824	-0.0248824
tRNA-Lys-CTT-10-1|anticodon|part1	3	3	0.397	0.132333	0.132333
tRNA-Lys-CTT-10-1|variable_region|part1	5	5	0.689	0.1378	0.1378
tRNA-Lys-CTT-10-1|t_arm|part1	17	17	-5.816	-0.342118	-0.342118
tRNA-Lys-CTT-10-1|acceptor_stem_3p|part1	8	8	-1.812	-0.2265	-0.2265
tRNA-Ile-TAT-1-1|acceptor_stem_3p|part1	8	8	4.746	0.59325	0.59325
tRNA-Ile-TAT-1-1|t_arm|part1	17	17	10.465	0.615588	0.615588
tRNA-Ile-TAT-1-1|variable_region|part1	6	6	3.603	0.6005	0.6005
tRNA-Ile-TAT-1-1|anticodon_arm|part2	5	5	3.055	0.611	0.611
tRNA-Ile-TAT-1-1|intron|part1	19	19	8.637	0.454579	0.454579
tRNA-Ile-TAT-1-1|anticodon_arm|part1	12	12	7.401	0.61675	0.61675
tRNA-Ile-TAT-1-1|anticodon|part1	3	3	1.971	0.657	0.657
tRNA-Ile-TAT-1-1|d_arm|part1	19	19	11.413	0.600684	0.600684
tRNA-Ile-TAT-1-1|acceptor_stem_5p|part1	7	7	4.211	0.601571	0.601571
tRNA-Lys-TTT-10-1|acceptor_stem_3p|part1	8	8	-3.603	-0.450375	-0.450375
tRNA-Lys-TTT-10-1|t_arm|part1	17	17	1.411	0.083	0.083
tRNA-Lys-TTT-10-1|variable_region|part1	5	5	-0.768	-0.1536	-0.1536
tRNA-Lys-TTT-10-1|anticodon_arm|part1	17	17	1.546	0.0909412	0.0909412
tRNA-Lys-TTT-10-1|anticodon|part1	3	3	0.885	0.295	0.295
tRNA-Lys-TTT-10-1|d_arm|part1	19	19	0.895	0.0471053	0.0471053
tRNA-Lys-TTT-10-1|acceptor_stem_5p|part1	7	7	-2.596	-0.370857	-0.370857
tRNA-SeC-TCA-1-1|acceptor_stem_3p|part1	8	8	4.796	0.5995	0.5995
tRNA-SeC-TCA-1-1|t_arm|part1	17	17	10.67	0.627647	0.627647
tRNA-SeC-TCA-1-1|variable_region|part1	19	19	11.533	0.607	0.607
tRNA-SeC-TCA-1-1|anticodon_arm|part1	17	17	10.448	0.614588	0.614588
tRNA-SeC-TCA-1-1|anticodon|part1	3	3	1.992	0.664	0.664
tRNA-SeC-TCA-1-1|d_arm|part1	19	19	10.834	0.570211	0.570211
tRNA-SeC-TCA-1-1|acceptor_stem_5p|part1	7	7	4.096	0.585143	0.585143
tRNA-Lys-TTT-12-1|acceptor_stem_3p|part1	8	8	2.109	0.263625	0.263625
tRNA-Lys-TTT-12-1|t_arm|part1	17	17	2.673	0.157235	0.157235
tRNA-Lys-TTT-12-1|variable_region|part1	5	5	-0.022	-0.0044	-0.0044
tRNA-Lys-TTT-12-1|anticodon_arm|part1	17	17	5.528	0.325176	0.325176
tRNA-Lys-TTT-12-1|anticodon|part1	3	3	1.239	0.413	0.413
tRNA-Lys-TTT-12-1|d_arm|part1	19	19	3.319	0.174684	0.174684
tRNA-Lys-TTT-12-1|acceptor_stem_5p|part1	7	7	1.614	0.230571	0.230571
tRNA-Lys-CTT-11-1|acceptor_stem_3p|part1	8	8	-0.926	-0.11575	-0.11575
tRNA-Lys-CTT-11-1|t_arm|part1	17	17	-1.32	-0.0776471	-0.0776471
tRNA-Lys-CTT-11-1|variable_region|part1	6	6	-0.059	-0.00983333	-0.00983333
tRNA-Lys-CTT-11-1|anticodon_arm|part1	17	17	2.517	0.148059	0.148059
tRNA-Lys-CTT-11-1|anticodon|part1	3	3	0.652	0.217333	0.217333
tRNA-Lys-CTT-11-1|d_arm|part1	19	19	-3.606	-0.189789	-0.189789
tRNA-Lys-CTT-11-1|acceptor_stem_5p|part1	7	7	-1.085	-0.155	-0.155
tRNA-Asn-GTT-26-1|acceptor_stem_3p|part1	8	8	-0.447	-0.055875	-0.055875
tRNA-Asn-GTT-26-1|t_arm|part1	17	17	-2.683	-0.157824	-0.157824
tRNA-Asn-GTT-26-1|variable_region|part1	6	6	-1.101	-0.1835	-0.1835
tRNA-Asn-GTT-26-1|anticodon_arm|part1	17	17	-0.488	-0.0287059	-0.0287059
tRNA-Asn-GTT-26-1|anticodon|part1	3	3	0.749	0.249667	0.249667
tRNA-Asn-GTT-26-1|d_arm|part1	19	19	0.065	0.00342105	0.00342105
tRNA-Asn-GTT-26-1|acceptor_stem_5p|part1	7	7	0.581	0.083	0.083
tRNA-Glu-TTC-14-1|acceptor_stem_3p|part1	8	8	0.583	0.072875	0.072875
tRNA-Glu-TTC-14-1|t_arm|part1	17	17	3.517	0.206882	0.206882
tRNA-Glu-TTC-14-1|variable_region|part1	4	4	1.232	0.308	0.308
tRNA-Glu-TTC-14-1|anticodon_arm|part1	17	17	4.518	0.265765	0.265765
tRNA-Glu-TTC-14-1|anticodon|part1	3	3	1.043	0.347667	0.347667
tRNA-Glu-TTC-14-1|d_arm|part1	19	19	6.157	0.324053	0.324053
tRNA-Glu-TTC-14-1|acceptor_stem_5p|part1	7	7	2.275	0.325	0.325
tRNA-Tyr-GTA-2-1|acceptor_stem_5p|part1	7	7	3.98	0.568571	0.568571
tRNA-Tyr-GTA-2-1|d_arm|part1	19	19	11.234	0.591263	0.591263
tRNA-Tyr-GTA-2-1|anticodon_arm|part1	11	11	6.608	0.600727	0.600727
tRNA-Tyr-GTA-2-1|anticodon|part1	3	3	1.828	0.609333	0.609333
tRNA-Tyr-GTA-2-1|intron|part1	16	16	-20.543	-1.28394	-1.28394
tRNA-Tyr-GTA-2-1|anticodon_arm|part2	6	6	3.446	0.574333	0.574333
tRNA-Tyr-GTA-2-1|variable_region|part1	5	5	2.942	0.5884	0.5884
tRNA-Tyr-GTA-2-1|t_arm|part1	17	17	9.718	0.571647	0.571647
tRNA-Tyr-GTA-2-1|acceptor_stem_3p|part1	8	8	4.848	0.606	0.606
tRNA-Ala-AGC-8-1|acceptor_stem_5p|part1	7	7	4.025	0.575	0.575
tRNA-Ala-AGC-8-1|d_arm|part1	19	19	10.816	0.569263	0.569263
tRNA-Ala-AGC-8-1|anticodon_arm|part1	17	17	9.232	0.543059	0.543059
tRNA-Ala-AGC-8-1|anticodon|part1	3	3	1.658	0.552667	0.552667
tRNA-Ala-AGC-8-1|variable_region|part1	5	5	2.877	0.5754	0.5754
tRNA-Ala-AGC-8-1|t_arm|part1	17	17	9.126	0.536824	0.536824
tRNA-Ala-AGC-8-1|acceptor_stem_3p|part1	8	8	4.28	0.535	0.535
tRNA-Ile-TAT-2-1|acceptor_stem_5p|part1	7	7	4.183	0.597571	0.597571
tRNA-Ile-TAT-2-1|d_arm|part1	19	19	11.53	0.606842	0.606842
tRNA-Ile-TAT-2-1|anticodon_arm|part1	12	12	7.41	0.6175	0.6175
tRNA-Ile-TAT-2-1|anticodon|part1	3	3	1.896	0.632	0.632
tRNA-Ile-TAT-2-1|intron|part1	19	19	5.026	0.264526	0.264526
tRNA-Ile-TAT-2-1|anticodon_arm|part2	5	5	3.016	0.6032	0.6032
tRNA-Ile-TAT-2-1|variable_region|part1	6	6	3.763	0.627167	0.627167
tRNA-Ile-TAT-2-1|t_arm|part1	17	17	10.344	0.608471	0.608471
tRNA-Ile-TAT-2-1|acceptor_stem_3p|part1	8	8	4.943	0.617875	0.617875
tRNA-Gln-TTG-5-1|acceptor_stem_3p|part1	8	8	0.671	0.083875	0.083875
tRNA-Gln-TTG-5-1|t_arm|part1	17	17	3.841	0.225941	0.225941
tRNA-Gln-TTG-5-1|variable_region|part1	5	5	2.7	0.54	0.54
tRNA-Gln-TTG-5-1|anticodon_arm|part1	17	17	3.923	0.230765	0.230765
tRNA-Gln-TTG-5-1|anticodon|part1	3	3	2.013	0.671	0.671
tRNA-Gln-TTG-5-1|d_arm|part1	19	19	0.697	0.0366842	0.0366842
tRNA-Gln-TTG-5-1|acceptor_stem_5p|part1	7	7	-0.205	-0.0292857	-0.0292857
tRNA-Gly-CCC-2-1|acceptor_stem_3p|part1	8	8	5.089	0.636125	0.636125
tRNA-Gly-CCC-2-1|t_arm|part1	17	17	11.339	0.667	0.667
tRNA-Gly-CCC-2-1|variable_region|part1	3	3	1.94	0.646667	0.646667
tRNA-Gly-CCC-2-1|anticodon_arm|part1	17	17	11.774	0.692588	0.692588
tRNA-Gly-CCC-2-1|anticodon|part1	3	3	2.017	0.672333	0.672333
tRNA-Gly-CCC-2-1|d_arm|part1	19	19	12.832	0.675368	0.675368
tRNA-Gly-CCC-2-1|acceptor_stem_5p|part1	7	7	4.501	0.643	0.643
tRNA-Glu-TTC-13-1|acceptor_stem_5p|part1	7	7	-1.296	-0.185143	-0.185143
tRNA-Glu-TTC-13-1|d_arm|part1	19	19	1.26	0.0663158	0.0663158
tRNA-Glu-TTC-13-1|anticodon_arm|part1	17	17	-1.032	-0.0607059	-0.0607059
tRNA-Glu-TTC-13-1|anticodon|part1	3	3	-1.735	-0.578333	-0.578333
tRNA-Glu-TTC-13-1|variable_region|part1	5	5	-1.614	-0.3228	-0.3228
tRNA-Glu-TTC-13-1|t_arm|part1	17	17	1.075	0.0632353	0.0632353
tRNA-Glu-TTC-13-1|acceptor_stem_3p|part1	8	8	3.42	0.4275	0.4275
tRNA-Pro-AGG-4-1|acceptor_stem_5p|part1	7	0	0	0	0
tRNA-Pro-AGG-4-1|d_arm|part1	19	0	0	0	0
tRNA-Pro-AGG-4-1|anticodon_arm|part1	17	0	0	0	0
tRNA-Pro-AGG-4-1|anticodon|part1	3	0	0	0	0
tRNA-Pro-AGG-4-1|variable_region|part1	4	0	0	0	0
tRNA-Pro-AGG-4-1|t_arm|part1	17	2	-0.733	-0.0431176	-0.3665
tRNA-Pro-AGG-4-1|acceptor_stem_3p|part1	8	0	0	0	0
tRNA-Glu-TTC-1-1|acceptor_stem_3p|part1	8	8	3.753	0.469125	0.469125
tRNA-Glu-TTC-1-1|t_arm|part1	17	17	7.355	0.432647	0.432647
tRNA-Glu-TTC-1-1|variable_region|part1	4	4	0.997	0.24925	0.24925
tRNA-Glu-TTC-1-1|anticodon_arm|part1	17	17	9.994	0.587882	0.587882
tRNA-Glu-TTC-1-1|anticodon|part1	3	3	2.188	0.729333	0.729333
tRNA-Glu-TTC-1-1|d_arm|part1	19	19	10.581	0.556895	0.556895
tRNA-Glu-TTC-1-1|acceptor_stem_5p|part1	7	7	4.095	0.585	0.585
tRNA-Ala-CGC-3-1|acceptor_stem_5p|part1	7	7	4.39	0.627143	0.627143
tRNA-Ala-CGC-3-1|d_arm|part1	19	19	11.722	0.616947	0.616947
tRNA-Ala-CGC-3-1|anticodon_arm|part1	17	17	10.331	0.607706	0.607706
tRNA-Ala-CGC-3-1|anticodon|part1	3	3	1.858	0.619333	0.619333
tRNA-Ala-CGC-3-1|variable_region|part1	4	4	2.394	0.5985	0.5985
tRNA-Ala-CGC-3-1|t_arm|part1	17	17	10.142	0.596588	0.596588
tRNA-Ala-CGC-3-1|acceptor_stem_3p|part1	8	8	4.796	0.5995	0.5995
tRNA-Gly-GCC-2-2|acceptor_stem_3p|part1	8	8	4.921	0.615125	0.615125
tRNA-Gly-GCC-2-2|t_arm|part1	17	17	10.375	0.610294	0.610294
tRNA-Gly-GCC-2-2|variable_region|part1	3	3	1.716	0.572	0.572
tRNA-Gly-GCC-2-2|anticodon_arm|part1	17	17	10.22	0.601176	0.601176
tRNA-Gly-GCC-2-2|anticodon|part1	3	3	1.845	0.615	0.615
tRNA-Gly-GCC-2-2|d_arm|part1	19	19	11.803	0.621211	0.621211
tRNA-Gly-GCC-2-2|acceptor_stem_5p|part1	7	7	4.256	0.608	0.608
tRNA-Glu-CTC-7-1|acceptor_stem_3p|part1	8	8	-1.61	-0.20125	-0.20125
tRNA-Glu-CTC-7-1|t_arm|part1	17	17	-11.244	-0.661412	-0.661412
tRNA-Glu-CTC-7-1|variable_region|part1	5	5	-2.293	-0.4586	-0.4586
tRNA-Glu-CTC-7-1|anticodon_arm|part1	17	17	-4.032	-0.237176	-0.237176
tRNA-Glu-CTC-7-1|anticodon|part1	3	3	-0.874	-0.291333	-0.291333
tRNA-Glu-CTC-7-1|d_arm|part1	19	19	0.449	0.0236316	0.0236316
tRNA-Glu-CTC-7-1|acceptor_stem_5p|part1	7	7	1.177	0.168143	0.168143
tRNA-Glu-TTC-9-1|acceptor_stem_3p|part1	8	8	0.0109999	0.00137499	0.00137499
tRNA-Glu-TTC-9-1|t_arm|part1	17	17	-5.292	-0.311294	-0.311294
tRNA-Glu-TTC-9-1|variable_region|part1	5	5	-0.894	-0.1788	-0.1788
tRNA-Glu-TTC-9-1|anticodon_arm|part1	17	17	-4.057	-0.238647	-0.238647
tRNA-Glu-TTC-9-1|anticodon|part1	3	3	-0.191	-0.0636667	-0.0636667
tRNA-Glu-TTC-9-1|d_arm|part1	19	19	2.87	0.151053	0.151053
tRNA-Glu-TTC-9-1|acceptor_stem_5p|part1	7	7	-1.599	-0.228429	-0.228429
tRNA-Gln-CTG-16-1|acceptor_stem_5p|part1	7	7	-0.48	-0.0685714	-0.0685714
tRNA-Gln-CTG-16-1|d_arm|part1	19	19	5.494	0.289158	0.289158
tRNA-Gln-CTG-16-1|anticodon_arm|part1	17	17	2.606	0.153294	0.153294
tRNA-Gln-CTG-16-1|anticodon|part1	3	3	0.069	0.023	0.023
tRNA-Gln-CTG-16-1|t_arm|part1	17	17	5.737	0.337471	0.337471
tRNA-Gln-CTG-16-1|acceptor_stem_3p|part1	8	8	3.109	0.388625	0.388625
tRNA-Lys-TTT-15-1|acceptor_stem_3p|part1	8	8	2.86	0.3575	0.3575
tRNA-Lys-TTT-15-1|t_arm|part1	17	17	0.463	0.0272353	0.0272353
tRNA-Lys-TTT-15-1|variable_region|part1	5	5	-1.396	-0.2792	-0.2792
tRNA-Lys-TTT-15-1|anticodon_arm|part1	17	17	-0.624	-0.0367059	-0.0367059
tRNA-Lys-TTT-15-1|anticodon|part1	3	3	1.562	0.520667	0.520667
tRNA-Lys-TTT-15-1|d_arm|part1	19	19	6.381	0.335842	0.335842
tRNA-Lys-TTT-15-1|acceptor_stem_5p|part1	7	7	-3.691	-0.527286	-0.527286
tRNA-Gln-CTG-17-1|acceptor_stem_5p|part1	7	7	3.013	0.430429	0.430429
tRNA-Gln-CTG-17-1|d_arm|part1	19	19	1.258	0.0662105	0.0662105
tRNA-Gln-CTG-17-1|anticodon_arm|part1	17	17	-4.205	-0.247353	-0.247353
tRNA-Gln-CTG-17-1|anticodon|part1	3	3	0.17	0.0566667	0.0566667
tRNA-Gln-CTG-17-1|variable_region|part1	10	10	0.282	0.0282	0.0282
tRNA-Gln-CTG-17-1|t_arm|part1	17	17	2.755	0.162059	0.162059
tRNA-Gln-CTG-17-1|acceptor_stem_3p|part1	8	8	2.021	0.252625	0.252625
tRNA-Leu-AAG-6-1|acceptor_stem_3p|part1	8	8	-0.646	-0.08075	-0.08075
tRNA-Leu-AAG-6-1|t_arm|part1	17	17	-4.291	-0.252412	-0.252412
tRNA-Leu-AAG-6-1|variable_region|part1	14	14	2.38	0.17	0.17
tRNA-Leu-AAG-6-1|anticodon_arm|part1	17	17	1.684	0.0990588	0.0990588
tRNA-Leu-AAG-6-1|anticodon|part1	3	3	0.925	0.308333	0.308333
tRNA-Leu-AAG-6-1|d_arm|part1	19	19	1.343	0.0706842	0.0706842
tRNA-Leu-AAG-6-1|acceptor_stem_5p|part1	7	7	-0.628	-0.0897143	-0.0897143
tRNA-Gly-GCC-1-5|acceptor_stem_3p|part1	8	8	1.087	0.135875	0.135875
tRNA-Gly-GCC-1-5|t_arm|part1	17	17	-0.868	-0.0510588	-0.0510588
tRNA-Gly-GCC-1-5|variable_region|part1	3	3	-0.244	-0.0813333	-0.0813333
tRNA-Gly-GCC-1-5|anticodon_arm|part1	17	17	0.362	0.0212941	0.0212941
tRNA-Gly-GCC-1-5|anticodon|part1	3	3	0.808	0.269333	0.269333
tRNA-Gly-GCC-1-5|d_arm|part1	19	19	4.087	0.215105	0.215105
tRNA-Gly-GCC-1-5|acceptor_stem_5p|part1	7	7	1.807	0.258143	0.258143
tRX-Und-NNN-9-1|acceptor_stem_3p|part1	8	8	3.627	0.453375	0.453375
tRX-Und-NNN-9-1|t_arm|part1	17	17	6.043	0.355471	0.355471
tRX-Und-NNN-9-1|variable_region|part1	11	11	2.653	0.241182	0.241182
tRX-Und-NNN-9-1|anticodon_arm|part1	17	17	3.213	0.189	0.189
tRX-Und-NNN-9-1|anticodon|part1	3	3	-0.916	-0.305333	-0.305333
tRX-Und-NNN-9-1|d_arm|part1	19	19	3.733	0.196474	0.196474
tRX-Und-NNN-9-1|acceptor_stem_5p|part1	7	7	0.026	0.00371428	0.00371428
tRNA-Cys-GCA-25-1|acceptor_stem_3p|part1	8	8	0.597	0.074625	0.074625
tRNA-Cys-GCA-25-1|t_arm|part1	17	17	-5.285	-0.310882	-0.310882
tRNA-Cys-GCA-25-1|variable_region|part1	12	12	-1.368	-0.114	-0.114
tRNA-Cys-GCA-25-1|anticodon_arm|part1	17	17	1.208	0.0710588	0.0710588
tRNA-Cys-GCA-25-1|anticodon|part1	3	3	0.206	0.0686667	0.0686667
tRNA-Cys-GCA-25-1|d_arm|part1	19	19	-0.886	-0.0466316	-0.0466316
tRNA-Cys-GCA-25-1|acceptor_stem_5p|part1	7	7	0.472	0.0674286	0.0674286
tRNA-Arg-ACG-2-1|acceptor_stem_3p|part1	8	8	5.337	0.667125	0.667125
tRNA-Arg-ACG-2-1|t_arm|part1	17	17	11.485	0.675588	0.675588
tRNA-Arg-ACG-2-1|variable_region|part1	5	5	3.441	0.6882	0.6882
tRNA-Arg-ACG-2-1|anticodon_arm|part1	17	17	11.449	0.673471	0.673471
tRNA-Arg-ACG-2-1|anticodon|part1	3	3	1.94	0.646667	0.646667
tRNA-Arg-ACG-2-1|d_arm|part1	19	19	12.49	0.657368	0.657368
tRNA-Arg-ACG-2-1|acceptor_stem_5p|part1	7	7	4.413	0.630429	0.630429
tRX-Und-NNN-7-1|acceptor_stem_3p|part1	8	8	1.899	0.237375	0.237375
tRX-Und-NNN-7-1|t_arm|part1	17	17	-2.78	-0.163529	-0.163529
tRX-Und-NNN-7-1|variable_region|part1	7	7	-0.614	-0.0877143	-0.0877143
tRX-Und-NNN-7-1|anticodon_arm|part1	17	17	4.236	0.249176	0.249176
tRX-Und-NNN-7-1|anticodon|part1	3	3	0.774	0.258	0.258
tRX-Und-NNN-7-1|d_arm|part1	19	19	2.265	0.119211	0.119211
tRX-Und-NNN-7-1|acceptor_stem_5p|part1	7	7	-0.537	-0.0767143	-0.0767143
tRX-Pro-NNN-2-1|acceptor_stem_5p|part1	7	7	2.005	0.286429	0.286429
tRX-Pro-NNN-2-1|d_arm|part1	19	19	-0.696	-0.0366316	-0.0366316
tRX-Pro-NNN-2-1|anticodon_arm|part1	17	17	-2.364	-0.139059	-0.139059
tRX-Pro-NNN-2-1|anticodon|part1	3	3	0.272	0.0906667	0.0906667
tRX-Pro-NNN-2-1|variable_region|part1	5	5	1.381	0.2762	0.2762
tRX-Pro-NNN-2-1|t_arm|part1	17	17	-2.166	-0.127412	-0.127412
tRX-Pro-NNN-2-1|acceptor_stem_3p|part1	8	8	2.346	0.29325	0.29325
tRNA-Cys-GCA-6-1|acceptor_stem_3p|part1	8	8	3.659	0.457375	0.457375
tRNA-Cys-GCA-6-1|t_arm|part1	17	17	10.89	0.640588	0.640588
tRNA-Cys-GCA-6-1|variable_region|part1	4	4	2.5	0.625	0.625
tRNA-Cys-GCA-6-1|anticodon_arm|part1	17	17	10.87	0.639412	0.639412
tRNA-Cys-GCA-6-1|anticodon|part1	3	3	1.844	0.614667	0.614667
tRNA-Cys-GCA-6-1|d_arm|part1	19	19	9.161	0.482158	0.482158
tRNA-Cys-GCA-6-1|acceptor_stem_5p|part1	7	7	3.207	0.458143	0.458143
tRNA-Cys-GCA-9-1|acceptor_stem_3p|part1	8	8	4.79	0.59875	0.59875
tRNA-Cys-GCA-9-1|t_arm|part1	17	17	9.998	0.588118	0.588118
tRNA-Cys-GCA-9-1|variable_region|part1	4	4	2.296	0.574	0.574
tRNA-Cys-GCA-9-1|anticodon_arm|part1	17	17	9.978	0.586941	0.586941
tRNA-Cys-GCA-9-1|anticodon|part1	3	3	1.694	0.564667	0.564667
tRNA-Cys-GCA-9-1|d_arm|part1	19	19	10.194	0.536526	0.536526
tRNA-Cys-GCA-9-1|acceptor_stem_5p|part1	7	7	3.858	0.551143	0.551143
tRNA-Val-AAC-1-1|acceptor_stem_5p|part1	7	7	3.968	0.566857	0.566857
tRNA-Val-AAC-1-1|d_arm|part1	19	19	11.28	0.593684	0.593684
tRNA-Val-AAC-1-1|anticodon_arm|part1	17	17	9.944	0.584941	0.584941
tRNA-Val-AAC-1-1|anticodon|part1	3	3	1.84	0.613333	0.613333
tRNA-Val-AAC-1-1|variable_region|part1	5	5	2.942	0.5884	0.5884
tRNA-Val-AAC-1-1|t_arm|part1	17	17	9.818	0.577529	0.577529
tRNA-Val-AAC-1-1|acceptor_stem_3p|part1	8	8	4.5	0.5625	0.5625
tRNA-Gln-TTG-6-1|acceptor_stem_3p|part1	8	8	2.156	0.2695	0.2695
tRNA-Gln-TTG-6-1|t_arm|part1	17	17	0.297	0.0174706	0.0174706
tRNA-Gln-TTG-6-1|variable_region|part1	5	5	1.371	0.2742	0.2742
tRNA-Gln-TTG-6-1|anticodon_arm|part1	17	17	3.597	0.211588	0.211588
tRNA-Gln-TTG-6-1|anticodon|part1	3	3	0.839	0.279667	0.279667
tRNA-Gln-TTG-6-1|d_arm|part1	19	19	2.892	0.152211	0.152211
tRNA-Gln-TTG-6-1|acceptor_stem_5p|part1	7	7	1.858	0.265429	0.265429
tRNA-Cys-GCA-2-1|acceptor_stem_3p|part1	8	8	-0.398	-0.04975	-0.04975
tRNA-Cys-GCA-2-1|t_arm|part1	17	17	-4.272	-0.251294	-0.251294
tRNA-Cys-GCA-2-1|variable_region|part1	4	4	0.748	0.187	0.187
tRNA-Cys-GCA-2-1|anticodon_arm|part1	17	17	1.973	0.116059	0.116059
tRNA-Cys-GCA-2-1|anticodon|part1	3	3	1.067	0.355667	0.355667
tRNA-Cys-GCA-2-1|d_arm|part1	19	19	2.021	0.106368	0.106368
tRNA-Cys-GCA-2-1|acceptor_stem_5p|part1	7	7	1.402	0.200286	0.200286
tRNA-Lys-CTT-9-1|acceptor_stem_3p|part1	8	8	0.996	0.1245	0.1245
tRNA-Lys-CTT-9-1|t_arm|part1	17	17	0.538	0.0316471	0.0316471
tRNA-Lys-CTT-9-1|variable_region|part1	5	5	-0.851	-0.1702	-0.1702
tRNA-Lys-CTT-9-1|anticodon_arm|part1	17	17	0.53	0.0311765	0.0311765
tRNA-Lys-CTT-9-1|anticodon|part1	3	3	0.403	0.134333	0.134333
tRNA-Lys-CTT-9-1|d_arm|part1	19	19	-2.08	-0.109474	-0.109474
tRNA-Lys-CTT-9-1|acceptor_stem_5p|part1	7	7	-4.655	-0.665	-0.665
tRNA-Gln-CTG-13-1|acceptor_stem_3p|part1	8	8	1.743	0.217875	0.217875
tRNA-Gln-CTG-13-1|t_arm|part1	17	17	4.352	0.256	0.256
tRNA-Gln-CTG-13-1|variable_region|part1	4	4	-3.118	-0.7795	-0.7795
tRNA-Gln-CTG-13-1|anticodon_arm|part1	17	17	4.468	0.262824	0.262824
tRNA-Gln-CTG-13-1|anticodon|part1	3	3	1.514	0.504667	0.504667
tRNA-Gln-CTG-13-1|d_arm|part1	19	19	6.599	0.347316	0.347316
tRNA-Gln-CTG-13-1|acceptor_stem_5p|part1	7	7	1.822	0.260286	0.260286
tRNA-Cys-ACA-1-1|acceptor_stem_5p|part1	7	7	0.904	0.129143	0.129143
tRNA-Cys-ACA-1-1|d_arm|part1	19	19	5.082	0.267474	0.267474
tRNA-Cys-ACA-1-1|anticodon_arm|part1	10	10	1.141	0.1141	0.1141
tRNA-Cys-ACA-1-1|anticodon|part1	3	3	0.628	0.209333	0.209333
tRNA-Cys-ACA-1-1|intron|part1	97	97	-4.216	-0.0434639	-0.0434639
tRNA-Cys-ACA-1-1|anticodon_arm|part2	7	7	1.121	0.160143	0.160143
tRNA-Cys-ACA-1-1|variable_region|part1	11	11	-0.135	-0.0122727	-0.0122727
tRNA-Cys-ACA-1-1|t_arm|part1	17	17	1.277	0.0751177	0.0751177
tRNA-Cys-ACA-1-1|acceptor_stem_3p|part1	8	8	1.907	0.238375	0.238375
tRNA-Val-CAC-1-2|acceptor_stem_5p|part1	7	7	1.154	0.164857	0.164857
tRNA-Val-CAC-1-2|d_arm|part1	19	19	-1.694	-0.0891579	-0.0891579
tRNA-Val-CAC-1-2|anticodon_arm|part1	17	17	-1.261	-0.0741765	-0.0741765
tRNA-Val-CAC-1-2|anticodon|part1	3	3	-0.197	-0.0656667	-0.0656667
tRNA-Val-CAC-1-2|variable_region|part1	5	5	-0.703	-0.1406	-0.1406
tRNA-Val-CAC-1-2|t_arm|part1	17	17	1.492	0.0877647	0.0877647
tRNA-Val-CAC-1-2|acceptor_stem_3p|part1	8	8	1.498	0.18725	0.18725
tRNA-Leu-AAG-1-1|acceptor_stem_3p|part1	8	8	2.489	0.311125	0.311125
tRNA-Leu-AAG-1-1|t_arm|part1	17	17	-0.539	-0.0317059	-0.0317059
tRNA-Leu-AAG-1-1|variable_region|part1	14	14	0.516	0.0368571	0.0368571
tRNA-Leu-AAG-1-1|anticodon_arm|part1	17	17	5.315	0.312647	0.312647
tRNA-Leu-AAG-1-1|anticodon|part1	3	3	0.969	0.323	0.323
tRNA-Leu-AAG-1-1|d_arm|part1	19	19	1.83	0.0963158	0.0963158
tRNA-Leu-AAG-1-1|acceptor_stem_5p|part1	7	7	-1.426	-0.203714	-0.203714
tRNA-Leu-AAG-1-2|acceptor_stem_5p|part1	7	7	-0.733	-0.104714	-0.104714
tRNA-Leu-AAG-1-2|d_arm|part1	19	19	2.448	0.128842	0.128842
tRNA-Leu-AAG-1-2|anticodon_arm|part1	17	17	2.029	0.119353	0.119353
tRNA-Leu-AAG-1-2|anticodon|part1	3	3	0.795	0.265	0.265
tRNA-Leu-AAG-1-2|variable_region|part1	14	14	-1.14	-0.0814286	-0.0814286
tRNA-Leu-AAG-1-2|t_arm|part1	17	17	-0.104	-0.00611765	-0.00611765
tRNA-Leu-AAG-1-2|acceptor_stem_3p|part1	8	8	1.916	0.2395	0.2395
tRNA-Val-CAC-1-3|acceptor_stem_3p|part1	8	8	0.837	0.104625	0.104625
tRNA-Val-CAC-1-3|t_arm|part1	17	17	-0.309	-0.0181765	-0.0181765
tRNA-Val-CAC-1-3|variable_region|part1	5	5	1.218	0.2436	0.2436
tRNA-Val-CAC-1-3|anticodon_arm|part1	17	17	0.926	0.0544706	0.0544706
tRNA-Val-CAC-1-3|anticodon|part1	3	3	-0.341	-0.113667	-0.113667
tRNA-Val-CAC-1-3|d_arm|part1	19	19	2.619	0.137842	0.137842
tRNA-Val-CAC-1-3|acceptor_stem_5p|part1	7	7	1.73	0.247143	0.247143
tRNA-Val-AAC-1-2|acceptor_stem_5p|part1	7	7	1.638	0.234	0.234
tRNA-Val-AAC-1-2|d_arm|part1	19	19	2.389	0.125737	0.125737
tRNA-Val-AAC-1-2|anticodon_arm|part1	17	17	3.194	0.187882	0.187882
tRNA-Val-AAC-1-2|anticodon|part1	3	3	-0.213	-0.071	-0.071
tRNA-Val-AAC-1-2|variable_region|part1	5	5	1.299	0.2598	0.2598
tRNA-Val-AAC-1-2|t_arm|part1	17	17	3.37	0.198235	0.198235
tRNA-Val-AAC-1-2|acceptor_stem_3p|part1	8	8	1.108	0.1385	0.1385
tRNA-Leu-AAG-7-1|acceptor_stem_3p|part1	8	8	-7.392	-0.924	-0.924
tRNA-Leu-AAG-7-1|t_arm|part1	17	17	-3.77	-0.221765	-0.221765
tRNA-Leu-AAG-7-1|variable_region|part1	8	8	-4.604	-0.5755	-0.5755
tRNA-Leu-AAG-7-1|anticodon_arm|part2	5	5	0.017	0.0034	0.0034
tRNA-Leu-AAG-7-1|intron|part1	9	9	-4.079	-0.453222	-0.453222
tRNA-Leu-AAG-7-1|anticodon_arm|part1	12	12	-4.391	-0.365917	-0.365917
tRNA-Leu-AAG-7-1|anticodon|part1	3	3	0.726	0.242	0.242
tRNA-Leu-AAG-7-1|d_arm|part1	19	19	-8.007	-0.421421	-0.421421
tRNA-Leu-AAG-7-1|acceptor_stem_5p|part1	7	7	-8.811	-1.25871	-1.25871
tRNA-Val-AAC-1-3|acceptor_stem_5p|part1	7	7	1.355	0.193571	0.193571
tRNA-Val-AAC-1-3|d_arm|part1	19	19	2.55	0.134211	0.134211
tRNA-Val-AAC-1-3|anticodon_arm|part1	17	17	-0.308	-0.0181176	-0.0181176
tRNA-Val-AAC-1-3|anticodon|part1	3	3	-0.549	-0.183	-0.183
tRNA-Val-AAC-1-3|variable_region|part1	5	5	-0.312	-0.0624	-0.0624
tRNA-Val-AAC-1-3|t_arm|part1	17	17	-0.401	-0.0235882	-0.0235882
tRNA-Val-AAC-1-3|acceptor_stem_3p|part1	8	8	-0.787	-0.098375	-0.098375
tRNA-Val-CAC-1-4|acceptor_stem_5p|part1	7	7	1.784	0.254857	0.254857
tRNA-Val-CAC-1-4|d_arm|part1	19	19	3.115	0.163947	0.163947
tRNA-Val-CAC-1-4|anticodon_arm|part1	17	17	3.294	0.193765	0.193765
tRNA-Val-CAC-1-4|anticodon|part1	3	3	-0.339	-0.113	-0.113
tRNA-Val-CAC-1-4|variable_region|part1	5	5	1.318	0.2636	0.2636
tRNA-Val-CAC-1-4|t_arm|part1	17	17	3.389	0.199353	0.199353
tRNA-Val-CAC-1-4|acceptor_stem_3p|part1	8	8	2.168	0.271	0.271
tRNA-Leu-AAG-1-3|acceptor_stem_3p|part1	8	8	1.069	0.133625	0.133625
tRNA-Leu-AAG-1-3|t_arm|part1	17	17	3.473	0.204294	0.204294
tRNA-Leu-AAG-1-3|variable_region|part1	14	14	0.473	0.0337857	0.0337857
tRNA-Leu-AAG-1-3|anticodon_arm|part1	17	17	3.354	0.197294	0.197294
tRNA-Leu-AAG-1-3|anticodon|part1	3	3	0.811	0.270333	0.270333
tRNA-Leu-AAG-1-3|d_arm|part1	19	19	-2.497	-0.131421	-0.131421
tRNA-Leu-AAG-1-3|acceptor_stem_5p|part1	7	7	-1.351	-0.193	-0.193
tRNA-Leu-AAG-2-1|acceptor_stem_5p|part1	7	7	1.097	0.156714	0.156714
tRNA-Leu-AAG-2-1|d_arm|part1	19	19	1.81	0.0952632	0.0952632
tRNA-Leu-AAG-2-1|anticodon_arm|part1	17	17	3.434	0.202	0.202
tRNA-Leu-AAG-2-1|anticodon|part1	3	3	1.192	0.397333	0.397333
tRNA-Leu-AAG-2-1|variable_region|part1	14	14	1.379	0.0985	0.0985
tRNA-Leu-AAG-2-1|t_arm|part1	17	17	2.108	0.124	0.124
tRNA-Leu-AAG-2-1|acceptor_stem_3p|part1	8	8	3.127	0.390875	0.390875
tRNA-Val-AAC-2-1|acceptor_stem_3p|part1	8	8	1.606	0.20075	0.20075
tRNA-Val-AAC-2-1|t_arm|part1	17	17	0.148	0.00870589	0.00870589
tRNA-Val-AAC-2-1|variable_region|part1	5	5	0.758	0.1516	0.1516
tRNA-Val-AAC-2-1|anticodon_arm|part1	17	17	2.04	0.12	0.12
tRNA-Val-AAC-2-1|anticodon|part1	3	3	1.564	0.521333	0.521333
tRNA-Val-AAC-2-1|d_arm|part1	19	19	0.577	0.0303684	0.0303684
tRNA-Val-AAC-2-1|acceptor_stem_5p|part1	7	7	2.012	0.287429	0.287429
tRNA-Pro-TGG-3-1|acceptor_stem_3p|part1	8	8	4.08	0.51	0.51
tRNA-Pro-TGG-3-1|t_arm|part1	17	17	8.819	0.518765	0.518765
tRNA-Pro-TGG-3-1|variable_region|part1	4	4	2.051	0.51275	0.51275
tRNA-Pro-TGG-3-1|anticodon_arm|part1	17	17	8.834	0.519647	0.519647
tRNA-Pro-TGG-3-1|anticodon|part1	3	3	1.407	0.469	0.469
tRNA-Pro-TGG-3-1|d_arm|part1	19	19	10.001	0.526368	0.526368
tRNA-Pro-TGG-3-1|acceptor_stem_5p|part1	7	7	3.633	0.519	0.519
tRNA-Thr-TGT-6-1|acceptor_stem_3p|part1	8	8	4.102	0.51275	0.51275
tRNA-Thr-TGT-6-1|t_arm|part1	17	17	8.088	0.475765	0.475765
tRNA-Thr-TGT-6-1|variable_region|part1	4	4	2.051	0.51275	0.51275
tRNA-Thr-TGT-6-1|anticodon_arm|part1	17	17	7.363	0.433118	0.433118
tRNA-Thr-TGT-6-1|anticodon|part1	3	3	0.828	0.276	0.276
tRNA-Thr-TGT-6-1|d_arm|part1	19	19	9.773	0.514368	0.514368
tRNA-Thr-TGT-6-1|acceptor_stem_5p|part1	7	7	3.622	0.517429	0.517429
tRNA-Ala-TGC-3-1|acceptor_stem_5p|part1	7	7	3.736	0.533714	0.533714
tRNA-Ala-TGC-3-1|d_arm|part1	19	19	9.982	0.525368	0.525368
tRNA-Ala-TGC-3-1|anticodon_arm|part1	17	17	8.212	0.483059	0.483059
tRNA-Ala-TGC-3-1|anticodon|part1	3	3	1.582	0.527333	0.527333
tRNA-Ala-TGC-3-1|variable_region|part1	4	4	1.99	0.4975	0.4975
tRNA-Ala-TGC-3-1|t_arm|part1	17	17	8.583	0.504882	0.504882
tRNA-Ala-TGC-3-1|acceptor_stem_3p|part1	8	8	4.088	0.511	0.511
tRNA-Lys-CTT-2-2|acceptor_stem_5p|part1	7	7	3.454	0.493429	0.493429
tRNA-Lys-CTT-2-2|d_arm|part1	19	19	10.043	0.528579	0.528579
tRNA-Lys-CTT-2-2|anticodon_arm|part1	17	17	2.442	0.143647	0.143647
tRNA-Lys-CTT-2-2|anticodon|part1	3	3	-0.11	-0.0366667	-0.0366667
tRNA-Lys-CTT-2-2|variable_region|part1	5	5	2.566	0.5132	0.5132
tRNA-Lys-CTT-2-2|t_arm|part1	17	17	6.274	0.369059	0.369059
tRNA-Lys-CTT-2-2|acceptor_stem_3p|part1	8	8	4.137	0.517125	0.517125
tRNA-Val-AAC-1-4|acceptor_stem_3p|part1	8	8	-4.792	-0.599	-0.599
tRNA-Val-AAC-1-4|t_arm|part1	17	17	-5.779	-0.339941	-0.339941
tRNA-Val-AAC-1-4|variable_region|part1	5	5	-1.638	-0.3276	-0.3276
tRNA-Val-AAC-1-4|anticodon_arm|part1	17	17	-5.574	-0.327882	-0.327882
tRNA-Val-AAC-1-4|anticodon|part1	3	3	-3.555	-1.185	-1.185
tRNA-Val-AAC-1-4|d_arm|part1	19	19	1.196	0.0629474	0.0629474
tRNA-Val-AAC-1-4|acceptor_stem_5p|part1	7	7	-0.263	-0.0375714	-0.0375714
tRNA-Lys-CTT-2-3|acceptor_stem_3p|part1	8	8	1.461	0.182625	0.182625
tRNA-Lys-CTT-2-3|t_arm|part1	17	17	6.25	0.367647	0.367647
tRNA-Lys-CTT-2-3|variable_region|part1	5	5	0.895	0.179	0.179
tRNA-Lys-CTT-2-3|anticodon_arm|part1	17	17	5.923	0.348412	0.348412
tRNA-Lys-CTT-2-3|anticodon|part1	3	3	0.869	0.289667	0.289667
tRNA-Lys-CTT-2-3|d_arm|part1	19	19	3.702	0.194842	0.194842
tRNA-Lys-CTT-2-3|acceptor_stem_5p|part1	7	7	0.062	0.00885714	0.00885714
tRNA-Val-CAC-1-5|acceptor_stem_3p|part1	8	8	3.862	0.48275	0.48275
tRNA-Val-CAC-1-5|t_arm|part1	17	17	5.725	0.336765	0.336765
tRNA-Val-CAC-1-5|variable_region|part1	5	5	2.44	0.488	0.488
tRNA-Val-CAC-1-5|anticodon_arm|part1	17	17	5.935	0.349118	0.349118
tRNA-Val-CAC-1-5|anticodon|part1	3	3	0.673	0.224333	0.224333
tRNA-Val-CAC-1-5|d_arm|part1	19	19	7.785	0.409737	0.409737
tRNA-Val-CAC-1-5|acceptor_stem_5p|part1	7	7	3.558	0.508286	0.508286
tRNA-Gln-CTG-1-1|acceptor_stem_5p|part1	7	7	0.283	0.0404286	0.0404286
tRNA-Gln-CTG-1-1|d_arm|part1	19	19	6.488	0.341474	0.341474
tRNA-Gln-CTG-1-1|anticodon_arm|part1	17	17	5.328	0.313412	0.313412
tRNA-Gln-CTG-1-1|anticodon|part1	3	3	1.065	0.355	0.355
tRNA-Gln-CTG-1-1|variable_region|part1	4	4	-1.602	-0.4005	-0.4005
tRNA-Gln-CTG-1-1|t_arm|part1	17	17	-2.291	-0.134765	-0.134765
tRNA-Gln-CTG-1-1|acceptor_stem_3p|part1	8	8	0.048	0.006	0.006
tRNA-iMet-CAT-1-2|acceptor_stem_5p|part1	7	7	4.895	0.699286	0.699286
tRNA-iMet-CAT-1-2|d_arm|part1	19	19	12.677	0.667211	0.667211
tRNA-iMet-CAT-1-2|anticodon_arm|part1	17	17	11.408	0.671059	0.671059
tRNA-iMet-CAT-1-2|anticodon|part1	3	3	2.177	0.725667	0.725667
tRNA-iMet-CAT-1-2|variable_region|part1	4	4	2.616	0.654	0.654
tRNA-iMet-CAT-1-2|t_arm|part1	17	17	10.832	0.637176	0.637176
tRNA-iMet-CAT-1-2|acceptor_stem_3p|part1	8	8	4.428	0.5535	0.5535
tRNA-Arg-TCG-4-1|acceptor_stem_5p|part1	7	7	0.938	0.134	0.134
tRNA-Arg-TCG-4-1|d_arm|part1	19	19	1.827	0.0961579	0.0961579
tRNA-Arg-TCG-4-1|anticodon_arm|part1	17	17	7.221	0.424765	0.424765
tRNA-Arg-TCG-4-1|anticodon|part1	3	3	0.165	0.055	0.055
tRNA-Arg-TCG-4-1|variable_region|part1	5	5	2.864	0.5728	0.5728
tRNA-Arg-TCG-4-1|t_arm|part1	17	17	5.016	0.295059	0.295059
tRNA-Arg-TCG-4-1|acceptor_stem_3p|part1	8	8	2.54	0.3175	0.3175
tRNA-Ser-GCT-6-1|acceptor_stem_3p|part1	8	8	5.41	0.67625	0.67625
tRNA-Ser-GCT-6-1|t_arm|part1	17	17	9.878	0.581059	0.581059
tRNA-Ser-GCT-6-1|variable_region|part1	16	16	7.038	0.439875	0.439875
tRNA-Ser-GCT-6-1|anticodon_arm|part1	17	17	11.46	0.674118	0.674118
tRNA-Ser-GCT-6-1|anticodon|part1	3	3	2.031	0.677	0.677
tRNA-Ser-GCT-6-1|d_arm|part1	19	19	7.678	0.404105	0.404105
tRNA-Ser-GCT-6-1|acceptor_stem_5p|part1	7	7	-7.663	-1.09471	-1.09471
tRNA-Gln-TTG-3-1|acceptor_stem_3p|part1	8	8	4.464	0.558	0.558
tRNA-Gln-TTG-3-1|t_arm|part1	17	17	4.419	0.259941	0.259941
tRNA-Gln-TTG-3-1|variable_region|part1	4	4	0.281	0.07025	0.07025
tRNA-Gln-TTG-3-1|anticodon_arm|part1	17	17	7.397	0.435118	0.435118
tRNA-Gln-TTG-3-1|anticodon|part1	3	3	2.081	0.693667	0.693667
tRNA-Gln-TTG-3-1|d_arm|part1	19	19	9.336	0.491368	0.491368
tRNA-Gln-TTG-3-1|acceptor_stem_5p|part1	7	7	4.354	0.622	0.622
tRNA-Gln-TTG-3-2|acceptor_stem_3p|part1	8	8	3.679	0.459875	0.459875
tRNA-Gln-TTG-3-2|t_arm|part1	17	17	2.754	0.162	0.162
tRNA-Gln-TTG-3-2|variable_region|part1	4	4	-0.239	-0.05975	-0.05975
tRNA-Gln-TTG-3-2|anticodon_arm|part1	17	17	3.948	0.232235	0.232235
tRNA-Gln-TTG-3-2|anticodon|part1	3	3	0.435	0.145	0.145
tRNA-Gln-TTG-3-2|d_arm|part1	19	19	8.839	0.465211	0.465211
tRNA-Gln-TTG-3-2|acceptor_stem_5p|part1	7	7	2.173	0.310429	0.310429
tRNA-Ser-TGA-3-1|acceptor_stem_3p|part1	8	8	4.497	0.562125	0.562125
tRNA-Ser-TGA-3-1|t_arm|part1	17	17	11.327	0.666294	0.666294
tRNA-Ser-TGA-3-1|variable_region|part1	14	14	7.851	0.560786	0.560786
tRNA-Ser-TGA-3-1|anticodon_arm|part1	17	17	9.129	0.537	0.537
tRNA-Ser-TGA-3-1|anticodon|part1	3	3	0.435	0.145	0.145
tRNA-Ser-TGA-3-1|d_arm|part1	19	19	9.985	0.525526	0.525526
tRNA-Ser-TGA-3-1|acceptor_stem_5p|part1	7	7	4.623	0.660429	0.660429
tRNA-iMet-CAT-1-3|acceptor_stem_3p|part1	8	8	4.721	0.590125	0.590125
tRNA-iMet-CAT-1-3|t_arm|part1	17	17	4.093	0.240765	0.240765
tRNA-iMet-CAT-1-3|variable_region|part1	4	4	1.134	0.2835	0.2835
tRNA-iMet-CAT-1-3|anticodon_arm|part1	17	17	7.228	0.425176	0.425176
tRNA-iMet-CAT-1-3|anticodon|part1	3	3	1.251	0.417	0.417
tRNA-iMet-CAT-1-3|d_arm|part1	19	19	9.843	0.518053	0.518053
tRNA-iMet-CAT-1-3|acceptor_stem_5p|part1	7	7	2.837	0.405286	0.405286
tRNA-Trp-CCA-3-1|acceptor_stem_3p|part1	8	8	2.165	0.270625	0.270625
tRNA-Trp-CCA-3-1|t_arm|part1	17	17	6.326	0.372118	0.372118
tRNA-Trp-CCA-3-1|variable_region|part1	4	4	2.042	0.5105	0.5105
tRNA-Trp-CCA-3-1|anticodon_arm|part1	17	17	6	0.352941	0.352941
tRNA-Trp-CCA-3-1|anticodon|part1	3	3	1.465	0.488333	0.488333
tRNA-Trp-CCA-3-1|d_arm|part1	19	19	5.416	0.285053	0.285053
tRNA-Trp-CCA-3-1|acceptor_stem_5p|part1	7	7	1.856	0.265143	0.265143
tRNA-Arg-TCG-2-1|acceptor_stem_5p|part1	7	7	2.485	0.355	0.355
tRNA-Arg-TCG-2-1|d_arm|part1	19	19	7.325	0.385526	0.385526
tRNA-Arg-TCG-2-1|anticodon_arm|part1	17	17	6.706	0.394471	0.394471
tRNA-Arg-TCG-2-1|anticodon|part1	3	3	0.844	0.281333	0.281333
tRNA-Arg-TCG-2-1|variable_region|part1	5	5	0.657	0.1314	0.1314
tRNA-Arg-TCG-2-1|t_arm|part1	17	17	8.295	0.487941	0.487941
tRNA-Arg-TCG-2-1|acceptor_stem_3p|part1	8	8	2.292	0.2865	0.2865
tRNA-Ser-AGA-2-1|acceptor_stem_5p|part1	7	7	3.521	0.503	0.503
tRNA-Ser-AGA-2-1|d_arm|part1	19	19	8.768	0.461474	0.461474
tRNA-Ser-AGA-2-1|anticodon_arm|part1	17	17	8.787	0.516882	0.516882
tRNA-Ser-AGA-2-1|anticodon|part1	3	3	1.629	0.543	0.543
tRNA-Ser-AGA-2-1|variable_region|part1	14	14	6.716	0.479714	0.479714
tRNA-Ser-AGA-2-1|t_arm|part1	17	17	8.449	0.497	0.497
tRNA-Ser-AGA-2-1|acceptor_stem_3p|part1	8	8	3.981	0.497625	0.497625
tRNA-Arg-ACG-1-1|acceptor_stem_5p|part1	7	7	4.08	0.582857	0.582857
tRNA-Arg-ACG-1-1|d_arm|part1	19	19	11.294	0.594421	0.594421
tRNA-Arg-ACG-1-1|anticodon_arm|part1	17	17	10.1	0.594118	0.594118
tRNA-Arg-ACG-1-1|anticodon|part1	3	3	1.778	0.592667	0.592667
tRNA-Arg-ACG-1-1|variable_region|part1	5	5	3.076	0.6152	0.6152
tRNA-Arg-ACG-1-1|t_arm|part1	17	17	8.994	0.529059	0.529059
tRNA-Arg-ACG-1-1|acceptor_stem_3p|part1	8	8	4.518	0.56475	0.56475
tRNA-iMet-CAT-1-4|acceptor_stem_3p|part1	8	8	4.078	0.50975	0.50975
tRNA-iMet-CAT-1-4|t_arm|part1	17	17	6.764	0.397882	0.397882
tRNA-iMet-CAT-1-4|variable_region|part1	4	4	2.304	0.576	0.576
tRNA-iMet-CAT-1-4|anticodon_arm|part1	17	17	3.488	0.205176	0.205176
tRNA-iMet-CAT-1-4|anticodon|part1	3	3	1.023	0.341	0.341
tRNA-iMet-CAT-1-4|d_arm|part1	19	19	7.471	0.393211	0.393211
tRNA-iMet-CAT-1-4|acceptor_stem_5p|part1	7	7	2.315	0.330714	0.330714
tRNA-Trp-CCA-3-2|acceptor_stem_3p|part1	8	8	2.932	0.3665	0.3665
tRNA-Trp-CCA-3-2|t_arm|part1	17	17	9.972	0.586588	0.586588
tRNA-Trp-CCA-3-2|variable_region|part1	4	4	2.342	0.5855	0.5855
tRNA-Trp-CCA-3-2|anticodon_arm|part1	17	17	9.824	0.577882	0.577882
tRNA-Trp-CCA-3-2|anticodon|part1	3	3	1.666	0.555333	0.555333
tRNA-Trp-CCA-3-2|d_arm|part1	19	19	10.674	0.561789	0.561789
tRNA-Trp-CCA-3-2|acceptor_stem_5p|part1	7	7	3.136	0.448	0.448
tRNA-Leu-CAG-1-7|acceptor_stem_5p|part1	7	7	4.775	0.682143	0.682143
tRNA-Leu-CAG-1-7|d_arm|part1	19	19	12.592	0.662737	0.662737
tRNA-Leu-CAG-1-7|anticodon_arm|part1	17	17	11.158	0.656353	0.656353
tRNA-Leu-CAG-1-7|anticodon|part1	3	3	2.008	0.669333	0.669333
tRNA-Leu-CAG-1-7|variable_region|part1	15	15	9.67	0.644667	0.644667
tRNA-Leu-CAG-1-7|t_arm|part1	17	17	11.237	0.661	0.661
tRNA-Leu-CAG-1-7|acceptor_stem_3p|part1	8	8	5.284	0.6605	0.6605
tRNA-Thr-AGT-2-1|acceptor_stem_3p|part1	8	8	4.377	0.547125	0.547125
tRNA-Thr-AGT-2-1|t_arm|part1	17	17	11.394	0.670235	0.670235
tRNA-Thr-AGT-2-1|variable_region|part1	6	6	3.96	0.66	0.66
tRNA-Thr-AGT-2-1|anticodon_arm|part1	17	17	11.449	0.673471	0.673471
tRNA-Thr-AGT-2-1|anticodon|part1	3	3	2.02	0.673333	0.673333
tRNA-Thr-AGT-2-1|d_arm|part1	19	19	12.818	0.674632	0.674632
tRNA-Thr-AGT-2-1|acceptor_stem_5p|part1	7	7	4.581	0.654429	0.654429
tRNA-Arg-ACG-1-2|acceptor_stem_5p|part1	7	7	4.658	0.665429	0.665429
tRNA-Arg-ACG-1-2|d_arm|part1	19	19	12.092	0.636421	0.636421
tRNA-Arg-ACG-1-2|anticodon_arm|part1	17	17	11.54	0.678824	0.678824
tRNA-Arg-ACG-1-2|anticodon|part1	3	3	2.031	0.677	0.677
tRNA-Arg-ACG-1-2|variable_region|part1	5	5	3.518	0.7036	0.7036
tRNA-Arg-ACG-1-2|t_arm|part1	17	17	11.146	0.655647	0.655647
tRNA-Arg-ACG-1-2|acceptor_stem_3p|part1	8	8	5.15	0.64375	0.64375
tRNA-Val-CAC-1-6|acceptor_stem_5p|part1	7	7	4.545	0.649286	0.649286
tRNA-Val-CAC-1-6|d_arm|part1	19	19	12.933	0.680684	0.680684
tRNA-Val-CAC-1-6|anticodon_arm|part1	17	17	11.24	0.661176	0.661176
tRNA-Val-CAC-1-6|anticodon|part1	3	3	1.954	0.651333	0.651333
tRNA-Val-CAC-1-6|variable_region|part1	5	5	3.372	0.6744	0.6744
tRNA-Val-CAC-1-6|t_arm|part1	17	17	11.248	0.661647	0.661647
tRNA-Val-CAC-1-6|acceptor_stem_3p|part1	8	8	5.574	0.69675	0.69675
tRNA-Ala-CGC-1-1|acceptor_stem_5p|part1	7	7	4.801	0.685857	0.685857
tRNA-Ala-CGC-1-1|d_arm|part1	19	19	12.812	0.674316	0.674316
tRNA-Ala-CGC-1-1|anticodon_arm|part1	17	17	11.515	0.677353	0.677353
tRNA-Ala-CGC-1-1|anticodon|part1	3	3	2.031	0.677	0.677
tRNA-Ala-CGC-1-1|variable_region|part1	4	4	1.141	0.28525	0.28525
tRNA-Ala-CGC-1-1|t_arm|part1	17	17	10.183	0.599	0.599
tRNA-Ala-CGC-1-1|acceptor_stem_3p|part1	8	8	5.238	0.65475	0.65475
tRNA-Ile-AAT-5-1|acceptor_stem_5p|part1	7	7	4.179	0.597	0.597
tRNA-Ile-AAT-5-1|d_arm|part1	19	19	11.773	0.619632	0.619632
tRNA-Ile-AAT-5-1|anticodon_arm|part1	17	17	10.486	0.616824	0.616824
tRNA-Ile-AAT-5-1|anticodon|part1	3	3	1.991	0.663667	0.663667
tRNA-Ile-AAT-5-1|variable_region|part1	6	6	3.776	0.629333	0.629333
tRNA-Ile-AAT-5-1|t_arm|part1	17	17	9.357	0.550412	0.550412
tRNA-Ile-AAT-5-1|acceptor_stem_3p|part1	8	8	4.883	0.610375	0.610375
tRNA-Pro-AGG-2-2|acceptor_stem_5p|part1	7	7	4.556	0.650857	0.650857
tRNA-Pro-AGG-2-2|d_arm|part1	19	19	11.3	0.594737	0.594737
tRNA-Pro-AGG-2-2|anticodon_arm|part1	17	17	11.457	0.673941	0.673941
tRNA-Pro-AGG-2-2|anticodon|part1	3	3	2.028	0.676	0.676
tRNA-Pro-AGG-2-2|variable_region|part1	4	4	2.616	0.654	0.654
tRNA-Pro-AGG-2-2|t_arm|part1	17	17	11.237	0.661	0.661
tRNA-Pro-AGG-2-2|acceptor_stem_3p|part1	8	8	4.464	0.558	0.558
tRNA-Lys-CTT-2-4|acceptor_stem_5p|part1	7	7	3.941	0.563	0.563
tRNA-Lys-CTT-2-4|d_arm|part1	19	19	9.754	0.513368	0.513368
tRNA-Lys-CTT-2-4|anticodon_arm|part1	17	17	8.288	0.487529	0.487529
tRNA-Lys-CTT-2-4|anticodon|part1	3	3	1.929	0.643	0.643
tRNA-Lys-CTT-2-4|variable_region|part1	5	5	1.061	0.2122	0.2122
tRNA-Lys-CTT-2-4|t_arm|part1	17	17	9.523	0.560176	0.560176
tRNA-Lys-CTT-2-4|acceptor_stem_3p|part1	8	8	3.745	0.468125	0.468125
tRNA-Tyr-GTA-1-1|acceptor_stem_5p|part1	7	7	4.533	0.647571	0.647571
tRNA-Tyr-GTA-1-1|d_arm|part1	19	19	12.801	0.673737	0.673737
tRNA-Tyr-GTA-1-1|anticodon_arm|part1	11	11	7.531	0.684636	0.684636
tRNA-Tyr-GTA-1-1|anticodon|part1	3	3	2.084	0.694667	0.694667
tRNA-Tyr-GTA-1-1|intron|part1	18	18	-15.878	-0.882111	-0.882111
tRNA-Tyr-GTA-1-1|anticodon_arm|part2	6	6	3.926	0.654333	0.654333
tRNA-Tyr-GTA-1-1|variable_region|part1	5	5	3.352	0.6704	0.6704
tRNA-Tyr-GTA-1-1|t_arm|part1	17	17	11.158	0.656353	0.656353
tRNA-Tyr-GTA-1-1|acceptor_stem_3p|part1	8	8	5.526	0.69075	0.69075
tRNA-Ala-AGC-11-1|acceptor_stem_3p|part1	8	8	5.591	0.698875	0.698875
tRNA-Ala-AGC-11-1|t_arm|part1	17	17	4.015	0.236176	0.236176
tRNA-Ala-AGC-11-1|variable_region|part1	5	5	2.431	0.4862	0.4862
tRNA-Ala-AGC-11-1|anticodon_arm|part1	17	17	7.362	0.433059	0.433059
tRNA-Ala-AGC-11-1|anticodon|part1	3	3	1.929	0.643	0.643
tRNA-Ala-AGC-11-1|d_arm|part1	19	19	9.332	0.491158	0.491158
tRNA-Ala-AGC-11-1|acceptor_stem_5p|part1	7	7	3.675	0.525	0.525
tRNA-Tyr-GTA-8-1|acceptor_stem_5p|part1	7	7	0.365	0.0521429	0.0521429
tRNA-Tyr-GTA-8-1|d_arm|part1	19	19	-0.308	-0.0162105	-0.0162105
tRNA-Tyr-GTA-8-1|anticodon_arm|part1	11	11	-0.478	-0.0434545	-0.0434545
tRNA-Tyr-GTA-8-1|anticodon|part1	3	3	-0.686	-0.228667	-0.228667
tRNA-Tyr-GTA-8-1|intron|part1	17	17	-14.049	-0.826412	-0.826412
tRNA-Tyr-GTA-8-1|anticodon_arm|part2	6	6	1.175	0.195833	0.195833
tRNA-Tyr-GTA-8-1|variable_region|part1	5	5	0.885	0.177	0.177
tRNA-Tyr-GTA-8-1|t_arm|part1	17	17	-0.633	-0.0372353	-0.0372353
tRNA-Tyr-GTA-8-1|acceptor_stem_3p|part1	8	8	-4.41	-0.55125	-0.55125
tRNA-Tyr-GTA-3-1|acceptor_stem_5p|part1	7	7	4.559	0.651286	0.651286
tRNA-Tyr-GTA-3-1|d_arm|part1	19	19	12.106	0.637158	0.637158
tRNA-Tyr-GTA-3-1|anticodon_arm|part1	11	11	7.577	0.688818	0.688818
tRNA-Tyr-GTA-3-1|anticodon|part1	3	3	2.097	0.699	0.699
tRNA-Tyr-GTA-3-1|intron|part1	16	16	-23.859	-1.49119	-1.49119
tRNA-Tyr-GTA-3-1|anticodon_arm|part2	6	6	3.949	0.658167	0.658167
tRNA-Tyr-GTA-3-1|variable_region|part1	5	5	3.372	0.6744	0.6744
tRNA-Tyr-GTA-3-1|t_arm|part1	17	17	9.87	0.580588	0.580588
tRNA-Tyr-GTA-3-1|acceptor_stem_3p|part1	8	8	4.758	0.59475	0.59475
tRNA-Tyr-GTA-6-1|acceptor_stem_5p|part1	7	7	1.636	0.233714	0.233714
tRNA-Tyr-GTA-6-1|d_arm|part1	19	19	5.993	0.315421	0.315421
tRNA-Tyr-GTA-6-1|anticodon_arm|part1	11	11	6.796	0.617818	0.617818
tRNA-Tyr-GTA-6-1|anticodon|part1	3	3	2.097	0.699	0.699
tRNA-Tyr-GTA-6-1|intron|part1	16	16	-4.512	-0.282	-0.282
tRNA-Tyr-GTA-6-1|anticodon_arm|part2	6	6	3.176	0.529333	0.529333
tRNA-Tyr-GTA-6-1|variable_region|part1	5	5	2.59	0.518	0.518
tRNA-Tyr-GTA-6-1|t_arm|part1	17	17	6.32	0.371765	0.371765
tRNA-Tyr-GTA-6-1|acceptor_stem_3p|part1	8	8	2.154	0.26925	0.26925
tRNA-Ala-AGC-14-1|acceptor_stem_5p|part1	7	7	0.617	0.0881429	0.0881429
tRNA-Ala-AGC-14-1|d_arm|part1	19	19	4.635	0.243947	0.243947
tRNA-Ala-AGC-14-1|anticodon_arm|part1	17	17	4.8	0.282353	0.282353
tRNA-Ala-AGC-14-1|anticodon|part1	3	3	1.019	0.339667	0.339667
tRNA-Ala-AGC-14-1|variable_region|part1	5	5	1.763	0.3526	0.3526
tRNA-Ala-AGC-14-1|t_arm|part1	17	17	2.332	0.137176	0.137176
tRNA-Ala-AGC-14-1|acceptor_stem_3p|part1	8	8	2.661	0.332625	0.332625
tRNA-Ala-AGC-12-1|acceptor_stem_5p|part1	7	7	2.081	0.297286	0.297286
tRNA-Ala-AGC-12-1|d_arm|part1	19	19	7.15	0.376316	0.376316
tRNA-Ala-AGC-12-1|anticodon_arm|part1	17	17	6.819	0.401118	0.401118
tRNA-Ala-AGC-12-1|anticodon|part1	3	3	1.492	0.497333	0.497333
tRNA-Ala-AGC-12-1|variable_region|part1	5	5	2.588	0.5176	0.5176
tRNA-Ala-AGC-12-1|t_arm|part1	17	17	6.639	0.390529	0.390529
tRNA-Ala-AGC-12-1|acceptor_stem_3p|part1	8	8	2.255	0.281875	0.281875
tRNA-Ala-AGC-10-1|acceptor_stem_5p|part1	7	7	1.515	0.216429	0.216429
tRNA-Ala-AGC-10-1|d_arm|part1	19	19	4.285	0.225526	0.225526
tRNA-Ala-AGC-10-1|anticodon_arm|part1	17	17	2.624	0.154353	0.154353
tRNA-Ala-AGC-10-1|anticodon|part1	3	3	0.996	0.332	0.332
tRNA-Ala-AGC-10-1|variable_region|part1	5	5	0.78	0.156	0.156
tRNA-Ala-AGC-10-1|t_arm|part1	17	17	3.663	0.215471	0.215471
tRNA-Ala-AGC-10-1|acceptor_stem_3p|part1	8	8	1.731	0.216375	0.216375
tRNA-Met-CAT-5-1|acceptor_stem_5p|part1	7	7	2.47	0.352857	0.352857
tRNA-Met-CAT-5-1|d_arm|part1	19	19	2.556	0.134526	0.134526
tRNA-Met-CAT-5-1|anticodon_arm|part1	17	17	6.766	0.398	0.398
tRNA-Met-CAT-5-1|anticodon|part1	3	3	0.683	0.227667	0.227667
tRNA-Met-CAT-5-1|variable_region|part1	5	5	1.622	0.3244	0.3244
tRNA-Met-CAT-5-1|t_arm|part1	17	17	1.712	0.100706	0.100706
tRNA-Met-CAT-5-1|acceptor_stem_3p|part1	8	8	3.215	0.401875	0.401875
tRNA-Ala-AGC-13-1|acceptor_stem_5p|part1	7	7	0.815	0.116429	0.116429
tRNA-Ala-AGC-13-1|d_arm|part1	19	19	4.03	0.212105	0.212105
tRNA-Ala-AGC-13-1|anticodon_arm|part1	17	17	6.068	0.356941	0.356941
tRNA-Ala-AGC-13-1|anticodon|part1	3	3	1.077	0.359	0.359
tRNA-Ala-AGC-13-1|variable_region|part1	5	5	1.864	0.3728	0.3728
tRNA-Ala-AGC-13-1|t_arm|part1	17	17	6.099	0.358765	0.358765
tRNA-Ala-AGC-13-1|acceptor_stem_3p|part1	8	8	2.866	0.35825	0.35825
tRNA-Ile-AAT-7-1|acceptor_stem_3p|part1	8	8	-2.332	-0.2915	-0.2915
tRNA-Ile-AAT-7-1|t_arm|part1	17	17	3.442	0.202471	0.202471
tRNA-Ile-AAT-7-1|variable_region|part1	6	6	1.912	0.318667	0.318667
tRNA-Ile-AAT-7-1|anticodon_arm|part1	17	17	5.542	0.326	0.326
tRNA-Ile-AAT-7-1|anticodon|part1	3	3	1.018	0.339333	0.339333
tRNA-Ile-AAT-7-1|d_arm|part1	19	19	3.649	0.192053	0.192053
tRNA-Ile-AAT-7-1|acceptor_stem_5p|part1	7	7	1.266	0.180857	0.180857
tRNA-Ala-AGC-9-1|acceptor_stem_5p|part1	7	7	2.939	0.419857	0.419857
tRNA-Ala-AGC-9-1|d_arm|part1	19	19	6.192	0.325895	0.325895
tRNA-Ala-AGC-9-1|anticodon_arm|part1	17	17	2.928	0.172235	0.172235
tRNA-Ala-AGC-9-1|anticodon|part1	3	3	-0.161	-0.0536667	-0.0536667
tRNA-Ala-AGC-9-1|variable_region|part1	5	5	1.846	0.3692	0.3692
tRNA-Ala-AGC-9-1|t_arm|part1	17	17	1.323	0.0778235	0.0778235
tRNA-Ala-AGC-9-1|acceptor_stem_3p|part1	8	8	3.048	0.381	0.381
tRNA-Met-CAT-4-1|acceptor_stem_3p|part1	8	8	2.821	0.352625	0.352625
tRNA-Met-CAT-4-1|t_arm|part1	17	17	3.05	0.179412	0.179412
tRNA-Met-CAT-4-1|variable_region|part1	5	5	1.729	0.3458	0.3458
tRNA-Met-CAT-4-1|anticodon_arm|part1	17	17	5.695	0.335	0.335
tRNA-Met-CAT-4-1|anticodon|part1	3	3	0.702	0.234	0.234
tRNA-Met-CAT-4-1|d_arm|part1	19	19	5.44	0.286316	0.286316
tRNA-Met-CAT-4-1|acceptor_stem_5p|part1	7	7	-0.917	-0.131	-0.131
tRNA-Met-CAT-4-2|acceptor_stem_5p|part1	7	7	-2.658	-0.379714	-0.379714
tRNA-Met-CAT-4-2|d_arm|part1	19	19	3.644	0.191789	0.191789
tRNA-Met-CAT-4-2|anticodon_arm|part1	17	17	6.213	0.365471	0.365471
tRNA-Met-CAT-4-2|anticodon|part1	3	3	1.374	0.458	0.458
tRNA-Met-CAT-4-2|variable_region|part1	5	5	2.292	0.4584	0.4584
tRNA-Met-CAT-4-2|t_arm|part1	17	17	3.465	0.203824	0.203824
tRNA-Met-CAT-4-2|acceptor_stem_3p|part1	8	8	2.153	0.269125	0.269125
tRNA-Ile-AAT-6-1|acceptor_stem_5p|part1	7	7	1.212	0.173143	0.173143
tRNA-Ile-AAT-6-1|d_arm|part1	19	19	3.079	0.162053	0.162053
tRNA-Ile-AAT-6-1|anticodon_arm|part1	17	17	4.321	0.254176	0.254176
tRNA-Ile-AAT-6-1|anticodon|part1	3	3	1.003	0.334333	0.334333
tRNA-Ile-AAT-6-1|variable_region|part1	6	6	1.915	0.319167	0.319167
tRNA-Ile-AAT-6-1|t_arm|part1	17	17	3.178	0.186941	0.186941
tRNA-Ile-AAT-6-1|acceptor_stem_3p|part1	8	8	-1.954	-0.24425	-0.24425
tRNA-Met-CAT-4-3|acceptor_stem_5p|part1	7	7	0.4	0.0571429	0.0571429
tRNA-Met-CAT-4-3|d_arm|part1	19	19	4.013	0.211211	0.211211
tRNA-Met-CAT-4-3|anticodon_arm|part1	17	17	5.455	0.320882	0.320882
tRNA-Met-CAT-4-3|anticodon|part1	3	3	0.439	0.146333	0.146333
tRNA-Met-CAT-4-3|variable_region|part1	5	5	1.547	0.3094	0.3094
tRNA-Met-CAT-4-3|t_arm|part1	17	17	5.411	0.318294	0.318294
tRNA-Met-CAT-4-3|acceptor_stem_3p|part1	8	8	1.081	0.135125	0.135125
tRNA-Ala-AGC-9-2|acceptor_stem_3p|part1	8	8	3.054	0.38175	0.38175
tRNA-Ala-AGC-9-2|t_arm|part1	17	17	-3.778	-0.222235	-0.222235
tRNA-Ala-AGC-9-2|variable_region|part1	5	5	-0.212	-0.0424	-0.0424
tRNA-Ala-AGC-9-2|anticodon_arm|part1	17	17	4.577	0.269235	0.269235
tRNA-Ala-AGC-9-2|anticodon|part1	3	3	1.345	0.448333	0.448333
tRNA-Ala-AGC-9-2|d_arm|part1	19	19	6.322	0.332737	0.332737
tRNA-Ala-AGC-9-2|acceptor_stem_5p|part1	7	7	3.109	0.444143	0.444143
tRNA-Ile-AAT-7-2|acceptor_stem_5p|part1	7	7	1.611	0.230143	0.230143
tRNA-Ile-AAT-7-2|d_arm|part1	19	19	3.519	0.185211	0.185211
tRNA-Ile-AAT-7-2|anticodon_arm|part1	17	17	4.729	0.278176	0.278176
tRNA-Ile-AAT-7-2|anticodon|part1	3	3	-0.159	-0.053	-0.053
tRNA-Ile-AAT-7-2|variable_region|part1	6	6	2.139	0.3565	0.3565
tRNA-Ile-AAT-7-2|t_arm|part1	17	17	2.079	0.122294	0.122294
tRNA-Ile-AAT-7-2|acceptor_stem_3p|part1	8	8	-3.731	-0.466375	-0.466375
tRNA-Ala-AGC-13-3|acceptor_stem_3p|part1	8	8	3.359	0.419875	0.419875
tRNA-Ala-AGC-13-3|t_arm|part1	17	17	7.465	0.439118	0.439118
tRNA-Ala-AGC-13-3|variable_region|part1	5	5	0.116	0.0232	0.0232
tRNA-Ala-AGC-13-3|anticodon_arm|part1	17	17	5.843	0.343706	0.343706
tRNA-Ala-AGC-13-3|anticodon|part1	3	3	1.43	0.476667	0.476667
tRNA-Ala-AGC-13-3|d_arm|part1	19	19	6.693	0.352263	0.352263
tRNA-Ala-AGC-13-3|acceptor_stem_5p|part1	7	7	1.666	0.238	0.238
tRNA-Met-CAT-5-2|acceptor_stem_3p|part1	8	8	2.008	0.251	0.251
tRNA-Met-CAT-5-2|t_arm|part1	17	17	1.924	0.113176	0.113176
tRNA-Met-CAT-5-2|variable_region|part1	5	5	1.491	0.2982	0.2982
tRNA-Met-CAT-5-2|anticodon_arm|part1	17	17	3.556	0.209176	0.209176
tRNA-Met-CAT-5-2|anticodon|part1	3	3	-0.176	-0.0586667	-0.0586667
tRNA-Met-CAT-5-2|d_arm|part1	19	19	0.336	0.0176842	0.0176842
tRNA-Met-CAT-5-2|acceptor_stem_5p|part1	7	7	0.373	0.0532857	0.0532857
tRNA-Ala-AGC-10-2|acceptor_stem_3p|part1	8	8	2.997	0.374625	0.374625
tRNA-Ala-AGC-10-2|t_arm|part1	17	17	3.614	0.212588	0.212588
tRNA-Ala-AGC-10-2|variable_region|part1	5	5	2.241	0.4482	0.4482
tRNA-Ala-AGC-10-2|anticodon_arm|part1	17	17	3.535	0.207941	0.207941
tRNA-Ala-AGC-10-2|anticodon|part1	3	3	1.325	0.441667	0.441667
tRNA-Ala-AGC-10-2|d_arm|part1	19	19	5.056	0.266105	0.266105
tRNA-Ala-AGC-10-2|acceptor_stem_5p|part1	7	7	3.063	0.437571	0.437571
tRNA-Ala-AGC-12-2|acceptor_stem_3p|part1	8	8	2.178	0.27225	0.27225
tRNA-Ala-AGC-12-2|t_arm|part1	17	17	6.035	0.355	0.355
tRNA-Ala-AGC-12-2|variable_region|part1	5	5	2.242	0.4484	0.4484
tRNA-Ala-AGC-12-2|anticodon_arm|part1	17	17	6.235	0.366765	0.366765
tRNA-Ala-AGC-12-2|anticodon|part1	3	3	1.325	0.441667	0.441667
tRNA-Ala-AGC-12-2|d_arm|part1	19	19	6.089	0.320474	0.320474
tRNA-Ala-AGC-12-2|acceptor_stem_5p|part1	7	7	1.988	0.284	0.284
tRNA-Ala-AGC-14-2|acceptor_stem_3p|part1	8	8	3.821	0.477625	0.477625
tRNA-Ala-AGC-14-2|t_arm|part1	17	17	3.901	0.229471	0.229471
tRNA-Ala-AGC-14-2|variable_region|part1	5	5	2.27	0.454	0.454
tRNA-Ala-AGC-14-2|anticodon_arm|part1	17	17	7.169	0.421706	0.421706
tRNA-Ala-AGC-14-2|anticodon|part1	3	3	1.342	0.447333	0.447333
tRNA-Ala-AGC-14-2|d_arm|part1	19	19	7.861	0.413737	0.413737
tRNA-Ala-AGC-14-2|acceptor_stem_5p|part1	7	7	2.286	0.326571	0.326571
tRNA-Ile-TAT-2-2|acceptor_stem_5p|part1	7	7	4.544	0.649143	0.649143
tRNA-Ile-TAT-2-2|d_arm|part1	19	19	12.581	0.662158	0.662158
tRNA-Ile-TAT-2-2|anticodon_arm|part1	12	12	8.105	0.675417	0.675417
tRNA-Ile-TAT-2-2|anticodon|part1	3	3	2.073	0.691	0.691
tRNA-Ile-TAT-2-2|intron|part1	20	20	8.749	0.43745	0.43745
tRNA-Ile-TAT-2-2|anticodon_arm|part2	5	5	3.276	0.6552	0.6552
tRNA-Ile-TAT-2-2|variable_region|part1	6	6	4.089	0.6815	0.6815
tRNA-Ile-TAT-2-2|t_arm|part1	17	17	11.237	0.661	0.661
tRNA-Ile-TAT-2-2|acceptor_stem_3p|part1	8	8	5.371	0.671375	0.671375
tRNA-Pro-CGG-2-1|acceptor_stem_5p|part1	7	7	4.53	0.647143	0.647143
tRNA-Pro-CGG-2-1|d_arm|part1	19	19	12.776	0.672421	0.672421
tRNA-Pro-CGG-2-1|anticodon_arm|part1	17	17	10.463	0.615471	0.615471
tRNA-Pro-CGG-2-1|anticodon|part1	3	3	2.016	0.672	0.672
tRNA-Pro-CGG-2-1|variable_region|part1	4	4	2.601	0.65025	0.65025
tRNA-Pro-CGG-2-1|t_arm|part1	17	17	11.172	0.657176	0.657176
tRNA-Pro-CGG-2-1|acceptor_stem_3p|part1	8	8	4.448	0.556	0.556
tRNA-Ser-GCT-1-1|acceptor_stem_5p|part1	7	7	4.786	0.683714	0.683714
tRNA-Ser-GCT-1-1|d_arm|part1	19	19	10.361	0.545316	0.545316
tRNA-Ser-GCT-1-1|anticodon_arm|part1	17	17	8.238	0.484588	0.484588
tRNA-Ser-GCT-1-1|anticodon|part1	3	3	1.929	0.643	0.643
tRNA-Ser-GCT-1-1|variable_region|part1	14	14	6.857	0.489786	0.489786
tRNA-Ser-GCT-1-1|t_arm|part1	17	17	6.582	0.387176	0.387176
tRNA-Ser-GCT-1-1|acceptor_stem_3p|part1	8	8	-0.886	-0.11075	-0.11075
tRNA-His-GTG-1-5|acceptor_stem_5p|part1	7	7	1.648	0.235429	0.235429
tRNA-His-GTG-1-5|d_arm|part1	19	19	7.111	0.374263	0.374263
tRNA-His-GTG-1-5|anticodon_arm|part1	17	17	6.074	0.357294	0.357294
tRNA-His-GTG-1-5|anticodon|part1	3	3	1.069	0.356333	0.356333
tRNA-His-GTG-1-5|variable_region|part1	4	4	1.47	0.3675	0.3675
tRNA-His-GTG-1-5|t_arm|part1	17	17	4.355	0.256176	0.256176
tRNA-His-GTG-1-5|acceptor_stem_3p|part1	8	8	2.022	0.25275	0.25275
tRNA-Thr-AGT-6-1|acceptor_stem_5p|part1	7	7	3.718	0.531143	0.531143
tRNA-Thr-AGT-6-1|d_arm|part1	19	19	12.801	0.673737	0.673737
tRNA-Thr-AGT-6-1|anticodon_arm|part1	17	17	11.54	0.678824	0.678824
tRNA-Thr-AGT-6-1|anticodon|part1	3	3	2.097	0.699	0.699
tRNA-Thr-AGT-6-1|variable_region|part1	6	6	4.128	0.688	0.688
tRNA-Thr-AGT-6-1|t_arm|part1	17	17	11.303	0.664882	0.664882
tRNA-Thr-AGT-6-1|acceptor_stem_3p|part1	8	8	5.166	0.64575	0.64575
tRNA-Ile-AAT-5-2|acceptor_stem_3p|part1	8	8	3.816	0.477	0.477
tRNA-Ile-AAT-5-2|t_arm|part1	17	17	5.932	0.348941	0.348941
tRNA-Ile-AAT-5-2|variable_region|part1	6	6	2.928	0.488	0.488
tRNA-Ile-AAT-5-2|anticodon_arm|part1	17	17	6.504	0.382588	0.382588
tRNA-Ile-AAT-5-2|anticodon|part1	3	3	1.638	0.546	0.546
tRNA-Ile-AAT-5-2|d_arm|part1	19	19	8.576	0.451368	0.451368
tRNA-Ile-AAT-5-2|acceptor_stem_5p|part1	7	7	2.29	0.327143	0.327143
tRNA-Val-CAC-6-1|acceptor_stem_3p|part1	8	8	2	0.25	0.25
tRNA-Val-CAC-6-1|t_arm|part1	17	17	-1.325	-0.0779412	-0.0779412
tRNA-Val-CAC-6-1|variable_region|part1	5	5	-0.0210001	-0.00420002	-0.00420002
tRNA-Val-CAC-6-1|anticodon_arm|part1	17	17	3.76	0.221176	0.221176
tRNA-Val-CAC-6-1|anticodon|part1	3	3	1.758	0.586	0.586
tRNA-Val-CAC-6-1|d_arm|part1	19	19	6.619	0.348368	0.348368
tRNA-Val-CAC-6-1|acceptor_stem_5p|part1	7	7	1.913	0.273286	0.273286
tRNA-Ser-CGA-2-1|acceptor_stem_5p|part1	7	7	3.934	0.562	0.562
tRNA-Ser-CGA-2-1|d_arm|part1	19	19	10.484	0.551789	0.551789
tRNA-Ser-CGA-2-1|anticodon_arm|part1	17	17	3.157	0.185706	0.185706
tRNA-Ser-CGA-2-1|anticodon|part1	3	3	0.457	0.152333	0.152333
tRNA-Ser-CGA-2-1|variable_region|part1	14	14	0.0200001	0.00142858	0.00142858
tRNA-Ser-CGA-2-1|t_arm|part1	17	17	9.04	0.531765	0.531765
tRNA-Ser-CGA-2-1|acceptor_stem_3p|part1	8	8	3.262	0.40775	0.40775
tRNA-Arg-ACG-2-2|acceptor_stem_3p|part1	8	8	-0.875	-0.109375	-0.109375
tRNA-Arg-ACG-2-2|t_arm|part1	17	17	2.42	0.142353	0.142353
tRNA-Arg-ACG-2-2|variable_region|part1	5	5	-1.837	-0.3674	-0.3674
tRNA-Arg-ACG-2-2|anticodon_arm|part1	17	17	-0.275	-0.0161765	-0.0161765
tRNA-Arg-ACG-2-2|anticodon|part1	3	3	-1.723	-0.574333	-0.574333
tRNA-Arg-ACG-2-2|d_arm|part1	19	19	2.231	0.117421	0.117421
tRNA-Arg-ACG-2-2|acceptor_stem_5p|part1	7	7	-2.116	-0.302286	-0.302286
tRNA-Arg-ACG-2-3|acceptor_stem_5p|part1	7	7	1.156	0.165143	0.165143
tRNA-Arg-ACG-2-3|d_arm|part1	19	19	5.114	0.269158	0.269158
tRNA-Arg-ACG-2-3|anticodon_arm|part1	17	17	4.142	0.243647	0.243647
tRNA-Arg-ACG-2-3|anticodon|part1	3	3	0.798	0.266	0.266
tRNA-Arg-ACG-2-3|variable_region|part1	5	5	1.277	0.2554	0.2554
tRNA-Arg-ACG-2-3|t_arm|part1	17	17	5.625	0.330882	0.330882
tRNA-Arg-ACG-2-3|acceptor_stem_3p|part1	8	8	2.438	0.30475	0.30475
tRNA-Leu-TAA-4-1|acceptor_stem_3p|part1	8	8	2.359	0.294875	0.294875
tRNA-Leu-TAA-4-1|t_arm|part1	17	17	6.673	0.392529	0.392529
tRNA-Leu-TAA-4-1|variable_region|part1	15	15	-3.296	-0.219733	-0.219733
tRNA-Leu-TAA-4-1|anticodon_arm|part1	17	17	7.861	0.462412	0.462412
tRNA-Leu-TAA-4-1|anticodon|part1	3	3	1.068	0.356	0.356
tRNA-Leu-TAA-4-1|d_arm|part1	19	19	3.016	0.158737	0.158737
tRNA-Leu-TAA-4-1|acceptor_stem_5p|part1	7	7	1.509	0.215571	0.215571
tRNA-Val-AAC-5-1|acceptor_stem_5p|part1	7	7	2.58	0.368571	0.368571
tRNA-Val-AAC-5-1|d_arm|part1	19	19	2.774	0.146	0.146
tRNA-Val-AAC-5-1|anticodon_arm|part1	17	17	4.423	0.260176	0.260176
tRNA-Val-AAC-5-1|anticodon|part1	3	3	1.571	0.523667	0.523667
tRNA-Val-AAC-5-1|variable_region|part1	5	5	-1.56	-0.312	-0.312
tRNA-Val-AAC-5-1|t_arm|part1	17	17	2.763	0.162529	0.162529
tRNA-Val-AAC-5-1|acceptor_stem_3p|part1	8	8	1.722	0.21525	0.21525
tRNA-Ile-AAT-5-3|acceptor_stem_3p|part1	8	8	-1.531	-0.191375	-0.191375
tRNA-Ile-AAT-5-3|t_arm|part1	17	17	-0.96	-0.0564706	-0.0564706
tRNA-Ile-AAT-5-3|variable_region|part1	6	6	0.415	0.0691667	0.0691667
tRNA-Ile-AAT-5-3|anticodon_arm|part1	17	17	4.45	0.261765	0.261765
tRNA-Ile-AAT-5-3|anticodon|part1	3	3	1.839	0.613	0.613
tRNA-Ile-AAT-5-3|d_arm|part1	19	19	5.59	0.294211	0.294211
tRNA-Ile-AAT-5-3|acceptor_stem_5p|part1	7	7	-0.974	-0.139143	-0.139143
tRNA-Ile-AAT-9-1|acceptor_stem_5p|part1	7	7	-1.486	-0.212286	-0.212286
tRNA-Ile-AAT-9-1|d_arm|part1	19	19	0.894	0.0470526	0.0470526
tRNA-Ile-AAT-9-1|anticodon_arm|part1	17	17	-3.825	-0.225	-0.225
tRNA-Ile-AAT-9-1|anticodon|part1	3	3	-0.767	-0.255667	-0.255667
tRNA-Ile-AAT-9-1|variable_region|part1	6	6	-0.883	-0.147167	-0.147167
tRNA-Ile-AAT-9-1|t_arm|part1	17	17	-3.538	-0.208118	-0.208118
tRNA-Ile-AAT-9-1|acceptor_stem_3p|part1	8	8	-2.066	-0.25825	-0.25825
tRNA-Ile-AAT-3-1|acceptor_stem_3p|part1	8	8	0.922	0.11525	0.11525
tRNA-Ile-AAT-3-1|t_arm|part1	17	17	6.373	0.374882	0.374882
tRNA-Ile-AAT-3-1|variable_region|part1	6	6	2.822	0.470333	0.470333
tRNA-Ile-AAT-3-1|anticodon_arm|part1	17	17	7.946	0.467412	0.467412
tRNA-Ile-AAT-3-1|anticodon|part1	3	3	1.909	0.636333	0.636333
tRNA-Ile-AAT-3-1|d_arm|part1	19	19	7.69	0.404737	0.404737
tRNA-Ile-AAT-3-1|acceptor_stem_5p|part1	7	7	-0.369	-0.0527143	-0.0527143
tRNA-Val-CAC-2-1|acceptor_stem_3p|part1	8	8	-2.137	-0.267125	-0.267125
tRNA-Val-CAC-2-1|t_arm|part1	17	17	4.44	0.261176	0.261176
tRNA-Val-CAC-2-1|variable_region|part1	5	5	2.914	0.5828	0.5828
tRNA-Val-CAC-2-1|anticodon_arm|part1	17	17	-0.954	-0.0561177	-0.0561177
tRNA-Val-CAC-2-1|anticodon|part1	3	3	0.991	0.330333	0.330333
tRNA-Val-CAC-2-1|d_arm|part1	19	19	3.528	0.185684	0.185684
tRNA-Val-CAC-2-1|acceptor_stem_5p|part1	7	7	1.336	0.190857	0.190857
tRNA-Ile-AAT-10-1|acceptor_stem_5p|part1	7	7	-1.674	-0.239143	-0.239143
tRNA-Ile-AAT-10-1|d_arm|part1	19	19	0.686	0.0361053	0.0361053
tRNA-Ile-AAT-10-1|anticodon_arm|part1	17	17	-2.598	-0.152824	-0.152824
tRNA-Ile-AAT-10-1|anticodon|part1	3	3	0.818	0.272667	0.272667
tRNA-Ile-AAT-10-1|variable_region|part1	6	6	0.544	0.0906667	0.0906667
tRNA-Ile-AAT-10-1|t_arm|part1	17	17	-2.299	-0.135235	-0.135235
tRNA-Ile-AAT-10-1|acceptor_stem_3p|part1	8	8	-0.114	-0.01425	-0.01425
tRNA-Val-TAC-4-1|acceptor_stem_5p|part1	7	7	2.445	0.349286	0.349286
tRNA-Val-TAC-4-1|d_arm|part1	19	19	5.771	0.303737	0.303737
tRNA-Val-TAC-4-1|anticodon_arm|part1	17	17	2.64	0.155294	0.155294
tRNA-Val-TAC-4-1|anticodon|part1	3	3	0.966	0.322	0.322
tRNA-Val-TAC-4-1|variable_region|part1	5	5	-0.163	-0.0326	-0.0326
tRNA-Val-TAC-4-1|t_arm|part1	17	17	0.438	0.0257647	0.0257647
tRNA-Val-TAC-4-1|acceptor_stem_3p|part1	8	8	0.782	0.09775	0.09775
tRNA-Ser-ACT-1-1|acceptor_stem_5p|part1	7	7	1.72	0.245714	0.245714
tRNA-Ser-ACT-1-1|d_arm|part1	19	19	3.565	0.187632	0.187632
tRNA-Ser-ACT-1-1|anticodon_arm|part1	17	17	-0.743	-0.0437059	-0.0437059
tRNA-Ser-ACT-1-1|anticodon|part1	3	3	-0.31	-0.103333	-0.103333
tRNA-Ser-ACT-1-1|variable_region|part1	6	6	-0.334	-0.0556667	-0.0556667
tRNA-Ser-ACT-1-1|t_arm|part1	17	17	-2.565	-0.150882	-0.150882
tRNA-Ser-ACT-1-1|acceptor_stem_3p|part1	8	8	-2.535	-0.316875	-0.316875
tRNA-Gln-CTG-5-1|acceptor_stem_5p|part1	7	7	0.416	0.0594286	0.0594286
tRNA-Gln-CTG-5-1|d_arm|part1	19	19	6.266	0.329789	0.329789
tRNA-Gln-CTG-5-1|anticodon_arm|part1	17	17	7.098	0.417529	0.417529
tRNA-Gln-CTG-5-1|anticodon|part1	3	3	0.104	0.0346667	0.0346667
tRNA-Gln-CTG-5-1|variable_region|part1	4	4	0.18	0.045	0.045
tRNA-Gln-CTG-5-1|t_arm|part1	17	17	2.43	0.142941	0.142941
tRNA-Gln-CTG-5-1|acceptor_stem_3p|part1	8	8	1.62	0.2025	0.2025
tRNA-Ser-GCT-2-1|acceptor_stem_5p|part1	7	7	4.403	0.629	0.629
tRNA-Ser-GCT-2-1|d_arm|part1	19	19	10.126	0.532947	0.532947
tRNA-Ser-GCT-2-1|anticodon_arm|part1	17	17	9.737	0.572765	0.572765
tRNA-Ser-GCT-2-1|anticodon|part1	3	3	1.776	0.592	0.592
tRNA-Ser-GCT-2-1|variable_region|part1	14	14	5.977	0.426929	0.426929
tRNA-Ser-GCT-2-1|t_arm|part1	17	17	9.553	0.561941	0.561941
tRNA-Ser-GCT-2-1|acceptor_stem_3p|part1	8	8	3.752	0.469	0.469
tRNA-iMet-CAT-1-5|acceptor_stem_3p|part1	8	8	5.05	0.63125	0.63125
tRNA-iMet-CAT-1-5|t_arm|part1	17	17	10.324	0.607294	0.607294
tRNA-iMet-CAT-1-5|variable_region|part1	4	4	1.608	0.402	0.402
tRNA-iMet-CAT-1-5|anticodon_arm|part1	17	17	7.15	0.420588	0.420588
tRNA-iMet-CAT-1-5|anticodon|part1	3	3	1.124	0.374667	0.374667
tRNA-iMet-CAT-1-5|d_arm|part1	19	19	10.366	0.545579	0.545579
tRNA-iMet-CAT-1-5|acceptor_stem_5p|part1	7	7	3.281	0.468714	0.468714
tRNA-Lys-TTT-6-1|acceptor_stem_3p|part1	8	8	2.15	0.26875	0.26875
tRNA-Lys-TTT-6-1|t_arm|part1	17	17	2.779	0.163471	0.163471
tRNA-Lys-TTT-6-1|variable_region|part1	5	5	0.215	0.043	0.043
tRNA-Lys-TTT-6-1|anticodon_arm|part1	17	17	6.526	0.383882	0.383882
tRNA-Lys-TTT-6-1|anticodon|part1	3	3	1.816	0.605333	0.605333
tRNA-Lys-TTT-6-1|d_arm|part1	19	19	4.583	0.241211	0.241211
tRNA-Lys-TTT-6-1|acceptor_stem_5p|part1	7	7	2.246	0.320857	0.320857
tRNA-Ser-AGA-2-2|acceptor_stem_5p|part1	7	7	4.713	0.673286	0.673286
tRNA-Ser-AGA-2-2|d_arm|part1	19	19	12.809	0.674158	0.674158
tRNA-Ser-AGA-2-2|anticodon_arm|part1	17	17	11.777	0.692765	0.692765
tRNA-Ser-AGA-2-2|anticodon|part1	3	3	2.188	0.729333	0.729333
tRNA-Ser-AGA-2-2|variable_region|part1	14	14	6.597	0.471214	0.471214
tRNA-Ser-AGA-2-2|t_arm|part1	17	17	11.303	0.664882	0.664882
tRNA-Ser-AGA-2-2|acceptor_stem_3p|part1	8	8	5.319	0.664875	0.664875
tRNA-Asp-GTC-2-6|acceptor_stem_5p|part1	7	7	4.468	0.638286	0.638286
tRNA-Asp-GTC-2-6|d_arm|part1	19	19	13.09	0.688947	0.688947
tRNA-Asp-GTC-2-6|anticodon_arm|part1	17	17	10.934	0.643176	0.643176
tRNA-Asp-GTC-2-6|anticodon|part1	3	3	1.94	0.646667	0.646667
tRNA-Asp-GTC-2-6|variable_region|part1	4	4	2.787	0.69675	0.69675
tRNA-Asp-GTC-2-6|t_arm|part1	17	17	10.27	0.604118	0.604118
tRNA-Asp-GTC-2-6|acceptor_stem_3p|part1	8	8	5.491	0.686375	0.686375
tRNA-Ser-AGA-2-3|acceptor_stem_5p|part1	7	7	4.713	0.673286	0.673286
tRNA-Ser-AGA-2-3|d_arm|part1	19	19	11.216	0.590316	0.590316
tRNA-Ser-AGA-2-3|anticodon_arm|part1	17	17	11.777	0.692765	0.692765
tRNA-Ser-AGA-2-3|anticodon|part1	3	3	2.188	0.729333	0.729333
tRNA-Ser-AGA-2-3|variable_region|part1	14	14	8.189	0.584929	0.584929
tRNA-Ser-AGA-2-3|t_arm|part1	17	17	10.529	0.619353	0.619353
tRNA-Ser-AGA-2-3|acceptor_stem_3p|part1	8	8	3.754	0.46925	0.46925
tRNA-Ser-AGA-2-4|acceptor_stem_5p|part1	7	7	0.63	0.09	0.09
tRNA-Ser-AGA-2-4|d_arm|part1	19	19	2.519	0.132579	0.132579
tRNA-Ser-AGA-2-4|anticodon_arm|part1	17	17	4.126	0.242706	0.242706
tRNA-Ser-AGA-2-4|anticodon|part1	3	3	2.188	0.729333	0.729333
tRNA-Ser-AGA-2-4|variable_region|part1	14	14	0.064	0.00457143	0.00457143
tRNA-Ser-AGA-2-4|t_arm|part1	17	17	5.135	0.302059	0.302059
tRNA-Ser-AGA-2-4|acceptor_stem_3p|part1	8	8	0.0359999	0.00449999	0.00449999
tRNA-Asp-GTC-2-7|acceptor_stem_5p|part1	7	7	-2.248	-0.321143	-0.321143
tRNA-Asp-GTC-2-7|d_arm|part1	19	19	1.982	0.104316	0.104316
tRNA-Asp-GTC-2-7|anticodon_arm|part1	17	17	-0.672	-0.0395294	-0.0395294
tRNA-Asp-GTC-2-7|anticodon|part1	3	3	0.932	0.310667	0.310667
tRNA-Asp-GTC-2-7|variable_region|part1	4	4	-3.015	-0.75375	-0.75375
tRNA-Asp-GTC-2-7|t_arm|part1	17	17	1.714	0.100824	0.100824
tRNA-Asp-GTC-2-7|acceptor_stem_3p|part1	8	8	-3.313	-0.414125	-0.414125
tRNA-Ser-TGA-4-1|acceptor_stem_3p|part1	8	8	0.497	0.062125	0.062125
tRNA-Ser-TGA-4-1|t_arm|part1	17	17	4.714	0.277294	0.277294
tRNA-Ser-TGA-4-1|variable_region|part1	14	14	1.194	0.0852857	0.0852857
tRNA-Ser-TGA-4-1|anticodon_arm|part1	17	17	6.28	0.369412	0.369412
tRNA-Ser-TGA-4-1|anticodon|part1	3	3	1.156	0.385333	0.385333
tRNA-Ser-TGA-4-1|d_arm|part1	19	19	4.963	0.261211	0.261211
tRNA-Ser-TGA-4-1|acceptor_stem_5p|part1	7	7	2.306	0.329429	0.329429
tRNA-Gln-CTG-1-2|acceptor_stem_5p|part1	7	7	4.609	0.658429	0.658429
tRNA-Gln-CTG-1-2|d_arm|part1	19	19	12.855	0.676579	0.676579
tRNA-Gln-CTG-1-2|anticodon_arm|part1	17	17	11.316	0.665647	0.665647
tRNA-Gln-CTG-1-2|anticodon|part1	3	3	1.929	0.643	0.643
tRNA-Gln-CTG-1-2|variable_region|part1	4	4	2.68	0.67	0.67
tRNA-Gln-CTG-1-2|t_arm|part1	17	17	11.316	0.665647	0.665647
tRNA-Gln-CTG-1-2|acceptor_stem_3p|part1	8	8	5.36	0.67	0.67
tRNA-Ser-AGA-3-1|acceptor_stem_5p|part1	7	7	4.312	0.616	0.616
tRNA-Ser-AGA-3-1|d_arm|part1	19	19	10.079	0.530474	0.530474
tRNA-Ser-AGA-3-1|anticodon_arm|part1	17	17	10.774	0.633765	0.633765
tRNA-Ser-AGA-3-1|anticodon|part1	3	3	2	0.666667	0.666667
tRNA-Ser-AGA-3-1|variable_region|part1	14	14	5.282	0.377286	0.377286
tRNA-Ser-AGA-3-1|t_arm|part1	17	17	8.734	0.513765	0.513765
tRNA-Ser-AGA-3-1|acceptor_stem_3p|part1	8	8	4.095	0.511875	0.511875
tRNA-Ser-AGA-1-1|acceptor_stem_3p|part1	8	8	3.857	0.482125	0.482125
tRNA-Ser-AGA-1-1|t_arm|part1	17	17	5.458	0.321059	0.321059
tRNA-Ser-AGA-1-1|variable_region|part1	14	14	7.425	0.530357	0.530357
tRNA-Ser-AGA-1-1|anticodon_arm|part1	17	17	8.468	0.498118	0.498118
tRNA-Ser-AGA-1-1|anticodon|part1	3	3	1.69	0.563333	0.563333
tRNA-Ser-AGA-1-1|d_arm|part1	19	19	10.979	0.577842	0.577842
tRNA-Ser-AGA-1-1|acceptor_stem_5p|part1	7	7	4.103	0.586143	0.586143
tRNA-Ser-TGA-2-1|acceptor_stem_5p|part1	7	7	4.157	0.593857	0.593857
tRNA-Ser-TGA-2-1|d_arm|part1	19	19	11.297	0.594579	0.594579
tRNA-Ser-TGA-2-1|anticodon_arm|part1	17	17	10.242	0.602471	0.602471
tRNA-Ser-TGA-2-1|anticodon|part1	3	3	1.834	0.611333	0.611333
tRNA-Ser-TGA-2-1|variable_region|part1	14	14	4.869	0.347786	0.347786
tRNA-Ser-TGA-2-1|t_arm|part1	17	17	8.334	0.490235	0.490235
tRNA-Ser-TGA-2-1|acceptor_stem_3p|part1	8	8	3.859	0.482375	0.482375
tRNA-Gln-CTG-2-1|acceptor_stem_3p|part1	8	8	3.806	0.47575	0.47575
tRNA-Gln-CTG-2-1|t_arm|part1	17	17	8.164	0.480235	0.480235
tRNA-Gln-CTG-2-1|variable_region|part1	4	4	1.913	0.47825	0.47825
tRNA-Gln-CTG-2-1|anticodon_arm|part1	17	17	10.591	0.623	0.623
tRNA-Gln-CTG-2-1|anticodon|part1	3	3	2.019	0.673	0.673
tRNA-Gln-CTG-2-1|d_arm|part1	19	19	11.22	0.590526	0.590526
tRNA-Gln-CTG-2-1|acceptor_stem_5p|part1	7	7	3.925	0.560714	0.560714
tRNA-Ser-AGA-4-1|acceptor_stem_3p|part1	8	8	3.759	0.469875	0.469875
tRNA-Ser-AGA-4-1|t_arm|part1	17	17	9.779	0.575235	0.575235
tRNA-Ser-AGA-4-1|variable_region|part1	14	14	6.102	0.435857	0.435857
tRNA-Ser-AGA-4-1|anticodon_arm|part1	17	17	9.935	0.584412	0.584412
tRNA-Ser-AGA-4-1|anticodon|part1	3	3	1.929	0.643	0.643
tRNA-Ser-AGA-4-1|d_arm|part1	19	19	10.323	0.543316	0.543316
tRNA-Ser-AGA-4-1|acceptor_stem_5p|part1	7	7	0.599	0.0855714	0.0855714
tRNA-Arg-TCT-5-1|acceptor_stem_5p|part1	7	7	2.506	0.358	0.358
tRNA-Arg-TCT-5-1|d_arm|part1	19	19	4.45	0.234211	0.234211
tRNA-Arg-TCT-5-1|anticodon_arm|part1	11	11	5.201	0.472818	0.472818
tRNA-Arg-TCT-5-1|anticodon|part1	3	3	1.767	0.589	0.589
tRNA-Arg-TCT-5-1|intron|part1	14	14	-2.15	-0.153571	-0.153571
tRNA-Arg-TCT-5-1|anticodon_arm|part2	6	6	3.027	0.5045	0.5045
tRNA-Arg-TCT-5-1|variable_region|part1	5	5	3.145	0.629	0.629
tRNA-Arg-TCT-5-1|t_arm|part1	17	17	6.307	0.371	0.371
tRNA-Arg-TCT-5-1|acceptor_stem_3p|part1	8	8	1.633	0.204125	0.204125
tRNA-Asp-GTC-3-1|acceptor_stem_3p|part1	8	8	1.793	0.224125	0.224125
tRNA-Asp-GTC-3-1|t_arm|part1	17	17	6.141	0.361235	0.361235
tRNA-Asp-GTC-3-1|variable_region|part1	4	4	1.69	0.4225	0.4225
tRNA-Asp-GTC-3-1|anticodon_arm|part1	17	17	2.095	0.123235	0.123235
tRNA-Asp-GTC-3-1|anticodon|part1	3	3	0.371	0.123667	0.123667
tRNA-Asp-GTC-3-1|d_arm|part1	19	19	9.303	0.489632	0.489632
tRNA-Asp-GTC-3-1|acceptor_stem_5p|part1	7	7	1.654	0.236286	0.236286
tRNA-Lys-TTT-4-1|acceptor_stem_3p|part1	8	8	3.254	0.40675	0.40675
tRNA-Lys-TTT-4-1|t_arm|part1	17	17	9.507	0.559235	0.559235
tRNA-Lys-TTT-4-1|variable_region|part1	5	5	2.935	0.587	0.587
tRNA-Lys-TTT-4-1|anticodon_arm|part1	17	17	7.52	0.442353	0.442353
tRNA-Lys-TTT-4-1|anticodon|part1	3	3	1.18	0.393333	0.393333
tRNA-Lys-TTT-4-1|d_arm|part1	19	19	9.875	0.519737	0.519737
tRNA-Lys-TTT-4-1|acceptor_stem_5p|part1	7	7	3.373	0.481857	0.481857
tRNA-iMet-CAT-1-6|acceptor_stem_3p|part1	8	8	5.56	0.695	0.695
tRNA-iMet-CAT-1-6|t_arm|part1	17	17	11.358	0.668118	0.668118
tRNA-iMet-CAT-1-6|variable_region|part1	4	4	2.63	0.6575	0.6575
tRNA-iMet-CAT-1-6|anticodon_arm|part1	17	17	11.289	0.664059	0.664059
tRNA-iMet-CAT-1-6|anticodon|part1	3	3	2.086	0.695333	0.695333
tRNA-iMet-CAT-1-6|d_arm|part1	19	19	12.278	0.646211	0.646211
tRNA-iMet-CAT-1-6|acceptor_stem_5p|part1	7	7	3.618	0.516857	0.516857
tRNA-Leu-CAA-3-1|acceptor_stem_3p|part1	8	8	3.007	0.375875	0.375875
tRNA-Leu-CAA-3-1|t_arm|part1	17	17	6.191	0.364176	0.364176
tRNA-Leu-CAA-3-1|variable_region|part1	16	16	2.979	0.186188	0.186188
tRNA-Leu-CAA-3-1|anticodon_arm|part2	5	5	1.917	0.3834	0.3834
tRNA-Leu-CAA-3-1|intron|part1	23	23	-5.004	-0.217565	-0.217565
tRNA-Leu-CAA-3-1|anticodon_arm|part1	12	12	4.307	0.358917	0.358917
tRNA-Leu-CAA-3-1|anticodon|part1	3	3	1.136	0.378667	0.378667
tRNA-Leu-CAA-3-1|d_arm|part1	19	19	6.807	0.358263	0.358263
tRNA-Leu-CAA-3-1|acceptor_stem_5p|part1	7	7	2.481	0.354429	0.354429
tRNA-Leu-CAA-2-1|acceptor_stem_3p|part1	8	8	0.778	0.09725	0.09725
tRNA-Leu-CAA-2-1|t_arm|part1	17	17	5.557	0.326882	0.326882
tRNA-Leu-CAA-2-1|variable_region|part1	16	16	1.622	0.101375	0.101375
tRNA-Leu-CAA-2-1|anticodon_arm|part2	5	5	3.404	0.6808	0.6808
tRNA-Leu-CAA-2-1|intron|part1	24	24	-9.523	-0.396792	-0.396792
tRNA-Leu-CAA-2-1|anticodon_arm|part1	12	12	3.872	0.322667	0.322667
tRNA-Leu-CAA-2-1|anticodon|part1	3	3	2.015	0.671667	0.671667
tRNA-Leu-CAA-2-1|d_arm|part1	19	19	7.417	0.390368	0.390368
tRNA-Leu-CAA-2-1|acceptor_stem_5p|part1	7	7	3.603	0.514714	0.514714
tRNA-Thr-CGT-5-1|acceptor_stem_5p|part1	7	7	2.448	0.349714	0.349714
tRNA-Thr-CGT-5-1|d_arm|part1	19	19	0.297	0.0156316	0.0156316
tRNA-Thr-CGT-5-1|anticodon_arm|part1	17	17	-8.27	-0.486471	-0.486471
tRNA-Thr-CGT-5-1|anticodon|part1	3	3	-6.704	-2.23467	-2.23467
tRNA-Thr-CGT-5-1|variable_region|part1	6	6	-2.003	-0.333833	-0.333833
tRNA-Thr-CGT-5-1|t_arm|part1	17	17	-4.191	-0.246529	-0.246529
tRNA-Thr-CGT-5-1|acceptor_stem_3p|part1	8	8	-1.492	-0.1865	-0.1865
tRNA-Ile-TAT-2-3|acceptor_stem_5p|part1	7	7	3.8	0.542857	0.542857
tRNA-Ile-TAT-2-3|d_arm|part1	19	19	12.655	0.666053	0.666053
tRNA-Ile-TAT-2-3|anticodon_arm|part1	12	12	8.154	0.6795	0.6795
tRNA-Ile-TAT-2-3|anticodon|part1	3	3	2.086	0.695333	0.695333
tRNA-Ile-TAT-2-3|intron|part1	20	20	10.949	0.54745	0.54745
tRNA-Ile-TAT-2-3|anticodon_arm|part2	5	5	3.295	0.659	0.659
tRNA-Ile-TAT-2-3|variable_region|part1	6	6	4.114	0.685667	0.685667
tRNA-Ile-TAT-2-3|t_arm|part1	17	17	11.303	0.664882	0.664882
tRNA-Ile-TAT-2-3|acceptor_stem_3p|part1	8	8	5.403	0.675375	0.675375
tRNA-Val-AAC-3-1|acceptor_stem_3p|part1	8	8	4.26	0.5325	0.5325
tRNA-Val-AAC-3-1|t_arm|part1	17	17	7.697	0.452765	0.452765
tRNA-Val-AAC-3-1|variable_region|part1	5	5	2.277	0.4554	0.4554
tRNA-Val-AAC-3-1|anticodon_arm|part1	17	17	6.951	0.408882	0.408882
tRNA-Val-AAC-3-1|anticodon|part1	3	3	1.634	0.544667	0.544667
tRNA-Val-AAC-3-1|d_arm|part1	19	19	8.71	0.458421	0.458421
tRNA-Val-AAC-3-1|acceptor_stem_5p|part1	7	7	3.105	0.443571	0.443571
tRNA-Phe-GAA-7-1|acceptor_stem_5p|part1	7	7	1.58	0.225714	0.225714
tRNA-Phe-GAA-7-1|d_arm|part1	19	19	6.177	0.325105	0.325105
tRNA-Phe-GAA-7-1|anticodon_arm|part1	11	11	4.089	0.371727	0.371727
tRNA-Phe-GAA-7-1|anticodon|part1	3	3	0.437	0.145667	0.145667
tRNA-Phe-GAA-7-1|intron|part1	3	3	0.058	0.0193333	0.0193333
tRNA-Phe-GAA-7-1|anticodon_arm|part2	6	6	1.007	0.167833	0.167833
tRNA-Phe-GAA-7-1|variable_region|part1	5	5	0.284	0.0568	0.0568
tRNA-Phe-GAA-7-1|t_arm|part1	17	17	3.345	0.196765	0.196765
tRNA-Phe-GAA-7-1|acceptor_stem_3p|part1	8	8	0.437	0.054625	0.054625
tRNA-Ile-AAT-8-1|acceptor_stem_5p|part1	7	7	1.671	0.238714	0.238714
tRNA-Ile-AAT-8-1|d_arm|part1	19	19	6.714	0.353368	0.353368
tRNA-Ile-AAT-8-1|anticodon_arm|part1	17	17	8.483	0.499	0.499
tRNA-Ile-AAT-8-1|anticodon|part1	3	3	1.917	0.639	0.639
tRNA-Ile-AAT-8-1|variable_region|part1	6	6	2.822	0.470333	0.470333
tRNA-Ile-AAT-8-1|t_arm|part1	17	17	4.317	0.253941	0.253941
tRNA-Ile-AAT-8-1|acceptor_stem_3p|part1	8	8	3.913	0.489125	0.489125
tRNA-Arg-ACG-2-4|acceptor_stem_3p|part1	8	8	5.337	0.667125	0.667125
tRNA-Arg-ACG-2-4|t_arm|part1	17	17	11.485	0.675588	0.675588
tRNA-Arg-ACG-2-4|variable_region|part1	5	5	3.441	0.6882	0.6882
tRNA-Arg-ACG-2-4|anticodon_arm|part1	17	17	11.449	0.673471	0.673471
tRNA-Arg-ACG-2-4|anticodon|part1	3	3	1.94	0.646667	0.646667
tRNA-Arg-ACG-2-4|d_arm|part1	19	19	12.49	0.657368	0.657368
tRNA-Arg-ACG-2-4|acceptor_stem_5p|part1	7	7	4.413	0.630429	0.630429
tRNA-Ser-CGA-3-1|acceptor_stem_3p|part1	8	8	0.00899994	0.00112499	0.00112499
tRNA-Ser-CGA-3-1|t_arm|part1	17	17	3.092	0.181882	0.181882
tRNA-Ser-CGA-3-1|variable_region|part1	14	14	-7.376	-0.526857	-0.526857
tRNA-Ser-CGA-3-1|anticodon_arm|part1	17	17	-1.563	-0.0919412	-0.0919412
tRNA-Ser-CGA-3-1|anticodon|part1	3	3	-0.832	-0.277333	-0.277333
tRNA-Ser-CGA-3-1|d_arm|part1	19	19	5.379	0.283105	0.283105
tRNA-Ser-CGA-3-1|acceptor_stem_5p|part1	7	7	0.431	0.0615714	0.0615714
tRNA-Val-AAC-4-1|acceptor_stem_3p|part1	8	8	0.134	0.01675	0.01675
tRNA-Val-AAC-4-1|t_arm|part1	17	17	0.448	0.0263529	0.0263529
tRNA-Val-AAC-4-1|variable_region|part1	5	5	0.494	0.0988	0.0988
tRNA-Val-AAC-4-1|anticodon_arm|part1	17	17	4.991	0.293588	0.293588
tRNA-Val-AAC-4-1|anticodon|part1	3	3	1.836	0.612	0.612
tRNA-Val-AAC-4-1|d_arm|part1	19	19	7.847	0.413	0.413
tRNA-Val-AAC-4-1|acceptor_stem_5p|part1	7	7	3.624	0.517714	0.517714
tRNA-Thr-AGT-2-2|acceptor_stem_3p|part1	8	8	2.009	0.251125	0.251125
tRNA-Thr-AGT-2-2|t_arm|part1	17	17	6.039	0.355235	0.355235
tRNA-Thr-AGT-2-2|variable_region|part1	6	6	2.762	0.460333	0.460333
tRNA-Thr-AGT-2-2|anticodon_arm|part1	17	17	8.687	0.511	0.511
tRNA-Thr-AGT-2-2|anticodon|part1	3	3	1.819	0.606333	0.606333
tRNA-Thr-AGT-2-2|d_arm|part1	19	19	11.54	0.607368	0.607368
tRNA-Thr-AGT-2-2|acceptor_stem_5p|part1	7	7	2.458	0.351143	0.351143
tRNA-Ile-AAT-2-1|acceptor_stem_5p|part1	7	7	0.975	0.139286	0.139286
tRNA-Ile-AAT-2-1|d_arm|part1	19	19	10.181	0.535842	0.535842
tRNA-Ile-AAT-2-1|anticodon_arm|part1	17	17	1.05	0.0617647	0.0617647
tRNA-Ile-AAT-2-1|anticodon|part1	3	3	0.376	0.125333	0.125333
tRNA-Ile-AAT-2-1|variable_region|part1	6	6	-0.0590001	-0.00983334	-0.00983334
tRNA-Ile-AAT-2-1|t_arm|part1	17	17	3.025	0.177941	0.177941
tRNA-Ile-AAT-2-1|acceptor_stem_3p|part1	8	8	0.672	0.084	0.084
tRNA-Leu-TAA-2-1|acceptor_stem_3p|part1	8	8	5.483	0.685375	0.685375
tRNA-Leu-TAA-2-1|t_arm|part1	17	17	10.543	0.620176	0.620176
tRNA-Leu-TAA-2-1|variable_region|part1	15	15	6.994	0.466267	0.466267
tRNA-Leu-TAA-2-1|anticodon_arm|part1	17	17	11.595	0.682059	0.682059
tRNA-Leu-TAA-2-1|anticodon|part1	3	3	2.086	0.695333	0.695333
tRNA-Leu-TAA-2-1|d_arm|part1	19	19	12.438	0.654632	0.654632
tRNA-Leu-TAA-2-1|acceptor_stem_5p|part1	7	7	3.038	0.434	0.434
tRNA-Thr-AGT-4-1|acceptor_stem_5p|part1	7	7	2.966	0.423714	0.423714
tRNA-Thr-AGT-4-1|d_arm|part1	19	19	7.603	0.400158	0.400158
tRNA-Thr-AGT-4-1|anticodon_arm|part1	17	17	9.81	0.577059	0.577059
tRNA-Thr-AGT-4-1|anticodon|part1	3	3	2.084	0.694667	0.694667
tRNA-Thr-AGT-4-1|variable_region|part1	6	6	-1.545	-0.2575	-0.2575
tRNA-Thr-AGT-4-1|t_arm|part1	17	17	7.374	0.433765	0.433765
tRNA-Thr-AGT-4-1|acceptor_stem_3p|part1	8	8	2.679	0.334875	0.334875
tRNA-Val-AAC-1-5|acceptor_stem_3p|part1	8	8	3.21	0.40125	0.40125
tRNA-Val-AAC-1-5|t_arm|part1	17	17	4.018	0.236353	0.236353
tRNA-Val-AAC-1-5|variable_region|part1	5	5	1.444	0.2888	0.2888
tRNA-Val-AAC-1-5|anticodon_arm|part1	17	17	7.331	0.431235	0.431235
tRNA-Val-AAC-1-5|anticodon|part1	3	3	1.836	0.612	0.612
tRNA-Val-AAC-1-5|d_arm|part1	19	19	9.459	0.497842	0.497842
tRNA-Val-AAC-1-5|acceptor_stem_5p|part1	7	7	3.622	0.517429	0.517429
tRNA-iMet-CAT-2-1|acceptor_stem_5p|part1	7	7	4.868	0.695429	0.695429
tRNA-iMet-CAT-2-1|d_arm|part1	19	19	11.832	0.622737	0.622737
tRNA-iMet-CAT-2-1|anticodon_arm|part1	17	17	8.195	0.482059	0.482059
tRNA-iMet-CAT-2-1|anticodon|part1	3	3	1.369	0.456333	0.456333
tRNA-iMet-CAT-2-1|variable_region|part1	4	4	0.266	0.0665	0.0665
tRNA-iMet-CAT-2-1|t_arm|part1	17	17	9.218	0.542235	0.542235
tRNA-iMet-CAT-2-1|acceptor_stem_3p|part1	8	8	5.195	0.649375	0.649375
tRNA-Gln-CTG-6-1|acceptor_stem_3p|part1	8	8	1.005	0.125625	0.125625
tRNA-Gln-CTG-6-1|t_arm|part1	17	17	2.167	0.127471	0.127471
tRNA-Gln-CTG-6-1|variable_region|part1	4	4	-0.025	-0.00624999	-0.00624999
tRNA-Gln-CTG-6-1|anticodon_arm|part1	17	17	3.383	0.199	0.199
tRNA-Gln-CTG-6-1|anticodon|part1	3	3	-0.462	-0.154	-0.154
tRNA-Gln-CTG-6-1|d_arm|part1	19	19	3.347	0.176158	0.176158
tRNA-Gln-CTG-6-1|acceptor_stem_5p|part1	7	7	-0.817	-0.116714	-0.116714
tRNA-Gln-TTG-3-3|acceptor_stem_3p|part1	8	8	5.295	0.661875	0.661875
tRNA-Gln-TTG-3-3|t_arm|part1	17	17	10.619	0.624647	0.624647
tRNA-Gln-TTG-3-3|variable_region|part1	4	4	2.68	0.67	0.67
tRNA-Gln-TTG-3-3|anticodon_arm|part1	17	17	11.529	0.678176	0.678176
tRNA-Gln-TTG-3-3|anticodon|part1	3	3	2.111	0.703667	0.703667
tRNA-Gln-TTG-3-3|d_arm|part1	19	19	12.101	0.636895	0.636895
tRNA-Gln-TTG-3-3|acceptor_stem_5p|part1	7	7	4.567	0.652429	0.652429
tRNA-iMet-CAT-1-7|acceptor_stem_3p|part1	8	8	4.778	0.59725	0.59725
tRNA-iMet-CAT-1-7|t_arm|part1	17	17	6.199	0.364647	0.364647
tRNA-iMet-CAT-1-7|variable_region|part1	4	4	1.054	0.2635	0.2635
tRNA-iMet-CAT-1-7|anticodon_arm|part1	17	17	6.404	0.376706	0.376706
tRNA-iMet-CAT-1-7|anticodon|part1	3	3	-0.335	-0.111667	-0.111667
tRNA-iMet-CAT-1-7|d_arm|part1	19	19	9.874	0.519684	0.519684
tRNA-iMet-CAT-1-7|acceptor_stem_5p|part1	7	7	2.09	0.298571	0.298571
tRNA-Gly-GCC-2-3|acceptor_stem_3p|part1	8	8	4.753	0.594125	0.594125
tRNA-Gly-GCC-2-3|t_arm|part1	17	17	10.024	0.589647	0.589647
tRNA-Gly-GCC-2-3|variable_region|part1	3	3	1.659	0.553	0.553
tRNA-Gly-GCC-2-3|anticodon_arm|part1	17	17	9.875	0.580882	0.580882
tRNA-Gly-GCC-2-3|anticodon|part1	3	3	1.782	0.594	0.594
tRNA-Gly-GCC-2-3|d_arm|part1	19	19	11.401	0.600053	0.600053
tRNA-Gly-GCC-2-3|acceptor_stem_5p|part1	7	7	4.112	0.587429	0.587429
tRNA-Ser-GCT-5-1|acceptor_stem_5p|part1	7	7	4.815	0.687857	0.687857
tRNA-Ser-GCT-5-1|d_arm|part1	19	19	12.023	0.632789	0.632789
tRNA-Ser-GCT-5-1|anticodon_arm|part1	17	17	9.443	0.555471	0.555471
tRNA-Ser-GCT-5-1|anticodon|part1	3	3	1.94	0.646667	0.646667
tRNA-Ser-GCT-5-1|variable_region|part1	14	14	7.529	0.537786	0.537786
tRNA-Ser-GCT-5-1|t_arm|part1	17	17	8.551	0.503	0.503
tRNA-Ser-GCT-5-1|acceptor_stem_3p|part1	8	8	4.308	0.5385	0.5385
tRNA-Thr-TGT-1-1|acceptor_stem_3p|part1	8	8	-0.826	-0.10325	-0.10325
tRNA-Thr-TGT-1-1|t_arm|part1	17	17	7.67	0.451176	0.451176
tRNA-Thr-TGT-1-1|variable_region|part1	6	6	2.697	0.4495	0.4495
tRNA-Thr-TGT-1-1|anticodon_arm|part1	17	17	10.177	0.598647	0.598647
tRNA-Thr-TGT-1-1|anticodon|part1	3	3	1.86	0.62	0.62
tRNA-Thr-TGT-1-1|d_arm|part1	19	19	9.78	0.514737	0.514737
tRNA-Thr-TGT-1-1|acceptor_stem_5p|part1	7	7	3.364	0.480571	0.480571
tRNA-Leu-AAG-4-1|acceptor_stem_3p|part1	8	8	1.341	0.167625	0.167625
tRNA-Leu-AAG-4-1|t_arm|part1	17	17	5.902	0.347176	0.347176
tRNA-Leu-AAG-4-1|variable_region|part1	14	14	1.687	0.1205	0.1205
tRNA-Leu-AAG-4-1|anticodon_arm|part1	17	17	3.547	0.208647	0.208647
tRNA-Leu-AAG-4-1|anticodon|part1	3	3	1.002	0.334	0.334
tRNA-Leu-AAG-4-1|d_arm|part1	19	19	5.237	0.275632	0.275632
tRNA-Leu-AAG-4-1|acceptor_stem_5p|part1	7	7	-0.749	-0.107	-0.107
tRX-Met-NNN-1-1|acceptor_stem_5p|part1	7	7	2.827	0.403857	0.403857
tRX-Met-NNN-1-1|d_arm|part1	19	19	-7.246	-0.381368	-0.381368
tRX-Met-NNN-1-1|anticodon_arm|part1	17	17	3.904	0.229647	0.229647
tRX-Met-NNN-1-1|anticodon|part1	3	3	-1.518	-0.506	-0.506
tRX-Met-NNN-1-1|variable_region|part1	5	5	2.457	0.4914	0.4914
tRX-Met-NNN-1-1|t_arm|part1	17	17	2.323	0.136647	0.136647
tRX-Met-NNN-1-1|acceptor_stem_3p|part1	8	8	0.26	0.0325	0.0325
tRNA-Thr-CGT-1-1|acceptor_stem_3p|part1	8	8	3.888	0.486	0.486
tRNA-Thr-CGT-1-1|t_arm|part1	17	17	10.363	0.609588	0.609588
tRNA-Thr-CGT-1-1|variable_region|part1	6	6	3.6	0.6	0.6
tRNA-Thr-CGT-1-1|anticodon_arm|part1	17	17	10.414	0.612588	0.612588
tRNA-Thr-CGT-1-1|anticodon|part1	3	3	1.845	0.615	0.615
tRNA-Thr-CGT-1-1|d_arm|part1	19	19	10.117	0.532474	0.532474
tRNA-Thr-CGT-1-1|acceptor_stem_5p|part1	7	7	4.295	0.613571	0.613571
tRNA-Ile-TAT-3-1|acceptor_stem_5p|part1	7	7	2.624	0.374857	0.374857
tRNA-Ile-TAT-3-1|d_arm|part1	19	19	5.345	0.281316	0.281316
tRNA-Ile-TAT-3-1|anticodon_arm|part1	12	12	2.957	0.246417	0.246417
tRNA-Ile-TAT-3-1|anticodon|part1	3	3	1.556	0.518667	0.518667
tRNA-Ile-TAT-3-1|intron|part1	20	20	3.457	0.17285	0.17285
tRNA-Ile-TAT-3-1|anticodon_arm|part2	5	5	0.742	0.1484	0.1484
tRNA-Ile-TAT-3-1|variable_region|part1	6	6	3.071	0.511833	0.511833
tRNA-Ile-TAT-3-1|t_arm|part1	17	17	6.896	0.405647	0.405647
tRNA-Ile-TAT-3-1|acceptor_stem_3p|part1	8	8	2.485	0.310625	0.310625
tRNA-Arg-TCG-5-1|acceptor_stem_3p|part1	8	8	5.309	0.663625	0.663625
tRNA-Arg-TCG-5-1|t_arm|part1	17	17	11.406	0.670941	0.670941
tRNA-Arg-TCG-5-1|variable_region|part1	5	5	3.42	0.684	0.684
tRNA-Arg-TCG-5-1|anticodon_arm|part1	17	17	11.471	0.674765	0.674765
tRNA-Arg-TCG-5-1|anticodon|part1	3	3	2.019	0.673	0.673
tRNA-Arg-TCG-5-1|d_arm|part1	19	19	12.497	0.657737	0.657737
tRNA-Arg-TCG-5-1|acceptor_stem_5p|part1	7	7	4.53	0.647143	0.647143
tRNA-Gln-TTG-2-1|acceptor_stem_5p|part1	7	7	3.789	0.541286	0.541286
tRNA-Gln-TTG-2-1|d_arm|part1	19	19	12.933	0.680684	0.680684
tRNA-Gln-TTG-2-1|anticodon_arm|part1	17	17	11.449	0.673471	0.673471
tRNA-Gln-TTG-2-1|anticodon|part1	3	3	2.006	0.668667	0.668667
tRNA-Gln-TTG-2-1|variable_region|part1	4	4	1.966	0.4915	0.4915
tRNA-Gln-TTG-2-1|t_arm|part1	17	17	9.685	0.569706	0.569706
tRNA-Gln-TTG-2-1|acceptor_stem_3p|part1	8	8	4.538	0.56725	0.56725
tRNA-Ser-GCT-4-1|acceptor_stem_3p|part1	8	8	5.204	0.6505	0.6505
tRNA-Ser-GCT-4-1|t_arm|part1	17	17	7.828	0.460471	0.460471
tRNA-Ser-GCT-4-1|variable_region|part1	14	14	9.097	0.649786	0.649786
tRNA-Ser-GCT-4-1|anticodon_arm|part1	17	17	11.153	0.656059	0.656059
tRNA-Ser-GCT-4-1|anticodon|part1	3	3	1.952	0.650667	0.650667
tRNA-Ser-GCT-4-1|d_arm|part1	19	19	11.955	0.629211	0.629211
tRNA-Ser-GCT-4-1|acceptor_stem_5p|part1	7	7	4.232	0.604571	0.604571
tRNA-Ala-AGC-3-1|acceptor_stem_5p|part1	7	7	4.721	0.674429	0.674429
tRNA-Ala-AGC-3-1|d_arm|part1	19	19	12.812	0.674316	0.674316
tRNA-Ala-AGC-3-1|anticodon_arm|part1	17	17	9.013	0.530176	0.530176
tRNA-Ala-AGC-3-1|anticodon|part1	3	3	2.031	0.677	0.677
tRNA-Ala-AGC-3-1|variable_region|part1	4	4	2.616	0.654	0.654
tRNA-Ala-AGC-3-1|t_arm|part1	17	17	9.51	0.559412	0.559412
tRNA-Ala-AGC-3-1|acceptor_stem_3p|part1	8	8	5.172	0.6465	0.6465
tRNA-Ala-TGC-9-1|acceptor_stem_3p|part1	8	8	1.637	0.204625	0.204625
tRNA-Ala-TGC-9-1|t_arm|part1	17	17	0.422	0.0248235	0.0248235
tRNA-Ala-TGC-9-1|variable_region|part1	5	5	1.068	0.2136	0.2136
tRNA-Ala-TGC-9-1|anticodon_arm|part1	17	17	1.331	0.0782941	0.0782941
tRNA-Ala-TGC-9-1|anticodon|part1	3	3	2.031	0.677	0.677
tRNA-Ala-TGC-9-1|d_arm|part1	19	19	2.359	0.124158	0.124158
tRNA-Ala-TGC-9-1|acceptor_stem_5p|part1	7	7	-2.895	-0.413571	-0.413571
tRNA-Ala-TGC-2-1|acceptor_stem_5p|part1	7	7	3.99	0.57	0.57
tRNA-Ala-TGC-2-1|d_arm|part1	19	19	9.615	0.506053	0.506053
tRNA-Ala-TGC-2-1|anticodon_arm|part1	17	17	6.573	0.386647	0.386647
tRNA-Ala-TGC-2-1|anticodon|part1	3	3	-0.098	-0.0326667	-0.0326667
tRNA-Ala-TGC-2-1|variable_region|part1	4	4	-1.079	-0.26975	-0.26975
tRNA-Ala-TGC-2-1|t_arm|part1	17	17	2.465	0.145	0.145
tRNA-Ala-TGC-2-1|acceptor_stem_3p|part1	8	8	1.438	0.17975	0.17975
tRNA-Thr-CGT-3-1|acceptor_stem_3p|part1	8	8	3.95	0.49375	0.49375
tRNA-Thr-CGT-3-1|t_arm|part1	17	17	7.299	0.429353	0.429353
tRNA-Thr-CGT-3-1|variable_region|part1	6	6	3.625	0.604167	0.604167
tRNA-Thr-CGT-3-1|anticodon_arm|part1	17	17	8.05	0.473529	0.473529
tRNA-Thr-CGT-3-1|anticodon|part1	3	3	1.071	0.357	0.357
tRNA-Thr-CGT-3-1|d_arm|part1	19	19	9.288	0.488842	0.488842
tRNA-Thr-CGT-3-1|acceptor_stem_5p|part1	7	7	4.265	0.609286	0.609286
tRNA-Ala-AGC-4-1|acceptor_stem_3p|part1	8	8	5.546	0.69325	0.69325
tRNA-Ala-AGC-4-1|t_arm|part1	17	17	11.325	0.666176	0.666176
tRNA-Ala-AGC-4-1|variable_region|part1	4	4	2.63	0.6575	0.6575
tRNA-Ala-AGC-4-1|anticodon_arm|part1	17	17	11.529	0.678176	0.678176
tRNA-Ala-AGC-4-1|anticodon|part1	3	3	1.94	0.646667	0.646667
tRNA-Ala-AGC-4-1|d_arm|part1	19	19	12.581	0.662158	0.662158
tRNA-Ala-AGC-4-1|acceptor_stem_5p|part1	7	7	4.416	0.630857	0.630857
tRNA-Ala-CGC-2-1|acceptor_stem_3p|part1	8	8	5.546	0.69325	0.69325
tRNA-Ala-CGC-2-1|t_arm|part1	17	17	11.208	0.659294	0.659294
tRNA-Ala-CGC-2-1|variable_region|part1	4	4	2.536	0.634	0.634
tRNA-Ala-CGC-2-1|anticodon_arm|part1	17	17	11.55	0.679412	0.679412
tRNA-Ala-CGC-2-1|anticodon|part1	3	3	1.929	0.643	0.643
tRNA-Ala-CGC-2-1|d_arm|part1	19	19	12.508	0.658316	0.658316
tRNA-Ala-CGC-2-1|acceptor_stem_5p|part1	7	7	4.392	0.627429	0.627429
tRNA-Lys-TTT-13-1|acceptor_stem_3p|part1	8	8	-7.476	-0.9345	-0.9345
tRNA-Lys-TTT-13-1|t_arm|part1	17	17	5.804	0.341412	0.341412
tRNA-Lys-TTT-13-1|variable_region|part1	6	6	0.448	0.0746667	0.0746667
tRNA-Lys-TTT-13-1|anticodon_arm|part1	17	17	3.86	0.227059	0.227059
tRNA-Lys-TTT-13-1|anticodon|part1	3	3	1.443	0.481	0.481
tRNA-Lys-TTT-13-1|d_arm|part1	19	19	-3.784	-0.199158	-0.199158
tRNA-Lys-TTT-13-1|acceptor_stem_5p|part1	7	7	-6.135	-0.876429	-0.876429
tRNA-Ala-AGC-5-1|acceptor_stem_5p|part1	7	7	3.055	0.436429	0.436429
tRNA-Ala-AGC-5-1|d_arm|part1	19	19	6.409	0.337316	0.337316
tRNA-Ala-AGC-5-1|anticodon_arm|part1	17	17	6.086	0.358	0.358
tRNA-Ala-AGC-5-1|anticodon|part1	3	3	1.654	0.551333	0.551333
tRNA-Ala-AGC-5-1|variable_region|part1	4	4	1.255	0.31375	0.31375
tRNA-Ala-AGC-5-1|t_arm|part1	17	17	8.187	0.481588	0.481588
tRNA-Ala-AGC-5-1|acceptor_stem_3p|part1	8	8	4.221	0.527625	0.527625
tRNA-Ala-AGC-7-1|acceptor_stem_5p|part1	7	7	3.005	0.429286	0.429286
tRNA-Ala-AGC-7-1|d_arm|part1	19	19	5.529	0.291	0.291
tRNA-Ala-AGC-7-1|anticodon_arm|part1	17	17	6.455	0.379706	0.379706
tRNA-Ala-AGC-7-1|anticodon|part1	3	3	1.293	0.431	0.431
tRNA-Ala-AGC-7-1|variable_region|part1	4	4	1.605	0.40125	0.40125
tRNA-Ala-AGC-7-1|t_arm|part1	17	17	-0.272	-0.016	-0.016
tRNA-Ala-AGC-7-1|acceptor_stem_3p|part1	8	8	0.237	0.029625	0.029625
tRNA-Thr-AGT-3-1|acceptor_stem_5p|part1	7	7	1.173	0.167571	0.167571
tRNA-Thr-AGT-3-1|d_arm|part1	19	19	10.436	0.549263	0.549263
tRNA-Thr-AGT-3-1|anticodon_arm|part1	17	17	10.673	0.627824	0.627824
tRNA-Thr-AGT-3-1|anticodon|part1	3	3	2.084	0.694667	0.694667
tRNA-Thr-AGT-3-1|variable_region|part1	6	6	4.052	0.675333	0.675333
tRNA-Thr-AGT-3-1|t_arm|part1	17	17	6.888	0.405176	0.405176
tRNA-Thr-AGT-3-1|acceptor_stem_3p|part1	8	8	2.086	0.26075	0.26075
tRNA-Phe-GAA-11-1|acceptor_stem_3p|part1	8	8	2.57	0.32125	0.32125
tRNA-Phe-GAA-11-1|t_arm|part1	17	17	-0.527	-0.031	-0.031
tRNA-Phe-GAA-11-1|variable_region|part1	5	5	0.858	0.1716	0.1716
tRNA-Phe-GAA-11-1|anticodon_arm|part1	17	17	-2.208	-0.129882	-0.129882
tRNA-Phe-GAA-11-1|anticodon|part1	3	3	-0.337	-0.112333	-0.112333
tRNA-Phe-GAA-11-1|d_arm|part1	19	19	3.912	0.205895	0.205895
tRNA-Phe-GAA-11-1|acceptor_stem_5p|part1	7	7	-0.334	-0.0477143	-0.0477143
tRNA-Ala-CGC-4-1|acceptor_stem_5p|part1	7	7	3.521	0.503	0.503
tRNA-Ala-CGC-4-1|d_arm|part1	19	19	8.083	0.425421	0.425421
tRNA-Ala-CGC-4-1|anticodon_arm|part1	17	17	5.837	0.343353	0.343353
tRNA-Ala-CGC-4-1|anticodon|part1	3	3	1.772	0.590667	0.590667
tRNA-Ala-CGC-4-1|variable_region|part1	4	4	1.426	0.3565	0.3565
tRNA-Ala-CGC-4-1|t_arm|part1	17	17	4.61	0.271176	0.271176
tRNA-Ala-CGC-4-1|acceptor_stem_3p|part1	8	8	2.827	0.353375	0.353375
tRNA-Arg-CCG-1-1|acceptor_stem_3p|part1	8	8	0.802	0.10025	0.10025
tRNA-Arg-CCG-1-1|t_arm|part1	17	17	3.061	0.180059	0.180059
tRNA-Arg-CCG-1-1|variable_region|part1	5	5	0.818	0.1636	0.1636
tRNA-Arg-CCG-1-1|anticodon_arm|part1	17	17	1.25	0.0735294	0.0735294
tRNA-Arg-CCG-1-1|anticodon|part1	3	3	-2.739	-0.913	-0.913
tRNA-Arg-CCG-1-1|d_arm|part1	19	19	2.658	0.139895	0.139895
tRNA-Arg-CCG-1-1|acceptor_stem_5p|part1	7	7	1.374	0.196286	0.196286
tRNA-Lys-TTT-7-1|acceptor_stem_5p|part1	7	7	-0.44	-0.0628571	-0.0628571
tRNA-Lys-TTT-7-1|d_arm|part1	19	19	3.374	0.177579	0.177579
tRNA-Lys-TTT-7-1|anticodon_arm|part1	17	17	6.272	0.368941	0.368941
tRNA-Lys-TTT-7-1|anticodon|part1	3	3	1.491	0.497	0.497
tRNA-Lys-TTT-7-1|variable_region|part1	5	5	0.063	0.0126	0.0126
tRNA-Lys-TTT-7-1|t_arm|part1	17	17	4.415	0.259706	0.259706
tRNA-Lys-TTT-7-1|acceptor_stem_3p|part1	8	8	3.308	0.4135	0.4135
tRNA-Ala-TGC-6-1|acceptor_stem_3p|part1	8	8	3.368	0.421	0.421
tRNA-Ala-TGC-6-1|t_arm|part1	17	17	6.633	0.390176	0.390176
tRNA-Ala-TGC-6-1|variable_region|part1	4	4	2.212	0.553	0.553
tRNA-Ala-TGC-6-1|anticodon_arm|part1	17	17	8.502	0.500118	0.500118
tRNA-Ala-TGC-6-1|anticodon|part1	3	3	0.888	0.296	0.296
tRNA-Ala-TGC-6-1|d_arm|part1	19	19	7.889	0.415211	0.415211
tRNA-Ala-TGC-6-1|acceptor_stem_5p|part1	7	7	2.192	0.313143	0.313143
tRNA-Phe-GAA-6-1|acceptor_stem_3p|part1	8	8	-1.733	-0.216625	-0.216625
tRNA-Phe-GAA-6-1|t_arm|part1	17	17	2.122	0.124824	0.124824
tRNA-Phe-GAA-6-1|variable_region|part1	6	6	0.295	0.0491667	0.0491667
tRNA-Phe-GAA-6-1|anticodon_arm|part1	17	17	2.513	0.147824	0.147824
tRNA-Phe-GAA-6-1|anticodon|part1	3	3	1.031	0.343667	0.343667
tRNA-Phe-GAA-6-1|d_arm|part1	19	19	0.87	0.0457895	0.0457895
tRNA-Phe-GAA-6-1|acceptor_stem_5p|part1	7	7	1.586	0.226571	0.226571
tRNA-Ala-AGC-23-1|acceptor_stem_3p|part1	8	8	-2.792	-0.349	-0.349
tRNA-Ala-AGC-23-1|t_arm|part1	17	17	-2.708	-0.159294	-0.159294
tRNA-Ala-AGC-23-1|variable_region|part1	4	4	-0.558	-0.1395	-0.1395
tRNA-Ala-AGC-23-1|anticodon_arm|part1	17	17	-9.323	-0.548412	-0.548412
tRNA-Ala-AGC-23-1|anticodon|part1	3	3	-1.932	-0.644	-0.644
tRNA-Ala-AGC-23-1|d_arm|part1	19	19	-7.695	-0.405	-0.405
tRNA-Ala-AGC-23-1|acceptor_stem_5p|part1	7	7	1.076	0.153714	0.153714
tRNA-Ala-TGC-1-1|acceptor_stem_3p|part1	8	8	0.586	0.07325	0.07325
tRNA-Ala-TGC-1-1|t_arm|part1	17	17	1.362	0.0801176	0.0801176
tRNA-Ala-TGC-1-1|variable_region|part1	4	4	-0.612	-0.153	-0.153
tRNA-Ala-TGC-1-1|anticodon_arm|part1	17	17	2.324	0.136706	0.136706
tRNA-Ala-TGC-1-1|anticodon|part1	3	3	-0.348	-0.116	-0.116
tRNA-Ala-TGC-1-1|d_arm|part1	19	19	5.137	0.270368	0.270368
tRNA-Ala-TGC-1-1|acceptor_stem_5p|part1	7	7	-0.227	-0.0324286	-0.0324286
tRNA-Phe-GAA-1-1|acceptor_stem_3p|part1	8	8	3.284	0.4105	0.4105
tRNA-Phe-GAA-1-1|t_arm|part1	17	17	7.398	0.435176	0.435176
tRNA-Phe-GAA-1-1|variable_region|part1	5	5	2.064	0.4128	0.4128
tRNA-Phe-GAA-1-1|anticodon_arm|part1	17	17	10.029	0.589941	0.589941
tRNA-Phe-GAA-1-1|anticodon|part1	3	3	1.672	0.557333	0.557333
tRNA-Phe-GAA-1-1|d_arm|part1	19	19	8.482	0.446421	0.446421
tRNA-Phe-GAA-1-1|acceptor_stem_5p|part1	7	7	3.163	0.451857	0.451857
tRNA-Ala-AGC-1-1|acceptor_stem_3p|part1	8	8	0.299	0.037375	0.037375
tRNA-Ala-AGC-1-1|t_arm|part1	17	17	0.391	0.023	0.023
tRNA-Ala-AGC-1-1|variable_region|part1	4	4	-1.177	-0.29425	-0.29425
tRNA-Ala-AGC-1-1|anticodon_arm|part1	17	17	3.542	0.208353	0.208353
tRNA-Ala-AGC-1-1|anticodon|part1	3	3	1.34	0.446667	0.446667
tRNA-Ala-AGC-1-1|d_arm|part1	19	19	1.459	0.0767895	0.0767895
tRNA-Ala-AGC-1-1|acceptor_stem_5p|part1	7	7	1.204	0.172	0.172
tRNA-Ala-TGC-7-1|acceptor_stem_3p|part1	8	8	1.966	0.24575	0.24575
tRNA-Ala-TGC-7-1|t_arm|part1	17	17	1.992	0.117176	0.117176
tRNA-Ala-TGC-7-1|variable_region|part1	3	3	0.682	0.227333	0.227333
tRNA-Ala-TGC-7-1|anticodon_arm|part1	17	17	4.196	0.246824	0.246824
tRNA-Ala-TGC-7-1|anticodon|part1	3	3	0.702	0.234	0.234
tRNA-Ala-TGC-7-1|d_arm|part1	19	19	3.411	0.179526	0.179526
tRNA-Ala-TGC-7-1|acceptor_stem_5p|part1	7	7	1.932	0.276	0.276
tRNA-Phe-GAA-3-1|acceptor_stem_3p|part1	8	8	3.071	0.383875	0.383875
tRNA-Phe-GAA-3-1|t_arm|part1	17	17	5.293	0.311353	0.311353
tRNA-Phe-GAA-3-1|variable_region|part1	5	5	1.517	0.3034	0.3034
tRNA-Phe-GAA-3-1|anticodon_arm|part1	17	17	4.983	0.293118	0.293118
tRNA-Phe-GAA-3-1|anticodon|part1	3	3	0.576	0.192	0.192
tRNA-Phe-GAA-3-1|d_arm|part1	19	19	8.137	0.428263	0.428263
tRNA-Phe-GAA-3-1|acceptor_stem_5p|part1	7	7	1.588	0.226857	0.226857
tRNA-Ala-AGC-6-1|acceptor_stem_3p|part1	8	8	0.554	0.06925	0.06925
tRNA-Ala-AGC-6-1|t_arm|part1	17	17	4.258	0.250471	0.250471
tRNA-Ala-AGC-6-1|variable_region|part1	4	4	1.591	0.39775	0.39775
tRNA-Ala-AGC-6-1|anticodon_arm|part1	17	17	4.846	0.285059	0.285059
tRNA-Ala-AGC-6-1|anticodon|part1	3	3	1.764	0.588	0.588
tRNA-Ala-AGC-6-1|d_arm|part1	19	19	4.913	0.258579	0.258579
tRNA-Ala-AGC-6-1|acceptor_stem_5p|part1	7	7	0.105	0.015	0.015
tRNA-Ala-TGC-5-1|acceptor_stem_3p|part1	8	8	2.784	0.348	0.348
tRNA-Ala-TGC-5-1|t_arm|part1	17	17	0.404	0.0237647	0.0237647
tRNA-Ala-TGC-5-1|variable_region|part1	4	4	0.431	0.10775	0.10775
tRNA-Ala-TGC-5-1|anticodon_arm|part1	17	17	5.082	0.298941	0.298941
tRNA-Ala-TGC-5-1|anticodon|part1	3	3	0.993	0.331	0.331
tRNA-Ala-TGC-5-1|d_arm|part1	19	19	5.563	0.292789	0.292789
tRNA-Ala-TGC-5-1|acceptor_stem_5p|part1	7	7	2.235	0.319286	0.319286
tRNA-Phe-GAA-4-1|acceptor_stem_3p|part1	8	8	0.036	0.0045	0.0045
tRNA-Phe-GAA-4-1|t_arm|part1	17	17	2.473	0.145471	0.145471
tRNA-Phe-GAA-4-1|variable_region|part1	6	6	0.472	0.0786667	0.0786667
tRNA-Phe-GAA-4-1|anticodon_arm|part1	17	17	-0.244	-0.0143529	-0.0143529
tRNA-Phe-GAA-4-1|anticodon|part1	3	3	0.073	0.0243333	0.0243333
tRNA-Phe-GAA-4-1|d_arm|part1	19	19	2.48	0.130526	0.130526
tRNA-Phe-GAA-4-1|acceptor_stem_5p|part1	7	7	-0.556	-0.0794286	-0.0794286
tRNA-Ala-AGC-2-1|acceptor_stem_3p|part1	8	8	5.466	0.68325	0.68325
tRNA-Ala-AGC-2-1|t_arm|part1	17	17	11.325	0.666176	0.666176
tRNA-Ala-AGC-2-1|variable_region|part1	4	4	2.55	0.6375	0.6375
tRNA-Ala-AGC-2-1|anticodon_arm|part1	17	17	11.383	0.669588	0.669588
tRNA-Ala-AGC-2-1|anticodon|part1	3	3	1.94	0.646667	0.646667
tRNA-Ala-AGC-2-1|d_arm|part1	19	19	12.581	0.662158	0.662158
tRNA-Ala-AGC-2-1|acceptor_stem_5p|part1	7	7	4.35	0.621429	0.621429
tRNA-Ala-AGC-2-2|acceptor_stem_3p|part1	8	8	5.466	0.68325	0.68325
tRNA-Ala-AGC-2-2|t_arm|part1	17	17	11.325	0.666176	0.666176
tRNA-Ala-AGC-2-2|variable_region|part1	4	4	2.55	0.6375	0.6375
tRNA-Ala-AGC-2-2|anticodon_arm|part1	17	17	11.383	0.669588	0.669588
tRNA-Ala-AGC-2-2|anticodon|part1	3	3	1.94	0.646667	0.646667
tRNA-Ala-AGC-2-2|d_arm|part1	19	19	12.581	0.662158	0.662158
tRNA-Ala-AGC-2-2|acceptor_stem_5p|part1	7	7	4.35	0.621429	0.621429
tRNA-Arg-CCG-1-2|acceptor_stem_5p|part1	7	7	4.501	0.643	0.643
tRNA-Arg-CCG-1-2|d_arm|part1	19	19	12.969	0.682579	0.682579
tRNA-Arg-CCG-1-2|anticodon_arm|part1	17	17	11.415	0.671471	0.671471
tRNA-Arg-CCG-1-2|anticodon|part1	3	3	1.87	0.623333	0.623333
tRNA-Arg-CCG-1-2|variable_region|part1	5	5	3.496	0.6992	0.6992
tRNA-Arg-CCG-1-2|t_arm|part1	17	17	10.412	0.612471	0.612471
tRNA-Arg-CCG-1-2|acceptor_stem_3p|part1	8	8	5.202	0.65025	0.65025
tRNA-Leu-CAA-1-1|acceptor_stem_3p|part1	8	8	5.041	0.630125	0.630125
tRNA-Leu-CAA-1-1|t_arm|part1	17	17	10.354	0.609059	0.609059
tRNA-Leu-CAA-1-1|variable_region|part1	15	15	9.521	0.634733	0.634733
tRNA-Leu-CAA-1-1|anticodon_arm|part2	5	5	3.521	0.7042	0.7042
tRNA-Leu-CAA-1-1|intron|part1	23	23	-0.552	-0.024	-0.024
tRNA-Leu-CAA-1-1|anticodon_arm|part1	12	12	7.069	0.589083	0.589083
tRNA-Leu-CAA-1-1|anticodon|part1	3	3	2.084	0.694667	0.694667
tRNA-Leu-CAA-1-1|d_arm|part1	19	19	12.443	0.654895	0.654895
tRNA-Leu-CAA-1-1|acceptor_stem_5p|part1	7	7	4.533	0.647571	0.647571
tRNA-Leu-CAA-1-2|acceptor_stem_5p|part1	7	7	4.804	0.686286	0.686286
tRNA-Leu-CAA-1-2|d_arm|part1	19	19	12.732	0.670105	0.670105
tRNA-Leu-CAA-1-2|anticodon_arm|part1	12	12	8.113	0.676083	0.676083
tRNA-Leu-CAA-1-2|anticodon|part1	3	3	2.02	0.673333	0.673333
tRNA-Leu-CAA-1-2|intron|part1	22	22	-4.241	-0.192773	-0.192773
tRNA-Leu-CAA-1-2|anticodon_arm|part2	5	5	3.27	0.654	0.654
tRNA-Leu-CAA-1-2|variable_region|part1	15	15	7.679	0.511933	0.511933
tRNA-Leu-CAA-1-2|t_arm|part1	17	17	11.303	0.664882	0.664882
tRNA-Leu-CAA-1-2|acceptor_stem_3p|part1	8	8	5.381	0.672625	0.672625
tRNA-Gln-CTG-1-3|acceptor_stem_3p|part1	8	8	5.392	0.674	0.674
tRNA-Gln-CTG-1-3|t_arm|part1	17	17	11.46	0.674118	0.674118
tRNA-Gln-CTG-1-3|variable_region|part1	4	4	2.696	0.674	0.674
tRNA-Gln-CTG-1-3|anticodon_arm|part1	17	17	11.46	0.674118	0.674118
tRNA-Gln-CTG-1-3|anticodon|part1	3	3	2.031	0.677	0.677
tRNA-Gln-CTG-1-3|d_arm|part1	19	19	12.898	0.678842	0.678842
tRNA-Gln-CTG-1-3|acceptor_stem_5p|part1	7	7	4.727	0.675286	0.675286
tRNA-Leu-AAG-2-2|acceptor_stem_3p|part1	8	8	5.323	0.665375	0.665375
tRNA-Leu-AAG-2-2|t_arm|part1	17	17	10.621	0.624765	0.624765
tRNA-Leu-AAG-2-2|variable_region|part1	14	14	7.749	0.5535	0.5535
tRNA-Leu-AAG-2-2|anticodon_arm|part1	17	17	11.383	0.669588	0.669588
tRNA-Leu-AAG-2-2|anticodon|part1	3	3	2.086	0.695333	0.695333
tRNA-Leu-AAG-2-2|d_arm|part1	19	19	12.435	0.654474	0.654474
tRNA-Leu-AAG-2-2|acceptor_stem_5p|part1	7	7	4.493	0.641857	0.641857
tRNA-Met-CAT-3-1|acceptor_stem_5p|part1	7	7	3.63	0.518571	0.518571
tRNA-Met-CAT-3-1|d_arm|part1	19	19	12.757	0.671421	0.671421
tRNA-Met-CAT-3-1|anticodon_arm|part1	17	17	11.518	0.677529	0.677529
tRNA-Met-CAT-3-1|anticodon|part1	3	3	2.02	0.673333	0.673333
tRNA-Met-CAT-3-1|variable_region|part1	5	5	3.372	0.6744	0.6744
tRNA-Met-CAT-3-1|t_arm|part1	17	17	9.73	0.572353	0.572353
tRNA-Met-CAT-3-1|acceptor_stem_3p|part1	8	8	5.491	0.686375	0.686375
tRNA-Lys-TTT-3-3|acceptor_stem_5p|part1	7	7	3.8	0.542857	0.542857
tRNA-Lys-TTT-3-3|d_arm|part1	19	19	12.892	0.678526	0.678526
tRNA-Lys-TTT-3-3|anticodon_arm|part1	17	17	11.584	0.681412	0.681412
tRNA-Lys-TTT-3-3|anticodon|part1	3	3	1.995	0.665	0.665
tRNA-Lys-TTT-3-3|variable_region|part1	5	5	3.292	0.6584	0.6584
tRNA-Lys-TTT-3-3|t_arm|part1	17	17	10.518	0.618706	0.618706
tRNA-Lys-TTT-3-3|acceptor_stem_3p|part1	8	8	5.232	0.654	0.654
tRNA-Met-CAT-3-2|acceptor_stem_3p|part1	8	8	5.001	0.625125	0.625125
tRNA-Met-CAT-3-2|t_arm|part1	17	17	10.674	0.627882	0.627882
tRNA-Met-CAT-3-2|variable_region|part1	5	5	3.295	0.659	0.659
tRNA-Met-CAT-3-2|anticodon_arm|part1	17	17	11.763	0.691941	0.691941
tRNA-Met-CAT-3-2|anticodon|part1	3	3	2.097	0.699	0.699
tRNA-Met-CAT-3-2|d_arm|part1	19	19	12.344	0.649684	0.649684
tRNA-Met-CAT-3-2|acceptor_stem_5p|part1	7	7	4.815	0.687857	0.687857
tRNA-Phe-GAA-1-2|acceptor_stem_3p|part1	8	8	5.483	0.685375	0.685375
tRNA-Phe-GAA-1-2|t_arm|part1	17	17	11.339	0.667	0.667
tRNA-Phe-GAA-1-2|variable_region|part1	5	5	3.295	0.659	0.659
tRNA-Phe-GAA-1-2|anticodon_arm|part1	17	17	10.038	0.590471	0.590471
tRNA-Phe-GAA-1-2|anticodon|part1	3	3	1.929	0.643	0.643
tRNA-Phe-GAA-1-2|d_arm|part1	19	19	12.504	0.658105	0.658105
tRNA-Phe-GAA-1-2|acceptor_stem_5p|part1	7	7	4.545	0.649286	0.649286
tRNA-Glu-CTC-1-6|acceptor_stem_5p|part1	7	7	3.697	0.528143	0.528143
tRNA-Glu-CTC-1-6|d_arm|part1	19	19	12.919	0.679947	0.679947
tRNA-Glu-CTC-1-6|anticodon_arm|part1	17	17	9.304	0.547294	0.547294
tRNA-Glu-CTC-1-6|anticodon|part1	3	3	1.863	0.621	0.621
tRNA-Glu-CTC-1-6|variable_region|part1	4	4	2.55	0.6375	0.6375
tRNA-Glu-CTC-1-6|t_arm|part1	17	17	11.066	0.650941	0.650941
tRNA-Glu-CTC-1-6|acceptor_stem_3p|part1	8	8	5.56	0.695	0.695
tRNA-Leu-AAG-3-1|acceptor_stem_5p|part1	7	7	3.916	0.559429	0.559429
tRNA-Leu-AAG-3-1|d_arm|part1	19	19	11.785	0.620263	0.620263
tRNA-Leu-AAG-3-1|anticodon_arm|part1	17	17	9.108	0.535765	0.535765
tRNA-Leu-AAG-3-1|anticodon|part1	3	3	1.365	0.455	0.455
tRNA-Leu-AAG-3-1|variable_region|part1	14	14	8.269	0.590643	0.590643
tRNA-Leu-AAG-3-1|t_arm|part1	17	17	10.436	0.613882	0.613882
tRNA-Leu-AAG-3-1|acceptor_stem_3p|part1	8	8	2.809	0.351125	0.351125
tRNA-Gln-TTG-10-1|acceptor_stem_5p|part1	7	7	1.979	0.282714	0.282714
tRNA-Gln-TTG-10-1|d_arm|part1	19	19	5.733	0.301737	0.301737
tRNA-Gln-TTG-10-1|anticodon_arm|part1	17	17	0.891	0.0524118	0.0524118
tRNA-Gln-TTG-10-1|anticodon|part1	3	3	0.254	0.0846667	0.0846667
tRNA-Gln-TTG-10-1|variable_region|part1	5	5	2.213	0.4426	0.4426
tRNA-Gln-TTG-10-1|t_arm|part1	17	17	3.306	0.194471	0.194471
tRNA-Gln-TTG-10-1|acceptor_stem_3p|part1	8	8	1.225	0.153125	0.153125
tRNA-Ile-AAT-12-1|acceptor_stem_5p|part1	7	0	0	0	0
tRNA-Ile-AAT-12-1|d_arm|part1	19	0	0	0	0
tRNA-Ile-AAT-12-1|anticodon_arm|part1	17	0	0	0	0
tRNA-Ile-AAT-12-1|anticodon|part1	3	0	0	0	0
tRNA-Ile-AAT-12-1|variable_region|part1	6	0	0	0	0
tRNA-Ile-AAT-12-1|t_arm|part1	17	0	0	0	0
tRNA-Ile-AAT-12-1|acceptor_stem_3p|part1	8	0	0	0	0
tRX-Met-NNN-2-1|acceptor_stem_5p|part1	7	7	-2.115	-0.302143	-0.302143
tRX-Met-NNN-2-1|d_arm|part1	19	19	3.199	0.168368	0.168368
tRX-Met-NNN-2-1|anticodon_arm|part1	17	17	3.909	0.229941	0.229941
tRX-Met-NNN-2-1|anticodon|part1	3	3	0.686	0.228667	0.228667
tRX-Met-NNN-2-1|variable_region|part1	6	6	1.353	0.2255	0.2255
tRX-Met-NNN-2-1|t_arm|part1	17	16	2.41	0.141765	0.150625
tRX-Met-NNN-2-1|acceptor_stem_3p|part1	8	8	-0.348	-0.0435	-0.0435
tRNA-Ala-AGC-24-1|acceptor_stem_3p|part1	8	8	3.092	0.3865	0.3865
tRNA-Ala-AGC-24-1|t_arm|part1	17	17	1.55	0.0911765	0.0911765
tRNA-Ala-AGC-24-1|variable_region|part1	5	5	-0.29	-0.058	-0.058
tRNA-Ala-AGC-24-1|anticodon_arm|part1	17	17	4.69	0.275882	0.275882
tRNA-Ala-AGC-24-1|anticodon|part1	3	3	0.949	0.316333	0.316333
tRNA-Ala-AGC-24-1|d_arm|part1	19	19	3.028	0.159368	0.159368
tRNA-Ala-AGC-24-1|acceptor_stem_5p|part1	7	7	2.171	0.310143	0.310143
tRNA-Ile-AAT-1-1|acceptor_stem_5p|part1	7	7	1.404	0.200571	0.200571
tRNA-Ile-AAT-1-1|d_arm|part1	19	19	5.436	0.286105	0.286105
tRNA-Ile-AAT-1-1|anticodon_arm|part1	17	17	6.139	0.361118	0.361118
tRNA-Ile-AAT-1-1|anticodon|part1	3	3	1.473	0.491	0.491
tRNA-Ile-AAT-1-1|variable_region|part1	6	6	1.016	0.169333	0.169333
tRNA-Ile-AAT-1-1|t_arm|part1	17	17	1.728	0.101647	0.101647
tRNA-Ile-AAT-1-1|acceptor_stem_3p|part1	8	8	-1.281	-0.160125	-0.160125
tRNA-Ala-AGC-13-2|acceptor_stem_3p|part1	8	8	2.499	0.312375	0.312375
tRNA-Ala-AGC-13-2|t_arm|part1	17	17	4.028	0.236941	0.236941
tRNA-Ala-AGC-13-2|variable_region|part1	5	5	0.471	0.0942	0.0942
tRNA-Ala-AGC-13-2|anticodon_arm|part1	17	17	5.145	0.302647	0.302647
tRNA-Ala-AGC-13-2|anticodon|part1	3	3	0.87	0.29	0.29
tRNA-Ala-AGC-13-2|d_arm|part1	19	19	3.703	0.194895	0.194895
tRNA-Ala-AGC-13-2|acceptor_stem_5p|part1	7	7	-0.096	-0.0137143	-0.0137143
tRNA-Met-CAT-7-1|acceptor_stem_3p|part1	8	8	-1.683	-0.210375	-0.210375
tRNA-Met-CAT-7-1|t_arm|part1	17	17	-5.148	-0.302824	-0.302824
tRNA-Met-CAT-7-1|variable_region|part1	5	5	-0.486	-0.0972	-0.0972
tRNA-Met-CAT-7-1|anticodon_arm|part1	17	17	-0.56	-0.0329412	-0.0329412
tRNA-Met-CAT-7-1|anticodon|part1	3	3	0.954	0.318	0.318
tRNA-Met-CAT-7-1|d_arm|part1	19	19	-7.76	-0.408421	-0.408421
tRNA-Met-CAT-7-1|acceptor_stem_5p|part1	7	7	-0.771	-0.110143	-0.110143
tRNA-Ala-AGC-12-3|acceptor_stem_3p|part1	8	8	1.751	0.218875	0.218875
tRNA-Ala-AGC-12-3|t_arm|part1	17	17	4.457	0.262176	0.262176
tRNA-Ala-AGC-12-3|variable_region|part1	5	5	1.579	0.3158	0.3158
tRNA-Ala-AGC-12-3|anticodon_arm|part1	17	17	3.365	0.197941	0.197941
tRNA-Ala-AGC-12-3|anticodon|part1	3	3	0.935	0.311667	0.311667
tRNA-Ala-AGC-12-3|d_arm|part1	19	19	2.391	0.125842	0.125842
tRNA-Ala-AGC-12-3|acceptor_stem_5p|part1	7	7	2.161	0.308714	0.308714
tRNA-Ala-AGC-16-1|acceptor_stem_3p|part1	8	8	2.631	0.328875	0.328875
tRNA-Ala-AGC-16-1|t_arm|part1	17	17	2.71	0.159412	0.159412
tRNA-Ala-AGC-16-1|variable_region|part1	5	5	1.543	0.3086	0.3086
tRNA-Ala-AGC-16-1|anticodon_arm|part1	17	17	5.411	0.318294	0.318294
tRNA-Ala-AGC-16-1|anticodon|part1	3	3	0.914	0.304667	0.304667
tRNA-Ala-AGC-16-1|d_arm|part1	19	19	5.005	0.263421	0.263421
tRNA-Ala-AGC-16-1|acceptor_stem_5p|part1	7	7	0.076	0.0108571	0.0108571
tRNA-Leu-TAA-5-1|acceptor_stem_5p|part1	7	7	1.702	0.243143	0.243143
tRNA-Leu-TAA-5-1|d_arm|part1	19	19	3.499	0.184158	0.184158
tRNA-Leu-TAA-5-1|anticodon_arm|part1	17	17	-3.924	-0.230824	-0.230824
tRNA-Leu-TAA-5-1|anticodon|part1	3	3	1.192	0.397333	0.397333
tRNA-Leu-TAA-5-1|variable_region|part1	15	15	-8.386	-0.559067	-0.559067
tRNA-Leu-TAA-5-1|t_arm|part1	17	17	-3.008	-0.176941	-0.176941
tRNA-Leu-TAA-5-1|acceptor_stem_3p|part1	8	8	0.333	0.041625	0.041625
tRNA-Phe-GAA-8-1|acceptor_stem_3p|part1	8	8	-0.218	-0.02725	-0.02725
tRNA-Phe-GAA-8-1|t_arm|part1	17	17	-9.508	-0.559294	-0.559294
tRNA-Phe-GAA-8-1|variable_region|part1	5	5	0.332	0.0664	0.0664
tRNA-Phe-GAA-8-1|anticodon_arm|part1	17	17	4.74	0.278824	0.278824
tRNA-Phe-GAA-8-1|anticodon|part1	3	3	0.663	0.221	0.221
tRNA-Phe-GAA-8-1|d_arm|part1	19	19	-6.696	-0.352421	-0.352421
tRNA-Phe-GAA-8-1|acceptor_stem_5p|part1	7	7	-2.291	-0.327286	-0.327286
tRNA-Glu-CTC-1-7|acceptor_stem_3p|part1	8	8	3.97	0.49625	0.49625
tRNA-Glu-CTC-1-7|t_arm|part1	17	17	10.375	0.610294	0.610294
tRNA-Glu-CTC-1-7|variable_region|part1	4	4	2.334	0.5835	0.5835
tRNA-Glu-CTC-1-7|anticodon_arm|part1	17	17	10.298	0.605765	0.605765
tRNA-Glu-CTC-1-7|anticodon|part1	3	3	1.927	0.642333	0.642333
tRNA-Glu-CTC-1-7|d_arm|part1	19	19	10.421	0.548474	0.548474
tRNA-Glu-CTC-1-7|acceptor_stem_5p|part1	7	7	4.334	0.619143	0.619143
tRNA-Leu-TAA-1-1|acceptor_stem_5p|part1	7	7	4.407	0.629571	0.629571
tRNA-Leu-TAA-1-1|d_arm|part1	19	19	11.718	0.616737	0.616737
tRNA-Leu-TAA-1-1|anticodon_arm|part1	17	17	10.692	0.628941	0.628941
tRNA-Leu-TAA-1-1|anticodon|part1	3	3	1.991	0.663667	0.663667
tRNA-Leu-TAA-1-1|variable_region|part1	15	15	9.177	0.6118	0.6118
tRNA-Leu-TAA-1-1|t_arm|part1	17	17	10.284	0.604941	0.604941
tRNA-Leu-TAA-1-1|acceptor_stem_3p|part1	8	8	4.852	0.6065	0.6065
tRNA-Gln-TTG-4-1|acceptor_stem_5p|part1	7	7	1.423	0.203286	0.203286
tRNA-Gln-TTG-4-1|d_arm|part1	19	19	1.606	0.0845263	0.0845263
tRNA-Gln-TTG-4-1|anticodon_arm|part1	17	17	1.109	0.0652353	0.0652353
tRNA-Gln-TTG-4-1|anticodon|part1	3	3	0.622	0.207333	0.207333
tRNA-Gln-TTG-4-1|variable_region|part1	4	4	0.855	0.21375	0.21375
tRNA-Gln-TTG-4-1|t_arm|part1	17	17	-4.356	-0.256235	-0.256235
tRNA-Gln-TTG-4-1|acceptor_stem_3p|part1	8	8	-3.851	-0.481375	-0.481375
tRX-Lys-NNN-5-1|acceptor_stem_5p|part1	7	7	1.685	0.240714	0.240714
tRX-Lys-NNN-5-1|d_arm|part1	19	19	-2.524	-0.132842	-0.132842
tRX-Lys-NNN-5-1|anticodon_arm|part1	17	17	2.026	0.119176	0.119176
tRX-Lys-NNN-5-1|anticodon|part1	3	3	0.782	0.260667	0.260667
tRX-Lys-NNN-5-1|variable_region|part1	16	16	2.869	0.179313	0.179313
tRX-Lys-NNN-5-1|t_arm|part1	17	17	-0.0369999	-0.00217647	-0.00217647
tRX-Lys-NNN-5-1|acceptor_stem_3p|part1	8	8	-2.243	-0.280375	-0.280375
tRX-Trp-NNN-1-1|acceptor_stem_3p|part1	8	8	-1.671	-0.208875	-0.208875
tRX-Trp-NNN-1-1|t_arm|part1	17	17	0.925	0.0544118	0.0544118
tRX-Trp-NNN-1-1|variable_region|part1	4	4	1.482	0.3705	0.3705
tRX-Trp-NNN-1-1|anticodon_arm|part1	17	17	4.471	0.263	0.263
tRX-Trp-NNN-1-1|anticodon|part1	3	3	-0.72	-0.24	-0.24
tRX-Trp-NNN-1-1|d_arm|part1	19	19	1.932	0.101684	0.101684
tRX-Trp-NNN-1-1|acceptor_stem_5p|part1	7	7	-0.182	-0.026	-0.026
tRX-Lys-NNN-4-1|acceptor_stem_3p|part1	8	8	-1.408	-0.176	-0.176
tRX-Lys-NNN-4-1|t_arm|part1	17	17	-5.505	-0.323824	-0.323824
tRX-Lys-NNN-4-1|variable_region|part1	5	5	0.853	0.1706	0.1706
tRX-Lys-NNN-4-1|anticodon_arm|part1	17	17	2.907	0.171	0.171
tRX-Lys-NNN-4-1|anticodon|part1	3	3	0.523	0.174333	0.174333
tRX-Lys-NNN-4-1|d_arm|part1	19	19	-9.648	-0.507789	-0.507789
tRX-Lys-NNN-4-1|acceptor_stem_5p|part1	7	7	1.648	0.235429	0.235429
tRNA-Trp-CCA-5-1|acceptor_stem_5p|part1	7	7	0.837	0.119571	0.119571
tRNA-Trp-CCA-5-1|d_arm|part1	19	19	5.196	0.273474	0.273474
tRNA-Trp-CCA-5-1|anticodon_arm|part1	17	17	10.679	0.628176	0.628176
tRNA-Trp-CCA-5-1|anticodon|part1	3	3	2.019	0.673	0.673
tRNA-Trp-CCA-5-1|variable_region|part1	4	4	1.888	0.472	0.472
tRNA-Trp-CCA-5-1|t_arm|part1	17	17	2.293	0.134882	0.134882
tRNA-Trp-CCA-5-1|acceptor_stem_3p|part1	8	8	3.698	0.46225	0.46225
tRNA-Pro-AGG-2-3|acceptor_stem_5p|part1	7	7	3.775	0.539286	0.539286
tRNA-Pro-AGG-2-3|d_arm|part1	19	19	12.071	0.635316	0.635316
tRNA-Pro-AGG-2-3|anticodon_arm|part1	17	17	8.467	0.498059	0.498059
tRNA-Pro-AGG-2-3|anticodon|part1	3	3	2.028	0.676	0.676
tRNA-Pro-AGG-2-3|variable_region|part1	4	4	2.616	0.654	0.654
tRNA-Pro-AGG-2-3|t_arm|part1	17	17	8.886	0.522706	0.522706
tRNA-Pro-AGG-2-3|acceptor_stem_3p|part1	8	8	3.698	0.46225	0.46225
tRNA-Arg-CCT-4-1|acceptor_stem_5p|part1	7	7	4.504	0.643429	0.643429
tRNA-Arg-CCT-4-1|d_arm|part1	19	19	13.049	0.686789	0.686789
tRNA-Arg-CCT-4-1|anticodon_arm|part1	17	17	11.226	0.660353	0.660353
tRNA-Arg-CCT-4-1|anticodon|part1	3	3	1.863	0.621	0.621
tRNA-Arg-CCT-4-1|variable_region|part1	5	5	3.438	0.6876	0.6876
tRNA-Arg-CCT-4-1|t_arm|part1	17	17	11.289	0.664059	0.664059
tRNA-Arg-CCT-4-1|acceptor_stem_3p|part1	8	8	5.309	0.663625	0.663625
tRNA-Cys-GCA-1-1|acceptor_stem_5p|part1	7	7	2.694	0.384857	0.384857
tRNA-Cys-GCA-1-1|d_arm|part1	19	19	9.838	0.517789	0.517789
tRNA-Cys-GCA-1-1|anticodon_arm|part1	17	17	10.8	0.635294	0.635294
tRNA-Cys-GCA-1-1|anticodon|part1	3	3	1.772	0.590667	0.590667
tRNA-Cys-GCA-1-1|variable_region|part1	4	4	2.284	0.571	0.571
tRNA-Cys-GCA-1-1|t_arm|part1	17	17	5.015	0.295	0.295
tRNA-Cys-GCA-1-1|acceptor_stem_3p|part1	8	8	3.67	0.45875	0.45875
tRNA-Cys-GCA-9-2|acceptor_stem_5p|part1	7	7	3.536	0.505143	0.505143
tRNA-Cys-GCA-9-2|d_arm|part1	19	19	9.286	0.488737	0.488737
tRNA-Cys-GCA-9-2|anticodon_arm|part1	17	17	9.768	0.574588	0.574588
tRNA-Cys-GCA-9-2|anticodon|part1	3	3	1.833	0.611	0.611
tRNA-Cys-GCA-9-2|variable_region|part1	4	4	2.363	0.59075	0.59075
tRNA-Cys-GCA-9-2|t_arm|part1	17	17	6.301	0.370647	0.370647
tRNA-Cys-GCA-9-2|acceptor_stem_3p|part1	8	8	3.735	0.466875	0.466875
tRNA-Cys-GCA-13-1|acceptor_stem_3p|part1	8	8	4.009	0.501125	0.501125
tRNA-Cys-GCA-13-1|t_arm|part1	17	17	9.998	0.588118	0.588118
tRNA-Cys-GCA-13-1|variable_region|part1	4	4	2.296	0.574	0.574
tRNA-Cys-GCA-13-1|anticodon_arm|part1	17	17	9.208	0.541647	0.541647
tRNA-Cys-GCA-13-1|anticodon|part1	3	3	1.694	0.564667	0.564667
tRNA-Cys-GCA-13-1|d_arm|part1	19	19	10.97	0.577368	0.577368
tRNA-Cys-GCA-13-1|acceptor_stem_5p|part1	7	7	3.858	0.551143	0.551143
tRNA-Tyr-GTA-11-1|acceptor_stem_3p|part1	8	8	0.679	0.084875	0.084875
tRNA-Tyr-GTA-11-1|t_arm|part1	17	17	-5.261	-0.309471	-0.309471
tRNA-Tyr-GTA-11-1|variable_region|part1	9	9	1.203	0.133667	0.133667
tRNA-Tyr-GTA-11-1|anticodon_arm|part1	17	17	1.808	0.106353	0.106353
tRNA-Tyr-GTA-11-1|anticodon|part1	3	3	-0.038	-0.0126667	-0.0126667
tRNA-Tyr-GTA-11-1|d_arm|part1	19	19	3.622	0.190632	0.190632
tRNA-Tyr-GTA-11-1|acceptor_stem_5p|part1	7	7	-1.409	-0.201286	-0.201286
tRNA-Cys-GCA-18-1|acceptor_stem_3p|part1	8	8	4.709	0.588625	0.588625
tRNA-Cys-GCA-18-1|t_arm|part1	17	17	9.871	0.580647	0.580647
tRNA-Cys-GCA-18-1|variable_region|part1	4	4	1.855	0.46375	0.46375
tRNA-Cys-GCA-18-1|anticodon_arm|part1	17	17	9.042	0.531882	0.531882
tRNA-Cys-GCA-18-1|anticodon|part1	3	3	1.17	0.39	0.39
tRNA-Cys-GCA-18-1|d_arm|part1	19	19	8.309	0.437316	0.437316
tRNA-Cys-GCA-18-1|acceptor_stem_5p|part1	7	7	3.641	0.520143	0.520143
tRNA-Cys-GCA-10-1|acceptor_stem_3p|part1	8	6	2.082	0.26025	0.347
tRNA-Cys-GCA-10-1|t_arm|part1	17	17	4.959	0.291706	0.291706
tRNA-Cys-GCA-10-1|variable_region|part1	4	4	1.351	0.33775	0.33775
tRNA-Cys-GCA-10-1|anticodon_arm|part1	17	17	5.863	0.344882	0.344882
tRNA-Cys-GCA-10-1|anticodon|part1	3	3	0.998	0.332667	0.332667
tRNA-Cys-GCA-10-1|d_arm|part1	19	19	4.679	0.246263	0.246263
tRNA-Cys-GCA-10-1|acceptor_stem_5p|part1	7	7	1.333	0.190429	0.190429
tRNA-Cys-GCA-11-1|acceptor_stem_3p|part1	8	8	3.432	0.429	0.429
tRNA-Cys-GCA-11-1|t_arm|part1	17	17	4.998	0.294	0.294
tRNA-Cys-GCA-11-1|variable_region|part1	4	4	2.407	0.60175	0.60175
tRNA-Cys-GCA-11-1|anticodon_arm|part1	17	17	8.883	0.522529	0.522529
tRNA-Cys-GCA-11-1|anticodon|part1	3	3	1.776	0.592	0.592
tRNA-Cys-GCA-11-1|d_arm|part1	19	19	8.588	0.452	0.452
tRNA-Cys-GCA-11-1|acceptor_stem_5p|part1	7	7	3.087	0.441	0.441
tRNA-Cys-GCA-16-1|acceptor_stem_5p|part1	7	7	4.016	0.573714	0.573714
tRNA-Cys-GCA-16-1|d_arm|part1	19	19	12.174	0.640737	0.640737
tRNA-Cys-GCA-16-1|anticodon_arm|part1	17	17	9.324	0.548471	0.548471
tRNA-Cys-GCA-16-1|anticodon|part1	3	3	2.031	0.677	0.677
tRNA-Cys-GCA-16-1|variable_region|part1	4	4	-0.453	-0.11325	-0.11325
tRNA-Cys-GCA-16-1|t_arm|part1	17	17	9.044	0.532	0.532
tRNA-Cys-GCA-16-1|acceptor_stem_3p|part1	8	8	3.457	0.432125	0.432125
tRNA-Cys-GCA-22-1|acceptor_stem_5p|part1	7	7	1.007	0.143857	0.143857
tRNA-Cys-GCA-22-1|d_arm|part1	19	19	12.012	0.632211	0.632211
tRNA-Cys-GCA-22-1|anticodon_arm|part1	17	17	9.215	0.542059	0.542059
tRNA-Cys-GCA-22-1|anticodon|part1	3	3	2.019	0.673	0.673
tRNA-Cys-GCA-22-1|variable_region|part1	2	2	0.563	0.2815	0.2815
tRNA-Cys-GCA-22-1|t_arm|part1	17	17	5.983	0.351941	0.351941
tRNA-Cys-GCA-22-1|acceptor_stem_3p|part1	8	8	3.713	0.464125	0.464125
tRNA-Cys-GCA-15-1|acceptor_stem_5p|part1	7	7	0.584	0.0834286	0.0834286
tRNA-Cys-GCA-15-1|d_arm|part1	19	19	1.06	0.0557895	0.0557895
tRNA-Cys-GCA-15-1|anticodon_arm|part1	17	17	-3.976	-0.233882	-0.233882
tRNA-Cys-GCA-15-1|anticodon|part1	3	3	-1.098	-0.366	-0.366
tRNA-Cys-GCA-15-1|variable_region|part1	4	4	1.326	0.3315	0.3315
tRNA-Cys-GCA-15-1|t_arm|part1	17	17	2.778	0.163412	0.163412
tRNA-Cys-GCA-15-1|acceptor_stem_3p|part1	8	8	1.593	0.199125	0.199125
tRNA-Cys-GCA-3-1|acceptor_stem_3p|part1	8	8	2.166	0.27075	0.27075
tRNA-Cys-GCA-3-1|t_arm|part1	17	17	4.225	0.248529	0.248529
tRNA-Cys-GCA-3-1|variable_region|part1	4	4	-0.023	-0.00574999	-0.00574999
tRNA-Cys-GCA-3-1|anticodon_arm|part1	17	17	4.467	0.262765	0.262765
tRNA-Cys-GCA-3-1|anticodon|part1	3	3	0.762	0.254	0.254
tRNA-Cys-GCA-3-1|d_arm|part1	19	19	2.877	0.151421	0.151421
tRNA-Cys-GCA-3-1|acceptor_stem_5p|part1	7	7	1.736	0.248	0.248
tRNA-Cys-GCA-23-1|acceptor_stem_3p|part1	8	8	1.655	0.206875	0.206875
tRNA-Cys-GCA-23-1|t_arm|part1	17	17	-1.246	-0.0732941	-0.0732941
tRNA-Cys-GCA-23-1|variable_region|part1	4	4	2.384	0.596	0.596
tRNA-Cys-GCA-23-1|anticodon_arm|part1	17	17	8.799	0.517588	0.517588
tRNA-Cys-GCA-23-1|anticodon|part1	3	3	0.976	0.325333	0.325333
tRNA-Cys-GCA-23-1|d_arm|part1	19	19	5.716	0.300842	0.300842
tRNA-Cys-GCA-23-1|acceptor_stem_5p|part1	7	7	-1.326	-0.189429	-0.189429
tRNA-Cys-GCA-20-1|acceptor_stem_5p|part1	7	7	-1.555	-0.222143	-0.222143
tRNA-Cys-GCA-20-1|d_arm|part1	19	19	6.503	0.342263	0.342263
tRNA-Cys-GCA-20-1|anticodon_arm|part1	17	17	4.847	0.285118	0.285118
tRNA-Cys-GCA-20-1|anticodon|part1	3	3	1.019	0.339667	0.339667
tRNA-Cys-GCA-20-1|variable_region|part1	4	4	1.318	0.3295	0.3295
tRNA-Cys-GCA-20-1|t_arm|part1	17	17	5.716	0.336235	0.336235
tRNA-Cys-GCA-20-1|acceptor_stem_3p|part1	8	8	1.656	0.207	0.207
tRNA-Cys-GCA-19-1|acceptor_stem_3p|part1	8	8	3.882	0.48525	0.48525
tRNA-Cys-GCA-19-1|t_arm|part1	17	17	5.539	0.325824	0.325824
tRNA-Cys-GCA-19-1|variable_region|part1	4	4	1.866	0.4665	0.4665
tRNA-Cys-GCA-19-1|anticodon_arm|part1	17	17	4.643	0.273118	0.273118
tRNA-Cys-GCA-19-1|anticodon|part1	3	3	-0.392	-0.130667	-0.130667
tRNA-Cys-GCA-19-1|d_arm|part1	19	19	5.193	0.273316	0.273316
tRNA-Cys-GCA-19-1|acceptor_stem_5p|part1	7	7	3.14	0.448571	0.448571
tRNA-Cys-GCA-9-3|acceptor_stem_5p|part1	7	7	3.878	0.554	0.554
tRNA-Cys-GCA-9-3|d_arm|part1	19	19	8.964	0.471789	0.471789
tRNA-Cys-GCA-9-3|anticodon_arm|part1	17	17	9.735	0.572647	0.572647
tRNA-Cys-GCA-9-3|anticodon|part1	3	3	1.97	0.656667	0.656667
tRNA-Cys-GCA-9-3|variable_region|part1	4	4	2.538	0.6345	0.6345
tRNA-Cys-GCA-9-3|t_arm|part1	17	17	9.42	0.554118	0.554118
tRNA-Cys-GCA-9-3|acceptor_stem_3p|part1	8	8	3.294	0.41175	0.41175
tRNA-Cys-GCA-12-1|acceptor_stem_3p|part1	8	8	3.062	0.38275	0.38275
tRNA-Cys-GCA-12-1|t_arm|part1	17	17	5.148	0.302824	0.302824
tRNA-Cys-GCA-12-1|variable_region|part1	4	4	2.125	0.53125	0.53125
tRNA-Cys-GCA-12-1|anticodon_arm|part1	17	17	7.413	0.436059	0.436059
tRNA-Cys-GCA-12-1|anticodon|part1	3	3	1.569	0.523	0.523
tRNA-Cys-GCA-12-1|d_arm|part1	19	19	5.253	0.276474	0.276474
tRNA-Cys-GCA-12-1|acceptor_stem_5p|part1	7	7	2.792	0.398857	0.398857
tRNA-Cys-GCA-21-1|acceptor_stem_5p|part1	7	7	3.422	0.488857	0.488857
tRNA-Cys-GCA-21-1|d_arm|part1	19	19	6.801	0.357947	0.357947
tRNA-Cys-GCA-21-1|anticodon_arm|part1	17	17	8.338	0.490471	0.490471
tRNA-Cys-GCA-21-1|anticodon|part1	3	3	1.448	0.482667	0.482667
tRNA-Cys-GCA-21-1|variable_region|part1	4	4	1.87	0.4675	0.4675
tRNA-Cys-GCA-21-1|t_arm|part1	17	17	1.682	0.0989412	0.0989412
tRNA-Cys-GCA-21-1|acceptor_stem_3p|part1	8	8	3.584	0.448	0.448
tRNA-Cys-GCA-17-1|acceptor_stem_3p|part1	8	8	4.707	0.588375	0.588375
tRNA-Cys-GCA-17-1|t_arm|part1	17	17	3.081	0.181235	0.181235
tRNA-Cys-GCA-17-1|variable_region|part1	4	4	2.279	0.56975	0.56975
tRNA-Cys-GCA-17-1|anticodon_arm|part1	17	17	9.906	0.582706	0.582706
tRNA-Cys-GCA-17-1|anticodon|part1	3	3	1.682	0.560667	0.560667
tRNA-Cys-GCA-17-1|d_arm|part1	19	19	10.89	0.573158	0.573158
tRNA-Cys-GCA-17-1|acceptor_stem_5p|part1	7	7	1.621	0.231571	0.231571
tRNA-Cys-GCA-9-4|acceptor_stem_5p|part1	7	7	2.695	0.385	0.385
tRNA-Cys-GCA-9-4|d_arm|part1	19	19	10.976	0.577684	0.577684
tRNA-Cys-GCA-9-4|anticodon_arm|part1	17	17	8.954	0.526706	0.526706
tRNA-Cys-GCA-9-4|anticodon|part1	3	3	1.845	0.615	0.615
tRNA-Cys-GCA-9-4|variable_region|part1	4	4	2.378	0.5945	0.5945
tRNA-Cys-GCA-9-4|t_arm|part1	17	17	9.467	0.556882	0.556882
tRNA-Cys-GCA-9-4|acceptor_stem_3p|part1	8	8	2.958	0.36975	0.36975
tRNA-Tyr-GTA-9-1|acceptor_stem_3p|part1	8	8	1.814	0.22675	0.22675
tRNA-Tyr-GTA-9-1|t_arm|part1	17	17	-2.786	-0.163882	-0.163882
tRNA-Tyr-GTA-9-1|variable_region|part1	4	4	1.424	0.356	0.356
tRNA-Tyr-GTA-9-1|anticodon_arm|part2	6	6	-1.513	-0.252167	-0.252167
tRNA-Tyr-GTA-9-1|intron|part1	16	16	-3.752	-0.2345	-0.2345
tRNA-Tyr-GTA-9-1|anticodon_arm|part1	11	11	-2.409	-0.219	-0.219
tRNA-Tyr-GTA-9-1|anticodon|part1	3	3	-0.972	-0.324	-0.324
tRNA-Tyr-GTA-9-1|d_arm|part1	19	19	2.858	0.150421	0.150421
tRNA-Tyr-GTA-9-1|acceptor_stem_5p|part1	7	7	-0.087	-0.0124286	-0.0124286
tRX-Arg-NNN-1-1|acceptor_stem_3p|part1	8	8	4.362	0.54525	0.54525
tRX-Arg-NNN-1-1|t_arm|part1	17	17	2.951	0.173588	0.173588
tRX-Arg-NNN-1-1|variable_region|part1	5	5	-0.25	-0.05	-0.05
tRX-Arg-NNN-1-1|anticodon_arm|part1	17	17	4.97	0.292353	0.292353
tRX-Arg-NNN-1-1|anticodon|part1	3	3	0.329	0.109667	0.109667
tRX-Arg-NNN-1-1|d_arm|part1	19	19	7.157	0.376684	0.376684
tRX-Arg-NNN-1-1|acceptor_stem_5p|part1	7	7	-0.976	-0.139429	-0.139429
tRNA-Tyr-GTA-5-1|acceptor_stem_5p|part1	7	7	4.545	0.649286	0.649286
tRNA-Tyr-GTA-5-1|d_arm|part1	19	19	12.774	0.672316	0.672316
tRNA-Tyr-GTA-5-1|anticodon_arm|part1	11	11	7.555	0.686818	0.686818
tRNA-Tyr-GTA-5-1|anticodon|part1	3	3	2.091	0.697	0.697
tRNA-Tyr-GTA-5-1|intron|part1	20	20	5.697	0.28485	0.28485
tRNA-Tyr-GTA-5-1|anticodon_arm|part2	6	6	3.937	0.656167	0.656167
tRNA-Tyr-GTA-5-1|variable_region|part1	5	5	3.362	0.6724	0.6724
tRNA-Tyr-GTA-5-1|t_arm|part1	17	17	11.098	0.652824	0.652824
tRNA-Tyr-GTA-5-1|acceptor_stem_3p|part1	8	8	5.544	0.693	0.693
tRNA-Tyr-GTA-5-2|acceptor_stem_5p|part1	7	7	4.545	0.649286	0.649286
tRNA-Tyr-GTA-5-2|d_arm|part1	19	19	11.101	0.584263	0.584263
tRNA-Tyr-GTA-5-2|anticodon_arm|part1	11	11	7.555	0.686818	0.686818
tRNA-Tyr-GTA-5-2|anticodon|part1	3	3	2.091	0.697	0.697
tRNA-Tyr-GTA-5-2|intron|part1	16	16	3.131	0.195688	0.195688
tRNA-Tyr-GTA-5-2|anticodon_arm|part2	6	6	3.115	0.519167	0.519167
tRNA-Tyr-GTA-5-2|variable_region|part1	5	5	3.362	0.6724	0.6724
tRNA-Tyr-GTA-5-2|t_arm|part1	17	17	9.488	0.558118	0.558118
tRNA-Tyr-GTA-5-2|acceptor_stem_3p|part1	8	8	5.544	0.693	0.693
tRNA-Ala-AGC-8-2|acceptor_stem_5p|part1	7	7	4.787	0.683857	0.683857
tRNA-Ala-AGC-8-2|d_arm|part1	19	19	13.011	0.684789	0.684789
tRNA-Ala-AGC-8-2|anticodon_arm|part1	17	17	11.269	0.662882	0.662882
tRNA-Ala-AGC-8-2|anticodon|part1	3	3	2.025	0.675	0.675
tRNA-Ala-AGC-8-2|variable_region|part1	5	5	3.519	0.7038	0.7038
tRNA-Ala-AGC-8-2|t_arm|part1	17	17	11.134	0.654941	0.654941
tRNA-Ala-AGC-8-2|acceptor_stem_3p|part1	8	8	5.222	0.65275	0.65275
tRNA-Ser-AGA-2-5|acceptor_stem_3p|part1	8	8	5.312	0.664	0.664
tRNA-Ser-AGA-2-5|t_arm|part1	17	17	11.394	0.670235	0.670235
tRNA-Ser-AGA-2-5|variable_region|part1	14	14	9.319	0.665643	0.665643
tRNA-Ser-AGA-2-5|anticodon_arm|part1	17	17	11.504	0.676706	0.676706
tRNA-Ser-AGA-2-5|anticodon|part1	3	3	1.929	0.643	0.643
tRNA-Ser-AGA-2-5|d_arm|part1	19	19	12.438	0.654632	0.654632
tRNA-Ser-AGA-2-5|acceptor_stem_5p|part1	7	7	4.65	0.664286	0.664286
tRNA-Met-CAT-1-1|acceptor_stem_3p|part1	8	8	3.838	0.47975	0.47975
tRNA-Met-CAT-1-1|t_arm|part1	17	17	8.702	0.511882	0.511882
tRNA-Met-CAT-1-1|variable_region|part1	5	5	2.486	0.4972	0.4972
tRNA-Met-CAT-1-1|anticodon_arm|part1	17	17	8.862	0.521294	0.521294
tRNA-Met-CAT-1-1|anticodon|part1	3	3	1.578	0.526	0.526
tRNA-Met-CAT-1-1|d_arm|part1	19	19	9.415	0.495526	0.495526
tRNA-Met-CAT-1-1|acceptor_stem_5p|part1	7	7	2.798	0.399714	0.399714
tRNA-Phe-GAA-12-1|acceptor_stem_3p|part1	8	8	-0.978	-0.12225	-0.12225
tRNA-Phe-GAA-12-1|t_arm|part1	17	17	5.399	0.317588	0.317588
tRNA-Phe-GAA-12-1|variable_region|part1	8	8	1.369	0.171125	0.171125
tRNA-Phe-GAA-12-1|anticodon_arm|part1	17	17	4.403	0.259	0.259
tRNA-Phe-GAA-12-1|anticodon|part1	3	3	1.69	0.563333	0.563333
tRNA-Phe-GAA-12-1|d_arm|part1	19	19	4.498	0.236737	0.236737
tRNA-Phe-GAA-12-1|acceptor_stem_5p|part1	7	7	1.594	0.227714	0.227714
tRX-Und-NNN-6-1|acceptor_stem_5p|part1	7	7	-2.206	-0.315143	-0.315143
tRX-Und-NNN-6-1|d_arm|part1	19	19	1.68	0.088421	0.088421
tRX-Und-NNN-6-1|anticodon_arm|part1	17	17	6.394	0.376118	0.376118
tRX-Und-NNN-6-1|anticodon|part1	3	3	0.911	0.303667	0.303667
tRX-Und-NNN-6-1|variable_region|part1	11	11	2.173	0.197545	0.197545
tRX-Und-NNN-6-1|t_arm|part1	17	17	3.363	0.197824	0.197824
tRX-Und-NNN-6-1|acceptor_stem_3p|part1	8	8	0.783	0.097875	0.097875
tRNA-His-GTG-1-6|acceptor_stem_3p|part1	8	8	4.517	0.564625	0.564625
tRNA-His-GTG-1-6|t_arm|part1	17	17	11.394	0.670235	0.670235
tRNA-His-GTG-1-6|variable_region|part1	4	4	2.682	0.6705	0.6705
tRNA-His-GTG-1-6|anticodon_arm|part1	17	17	10.461	0.615353	0.615353
tRNA-His-GTG-1-6|anticodon|part1	3	3	1.954	0.651333	0.651333
tRNA-His-GTG-1-6|d_arm|part1	19	19	13.055	0.687105	0.687105
tRNA-His-GTG-1-6|acceptor_stem_5p|part1	7	7	4.57	0.652857	0.652857
tRNA-iMet-CAT-3-1|acceptor_stem_5p|part1	7	7	-2.324	-0.332	-0.332
tRNA-iMet-CAT-3-1|d_arm|part1	19	19	1.82	0.0957895	0.0957895
tRNA-iMet-CAT-3-1|anticodon_arm|part1	17	17	-4.047	-0.238059	-0.238059
tRNA-iMet-CAT-3-1|anticodon|part1	3	3	0.45	0.15	0.15
tRNA-iMet-CAT-3-1|variable_region|part1	7	7	-1.502	-0.214571	-0.214571
tRNA-iMet-CAT-3-1|t_arm|part1	17	17	1.831	0.107706	0.107706
tRNA-iMet-CAT-3-1|acceptor_stem_3p|part1	8	8	-1.136	-0.142	-0.142
tRNA-Arg-TCG-6-1|acceptor_stem_5p|part1	7	7	-2.411	-0.344429	-0.344429
tRNA-Arg-TCG-6-1|d_arm|part1	19	19	1.117	0.0587895	0.0587895
tRNA-Arg-TCG-6-1|anticodon_arm|part1	17	17	-1.159	-0.0681765	-0.0681765
tRNA-Arg-TCG-6-1|anticodon|part1	3	3	-3.96	-1.32	-1.32
tRNA-Arg-TCG-6-1|variable_region|part1	5	5	1.399	0.2798	0.2798
tRNA-Arg-TCG-6-1|t_arm|part1	17	17	1.258	0.074	0.074
tRNA-Arg-TCG-6-1|acceptor_stem_3p|part1	8	8	-5.979	-0.747375	-0.747375
tRX-Leu-NNN-1-1|acceptor_stem_3p|part1	8	8	2.179	0.272375	0.272375
tRX-Leu-NNN-1-1|t_arm|part1	17	17	-0.632	-0.0371765	-0.0371765
tRX-Leu-NNN-1-1|variable_region|part1	15	15	1.957	0.130467	0.130467
tRX-Leu-NNN-1-1|anticodon_arm|part1	17	17	-4.911	-0.288882	-0.288882
tRX-Leu-NNN-1-1|anticodon|part1	3	3	0.835	0.278333	0.278333
tRX-Leu-NNN-1-1|d_arm|part1	19	19	-3.833	-0.201737	-0.201737
tRX-Leu-NNN-1-1|acceptor_stem_5p|part1	7	7	-0.265	-0.0378571	-0.0378571
tRNA-Arg-TCT-3-1|acceptor_stem_3p|part1	8	8	2.287	0.285875	0.285875
tRNA-Arg-TCT-3-1|t_arm|part1	17	17	8.425	0.495588	0.495588
tRNA-Arg-TCT-3-1|variable_region|part1	5	5	2.573	0.5146	0.5146
tRNA-Arg-TCT-3-1|anticodon_arm|part2	6	6	2.067	0.3445	0.3445
tRNA-Arg-TCT-3-1|intron|part1	18	18	-3.466	-0.192556	-0.192556
tRNA-Arg-TCT-3-1|anticodon_arm|part1	11	11	5.19	0.471818	0.471818
tRNA-Arg-TCT-3-1|anticodon|part1	3	3	1.344	0.448	0.448
tRNA-Arg-TCT-3-1|d_arm|part1	19	19	6.999	0.368368	0.368368
tRNA-Arg-TCT-3-1|acceptor_stem_5p|part1	7	7	1.372	0.196	0.196
tRNA-Ile-GAT-1-1|acceptor_stem_3p|part1	8	8	-2.363	-0.295375	-0.295375
tRNA-Ile-GAT-1-1|t_arm|part1	17	17	-2.298	-0.135176	-0.135176
tRNA-Ile-GAT-1-1|variable_region|part1	6	6	1.027	0.171167	0.171167
tRNA-Ile-GAT-1-1|anticodon_arm|part1	17	17	-0.826	-0.0485882	-0.0485882
tRNA-Ile-GAT-1-1|anticodon|part1	3	3	0.991	0.330333	0.330333
tRNA-Ile-GAT-1-1|d_arm|part1	19	19	4.394	0.231263	0.231263
tRNA-Ile-GAT-1-1|acceptor_stem_5p|part1	7	7	0.399	0.057	0.057
tRX-Ile-NNN-2-1|acceptor_stem_3p|part1	8	8	-3.118	-0.38975	-0.38975
tRX-Ile-NNN-2-1|t_arm|part1	17	17	-2.166	-0.127412	-0.127412
tRX-Ile-NNN-2-1|variable_region|part1	6	6	-3.609	-0.6015	-0.6015
tRX-Ile-NNN-2-1|anticodon_arm|part1	17	17	-1.623	-0.0954706	-0.0954706
tRX-Ile-NNN-2-1|anticodon|part1	3	3	-0.066	-0.022	-0.022
tRX-Ile-NNN-2-1|d_arm|part1	19	19	-4.976	-0.261895	-0.261895
tRX-Ile-NNN-2-1|acceptor_stem_5p|part1	7	7	0.447	0.0638571	0.0638571
tRNA-Ile-GAT-1-2|acceptor_stem_3p|part1	8	8	-2.189	-0.273625	-0.273625
tRNA-Ile-GAT-1-2|t_arm|part1	17	17	-1.164	-0.0684706	-0.0684706
tRNA-Ile-GAT-1-2|variable_region|part1	6	6	0.1	0.0166667	0.0166667
tRNA-Ile-GAT-1-2|anticodon_arm|part1	17	17	-2.999	-0.176412	-0.176412
tRNA-Ile-GAT-1-2|anticodon|part1	3	3	0.132	0.044	0.044
tRNA-Ile-GAT-1-2|d_arm|part1	19	19	2.607	0.137211	0.137211
tRNA-Ile-GAT-1-2|acceptor_stem_5p|part1	7	7	-0.575	-0.0821429	-0.0821429
tRNA-Ile-GAT-1-3|acceptor_stem_3p|part1	8	8	-6.199	-0.774875	-0.774875
tRNA-Ile-GAT-1-3|t_arm|part1	17	17	-2.017	-0.118647	-0.118647
tRNA-Ile-GAT-1-3|variable_region|part1	6	6	0.919	0.153167	0.153167
tRNA-Ile-GAT-1-3|anticodon_arm|part1	17	17	2.194	0.129059	0.129059
tRNA-Ile-GAT-1-3|anticodon|part1	3	3	0.948	0.316	0.316
tRNA-Ile-GAT-1-3|d_arm|part1	19	19	-0.476	-0.0250526	-0.0250526
tRNA-Ile-GAT-1-3|acceptor_stem_5p|part1	7	7	0.188	0.0268571	0.0268571
tRNA-Val-TAC-1-2|acceptor_stem_3p|part1	8	8	4.475	0.559375	0.559375
tRNA-Val-TAC-1-2|t_arm|part1	17	17	10.293	0.605471	0.605471
tRNA-Val-TAC-1-2|variable_region|part1	5	5	3.285	0.657	0.657
tRNA-Val-TAC-1-2|anticodon_arm|part1	17	17	11.585	0.681471	0.681471
tRNA-Val-TAC-1-2|anticodon|part1	3	3	2.091	0.697	0.697
tRNA-Val-TAC-1-2|d_arm|part1	19	19	10.325	0.543421	0.543421
tRNA-Val-TAC-1-2|acceptor_stem_5p|part1	7	7	3.019	0.431286	0.431286
tRX-Pro-NNN-1-1|acceptor_stem_5p|part1	7	7	1.298	0.185429	0.185429
tRX-Pro-NNN-1-1|d_arm|part1	19	19	7.928	0.417263	0.417263
tRX-Pro-NNN-1-1|anticodon_arm|part1	17	17	6.078	0.357529	0.357529
tRX-Pro-NNN-1-1|anticodon|part1	3	3	1.236	0.412	0.412
tRX-Pro-NNN-1-1|variable_region|part1	1	1	0.756	0.756	0.756
tRX-Pro-NNN-1-1|t_arm|part1	17	17	5.599	0.329353	0.329353
tRX-Pro-NNN-1-1|acceptor_stem_3p|part1	8	8	2.914	0.36425	0.36425
tRNA-Und-NNN-4-1	70	70	-9.137	-0.130529	-0.130529
tRNA-Asn-GTT-5-1	74	74	22.65	0.306081	0.306081
tRNA-Glu-TTC-4-1	72	72	9.628	0.133722	0.133722
tRNA-Gly-CCC-1-1	71	71	6.129	0.0863239	0.0863239
tRNA-Val-CAC-11-1	73	73	-49.045	-0.671849	-0.671849
tRNA-Val-CAC-11-2	73	73	-38.828	-0.53189	-0.53189
tRNA-Gly-CCC-1-2	71	71	10.047	0.141507	0.141507
tRNA-Glu-TTC-3-1	72	72	20.188	0.280389	0.280389
tRNA-Asn-GTT-4-1	74	74	20.56	0.277838	0.277838
tRNA-Lys-CTT-12-1	76	76	-7.321	-0.0963289	-0.0963289
tRNA-Lys-CTT-7-1	73	73	-4.557	-0.0624247	-0.0624247
tRNA-Cys-GCA-7-1	73	73	5.778	0.0791507	0.0791507
tRNA-Arg-TCT-1-1	85	85	55.884	0.657459	0.657459
tRNA-Asn-GTT-7-1	74	74	-6.933	-0.0936892	-0.0936892
tRNA-Asn-GTT-11-1	74	74	12.671	0.17123	0.17123
tRX-Phe-NNN-2-1	80	80	-20.384	-0.2548	-0.2548
tRNA-Val-CAC-5-1	73	73	22.64	0.310137	0.310137
tRNA-Asn-GTT-27-1	74	74	5.925	0.0800676	0.0800676
tRNA-Gln-CTG-11-1	72	72	1.691	0.0234861	0.0234861
tRNA-Glu-TTC-7-1	72	72	-31.13	-0.432361	-0.432361
tRNA-Gln-CTG-4-2	72	72	22.735	0.315764	0.315764
tRNA-Asn-GTT-22-1	74	74	1.78	0.0240541	0.0240541
tRNA-Asn-GTT-6-1	74	74	16.876	0.228054	0.228054
tRNA-Glu-TTC-10-1	73	73	-15.147	-0.207493	-0.207493
tRNA-Phe-GAA-9-1	80	80	-6.44	-0.0805	-0.0805
tRNA-Val-CAC-4-1	73	73	21.378	0.292849	0.292849
tRNA-Asn-GTT-12-1	74	74	6.762	0.0913784	0.0913784
tRNA-Arg-CCT-7-1	71	71	1.854	0.0261127	0.0261127
tRNA-Asn-GTT-3-1	74	74	-6.839	-0.0924189	-0.0924189
tRNA-Asn-GTT-2-8	74	74	-5.489	-0.0741757	-0.0741757
tRNA-Asn-GTT-10-1	74	74	6.301	0.0851486	0.0851486
tRNA-Val-CAC-14-1	73	73	8.871	0.121521	0.121521
tRX-Phe-NNN-1-1	80	80	-11.973	-0.149663	-0.149663
tRNA-Glu-TTC-10-2	73	73	-42.465	-0.581712	-0.581712
tRNA-Asn-GTT-2-7	74	74	25.729	0.347689	0.347689
tRX-Gly-NNN-3-1	71	71	-17.635	-0.24838	-0.24838
tRNA-Gln-CTG-3-1	72	72	13.49	0.187361	0.187361
tRNA-Asn-GTT-9-1	74	74	-0.494	-0.00667567	-0.00667567
tRNA-Glu-CTC-1-1	72	72	33.572	0.466278	0.466278
tRNA-Gly-TCC-2-1	72	72	47.655	0.661875	0.661875
tRNA-His-GTG-1-1	72	72	47.622	0.661417	0.661417
tRNA-Lys-CTT-2-1	73	73	48.162	0.659753	0.659753
tRNA-Asn-GTT-24-1	74	74	-8.199	-0.110797	-0.110797
tRNA-Gly-CCC-8-1	71	71	-15.131	-0.213113	-0.213113
tRNA-His-GTG-1-2	72	72	21.741	0.301958	0.301958
tRNA-Arg-CCT-6-1	71	71	-12.39	-0.174507	-0.174507
tRX-Gly-NNN-1-2	71	71	-0.434	-0.00611267	-0.00611267
tRNA-Gln-CTG-3-2	72	72	19.829	0.275403	0.275403
tRNA-Asn-GTT-9-2	74	74	-10.039	-0.135662	-0.135662
tRX-Gly-NNN-2-1	72	72	-35.319	-0.490542	-0.490542
tRNA-Gln-CTG-4-1	72	72	9.243	0.128375	0.128375
tRNA-His-GTG-1-3	72	72	19.226	0.267028	0.267028
tRNA-His-GTG-1-4	72	72	12.913	0.179347	0.179347
tRNA-Glu-TTC-6-1	72	72	-15.176	-0.210778	-0.210778
tRNA-Gln-CTG-7-1	72	72	1.814	0.0251944	0.0251944
tRNA-Gln-CTG-9-1	72	72	-36.328	-0.504556	-0.504556
tRNA-Asn-GTT-21-1	74	74	-18.004	-0.243297	-0.243297
tRNA-Asn-GTT-2-1	74	74	19.519	0.26377	0.26377
tRNA-Asn-GTT-25-1	75	75	-3.982	-0.0530933	-0.0530933
tRNA-Asn-GTT-16-5	74	74	-19.33	-0.261216	-0.261216
tRNA-Asn-GTT-11-2	74	74	13.501	0.182446	0.182446
tRNA-Glu-TTC-8-1	73	73	-17.071	-0.233849	-0.233849
tRNA-Phe-GAA-10-1	80	80	-0.641	-0.0080125	-0.0080125
tRX-Val-NNN-4-1	71	71	-0.573	-0.00807042	-0.00807042
tRNA-Val-CAC-1-7	73	73	32.568	0.446137	0.446137
tRNA-Asn-GTT-8-1	74	74	19.289	0.260662	0.260662
tRNA-iMet-CAT-1-1	72	72	47.447	0.658986	0.658986
tRNA-Arg-TCT-4-1	74	74	49.159	0.664311	0.664311
tRNA-Val-CAC-1-1	73	73	38.383	0.525795	0.525795
tRNA-Und-NNN-3-1	73	73	-1.939	-0.0265616	-0.0265616
tRNA-Glu-TTC-4-2	72	72	22.005	0.305625	0.305625
tRNA-Asn-GTT-2-2	74	74	36.595	0.494527	0.494527
tRNA-Gly-TCC-4-1	72	72	27.714	0.384917	0.384917
tRNA-Asp-GTC-2-1	72	72	10.75	0.149306	0.149306
tRNA-Leu-CAG-1-1	83	83	20.674	0.249084	0.249084
tRNA-Gly-GCC-1-1	71	71	36.685	0.51669	0.51669
tRNA-Glu-CTC-1-2	72	72	22.364	0.310611	0.310611
tRNA-Gly-TCC-2-2	72	72	37.278	0.51775	0.51775
tRNA-Asp-GTC-2-2	72	72	31.078	0.431639	0.431639
tRNA-Leu-CAG-1-2	83	83	31.633	0.38112	0.38112
tRNA-Gly-GCC-1-2	71	71	35.468	0.499549	0.499549
tRNA-Glu-CTC-1-3	72	72	16.348	0.227056	0.227056
tRNA-Gly-TCC-2-3	72	72	24.464	0.339778	0.339778
tRNA-Asp-GTC-2-3	72	72	23.512	0.326556	0.326556
tRNA-Leu-CAG-1-3	83	83	33.201	0.400012	0.400012
tRNA-Gly-GCC-1-3	71	71	28.262	0.398056	0.398056
tRNA-Glu-CTC-1-4	72	72	32.997	0.458292	0.458292
tRNA-Gly-TCC-2-4	72	72	37.333	0.518514	0.518514
tRNA-Asp-GTC-2-4	72	72	14.037	0.194958	0.194958
tRNA-Leu-CAG-1-4	83	83	35.347	0.425867	0.425867
tRNA-Gly-GCC-1-4	71	71	22.646	0.318958	0.318958
tRNA-Glu-CTC-1-5	72	72	29.133	0.404625	0.404625
tRNA-Gly-TCC-2-5	72	72	18.289	0.254014	0.254014
tRNA-Asp-GTC-2-5	72	72	25.414	0.352972	0.352972
tRNA-Leu-CAG-1-5	83	83	32.314	0.389325	0.389325
tRNA-Gly-GCC-4-1	71	71	-6.381	-0.0898732	-0.0898732
tRNA-Gly-GCC-2-1	71	71	10.832	0.152563	0.152563
tRNA-Leu-CAG-1-6	83	83	35.358	0.426	0.426
tRNA-Gly-TCC-2-6	72	72	36.131	0.501819	0.501819
tRNA-Asn-GTT-1-1	74	74	39.981	0.540284	0.540284
tRX-Cys-NNN-3-1	71	71	3.446	0.0485352	0.0485352
tRNA-Leu-CAA-6-1	84	84	31.791	0.378464	0.378464
tRNA-Lys-CTT-13-1	73	73	-6.277	-0.0859863	-0.0859863
tRNA-Pro-CGG-1-1	72	72	47.822	0.664194	0.664194
tRNA-Pro-AGG-2-1	72	72	45.582	0.633083	0.633083
tRNA-Glu-TTC-12-1	76	76	7.154	0.0941316	0.0941316
tRNA-Lys-TTT-3-1	73	73	44.01	0.602877	0.602877
tRNA-Lys-TTT-3-2	73	73	44.115	0.604315	0.604315
tRNA-Pro-TGG-5-1	77	77	10.823	0.140558	0.140558
tRNA-Thr-TGT-2-1	73	73	33.885	0.464178	0.464178
tRNA-Leu-CAA-4-1	106	106	43.045	0.406085	0.406085
tRNA-Glu-CTC-2-1	72	72	42.883	0.595597	0.595597
tRNA-Val-TAC-3-1	73	73	-5.343	-0.0731918	-0.0731918
tRNA-Asn-GTT-2-3	74	74	49.2	0.664865	0.664865
tRX-Und-NNN-8-1	74	74	8.365	0.113041	0.113041
tRNA-Ser-TGA-1-1	82	82	54.108	0.659854	0.659854
tRX-Gln-NNN-2-1	78	78	11.525	0.147756	0.147756
tRNA-Lys-CTT-15-1	73	0	0	0	0
tRNA-Val-TAC-1-1	73	73	40.047	0.548589	0.548589
tRNA-Val-TAC-2-1	73	73	48.717	0.667356	0.667356
tRNA-Arg-TCT-3-2	86	86	49.215	0.572267	0.572267
tRNA-Leu-TAA-3-1	83	83	42.157	0.507916	0.507916
tRNA-Lys-TTT-5-1	73	73	45.625	0.625	0.625
tRNA-Phe-GAA-1-3	73	73	40.678	0.557233	0.557233
tRNA-Lys-TTT-3-4	73	73	48.863	0.669356	0.669356
tRNA-Phe-GAA-2-1	73	73	27.843	0.381411	0.381411
tRNA-Ser-GCT-3-1	82	82	47.647	0.581061	0.581061
tRNA-Pro-AGG-2-4	72	72	44.082	0.61225	0.61225
tRNA-Pro-TGG-2-1	72	72	45.982	0.638639	0.638639
tRX-Arg-NNN-2-1	79	79	3.031	0.0383671	0.0383671
tRNA-Lys-TTT-2-1	73	73	-11.122	-0.152356	-0.152356
tRNA-Lys-TTT-11-1	73	73	6.493	0.0889452	0.0889452
tRNA-Ser-CGA-4-1	82	82	53.768	0.655707	0.655707
tRNA-Asp-GTC-2-8	72	72	41.037	0.569958	0.569958
tRNA-Asp-GTC-1-1	72	72	47.753	0.663236	0.663236
tRNA-Trp-CCA-4-1	72	72	41.67	0.57875	0.57875
tRNA-Glu-CTC-16-1	71	71	-6.509	-0.0916761	-0.0916761
tRNA-Ala-TGC-3-2	72	72	42.771	0.594042	0.594042
tRNA-Asp-GTC-2-9	72	72	40.442	0.561694	0.561694
tRNA-Phe-GAA-1-4	73	73	41.146	0.563644	0.563644
tRNA-Asp-GTC-2-10	72	72	37.042	0.514472	0.514472
tRNA-Ala-TGC-4-1	72	72	35.58	0.494167	0.494167
tRNA-Ile-AAT-11-1	75	75	11.972	0.159627	0.159627
tRNA-Asn-GTT-2-4	74	74	40.081	0.541635	0.541635
tRNA-Glu-TTC-1-2	72	72	46.556	0.646611	0.646611
tRNA-Glu-TTC-2-1	72	72	47.853	0.664625	0.664625
tRNA-Phe-GAA-1-5	73	73	41.158	0.563808	0.563808
tRX-Ser-NNN-1-1	76	76	1.98	0.0260526	0.0260526
tRNA-Pro-AGG-2-5	72	72	43.958	0.610528	0.610528
tRNA-Leu-AAG-2-3	82	82	49.472	0.603317	0.603317
tRNA-Pro-AGG-2-6	72	72	38.92	0.540556	0.540556
tRNA-Thr-TGT-3-1	73	73	41.905	0.574041	0.574041
tRNA-Leu-TAG-2-1	82	82	51.138	0.623634	0.623634
tRNA-Thr-TGT-4-1	73	73	37.281	0.510699	0.510699
tRNA-Pro-TGG-1-1	72	72	45.172	0.627389	0.627389
tRNA-Tyr-GTA-5-3	94	94	15.416	0.164	0.164
tRNA-Tyr-GTA-4-1	94	94	24.778	0.263596	0.263596
tRNA-Tyr-GTA-7-1	94	94	10.626	0.113043	0.113043
tRNA-Tyr-GTA-5-4	94	94	12.969	0.137968	0.137968
tRNA-Leu-TAG-4-1	82	82	4.816	0.0587317	0.0587317
tRNA-Thr-TGT-5-1	73	73	48.895	0.669795	0.669795
tRNA-Tyr-GTA-5-5	89	89	30.498	0.342674	0.342674
tRNA-Pro-TGG-3-2	72	72	47.888	0.665111	0.665111
tRNA-Arg-ACG-1-3	73	73	47.859	0.655603	0.655603
tRNA-Glu-TTC-11-1	75	75	11.071	0.147613	0.147613
tRNA-Lys-CTT-1-1	73	73	46.08	0.631233	0.631233
tRNA-Cys-GCA-8-1	72	72	20.029	0.278181	0.278181
tRNA-Ala-AGC-15-1	73	73	12.42	0.170137	0.170137
tRNA-Ile-AAT-5-4	74	74	49.135	0.663986	0.663986
tRNA-Glu-TTC-2-2	72	72	48.231	0.669875	0.669875
tRNA-Ser-GCT-4-2	82	82	53.992	0.658439	0.658439
tRNA-His-GTG-1-7	72	72	48.275	0.670486	0.670486
tRNA-His-GTG-1-8	72	72	43.087	0.598431	0.598431
tRNA-His-GTG-1-9	72	72	46.223	0.641986	0.641986
tRNA-Gln-CTG-1-4	72	72	42.426	0.58925	0.58925
tRNA-Lys-CTT-16-1	74	74	9.688	0.130919	0.130919
tRNA-Lys-CTT-1-2	73	73	46.893	0.64237	0.64237
tRNA-Cys-GCA-5-1	73	73	-1.364	-0.0186849	-0.0186849
tRNA-Arg-TCG-1-1	73	73	44.677	0.612014	0.612014
tRX-Lys-NNN-3-1	73	73	0.947	0.0129726	0.0129726
tRNA-Gly-CCC-2-2	71	71	41.488	0.584338	0.584338
tRNA-Arg-CCG-1-3	73	73	47.704	0.653479	0.653479
tRNA-Arg-CCT-3-1	73	73	38.178	0.522986	0.522986
tRNA-Lys-CTT-3-1	73	73	26.069	0.35711	0.35711
tRNA-Pro-TGG-3-3	72	72	21.652	0.300722	0.300722
tRNA-Lys-CTT-8-1	73	73	10.616	0.145425	0.145425
tRNA-Pro-TGG-4-1	71	71	1.976	0.027831	0.027831
tRNA-Pro-CGG-1-2	72	72	22.634	0.314361	0.314361
tRNA-Lys-CTT-2-5	73	73	23.719	0.324918	0.324918
tRNA-Lys-CTT-5-1	73	73	9.282	0.127151	0.127151
tRNA-Pro-AGG-2-7	72	72	14.378	0.199694	0.199694
tRNA-Pro-TGG-3-4	72	72	6.283	0.0872639	0.0872639
tRNA-Pro-TGG-3-5	72	72	5.044	0.0700556	0.0700556
tRNA-Pro-AGG-2-8	72	72	33.925	0.471181	0.471181
tRNA-Lys-CTT-4-1	73	73	29.45	0.403425	0.403425
tRNA-Pro-AGG-1-1	72	72	-5.392	-0.0748889	-0.0748889
tRNA-Arg-CCT-5-1	73	73	10.481	0.143575	0.143575
tRNA-Lys-CTT-14-1	73	73	2.51	0.0343836	0.0343836
tRNA-Thr-CGT-2-1	72	72	47.672	0.662111	0.662111
tRNA-Leu-TAG-3-1	82	82	53.479	0.652183	0.652183
tRNA-Leu-AAG-2-4	82	82	53.336	0.650439	0.650439
tRNA-Leu-CAG-2-1	83	83	48.09	0.579398	0.579398
tRNA-Leu-CAG-2-2	83	83	49.461	0.595916	0.595916
tRNA-Gly-GCC-3-1	71	71	30.117	0.424183	0.424183
tRNA-Gly-GCC-2-4	71	71	45.663	0.643141	0.643141
tRNA-Gly-GCC-5-1	71	71	40.3	0.567606	0.567606
tRNA-Gly-GCC-2-5	71	71	21.082	0.29693	0.29693
tRNA-Met-CAT-2-1	73	73	41.761	0.572068	0.572068
tRNA-Lys-TTT-1-1	73	73	16.169	0.221493	0.221493
tRNA-Met-CAT-6-1	73	73	12.647	0.173247	0.173247
tRNA-Lys-TTT-3-5	73	73	48.884	0.669644	0.669644
tRNA-Gln-CTG-1-5	72	72	47.653	0.661847	0.661847
tRNA-Leu-TAG-1-1	82	82	54.507	0.66472	0.66472
tRNA-Arg-TCT-2-1	88	88	48.722	0.553659	0.553659
tRNA-Gly-GCC-2-6	71	71	46.221	0.651	0.651
tRNA-Ser-CGA-1-1	82	82	54.309	0.662305	0.662305
tRNA-Thr-AGT-5-1	74	74	31.55	0.426351	0.426351
tRNA-Trp-CCA-3-3	72	72	47.786	0.663694	0.663694
tRNA-Ser-GCT-4-3	82	82	51.278	0.625341	0.625341
tRNA-Thr-AGT-1-1	74	74	44.433	0.600446	0.600446
tRNA-Ile-AAT-5-5	74	74	40.514	0.547486	0.547486
tRX-Ile-NNN-4-1	87	87	-13.875	-0.159483	-0.159483
tRNA-Trp-CCA-1-1	72	72	45.221	0.628069	0.628069
tRNA-Gly-TCC-3-1	72	72	43.343	0.601986	0.601986
tRNA-Asp-GTC-2-11	72	72	38.003	0.527819	0.527819
tRNA-Pro-CGG-1-3	72	72	47.641	0.661681	0.661681
tRNA-Thr-AGT-1-2	74	74	44.167	0.596851	0.596851
tRNA-Ser-AGA-2-6	82	82	49.637	0.605329	0.605329
tRNA-Ile-AAT-4-1	74	74	36.248	0.489838	0.489838
tRNA-Trp-CCA-2-1	72	72	47.888	0.665111	0.665111
tRNA-Gly-CCC-3-1	71	71	6.288	0.0885634	0.0885634
tRNA-Thr-CGT-4-1	72	72	47.872	0.664889	0.664889
tRNA-Asn-GTT-2-5	74	74	48.406	0.654135	0.654135
tRNA-Cys-GCA-14-1	72	72	27.14	0.376944	0.376944
tRNA-Cys-GCA-2-2	72	72	43.603	0.605597	0.605597
tRNA-Cys-GCA-4-1	72	72	46.778	0.649694	0.649694
tRNA-Cys-GCA-2-3	72	72	48.016	0.666889	0.666889
tRNA-Cys-GCA-2-4	72	72	39.392	0.547111	0.547111
tRX-Val-NNN-3-1	73	73	-9.986	-0.136795	-0.136795
tRNA-Gln-TTG-1-1	72	72	48.057	0.667458	0.667458
tRNA-Arg-CCG-2-1	73	73	44.371	0.607822	0.607822
tRNA-Arg-CCT-1-1	73	73	44.621	0.611247	0.611247
tRNA-Arg-CCT-2-1	73	73	41.987	0.575164	0.575164
tRNA-Arg-TCG-3-1	73	73	44.87	0.614658	0.614658
tRNA-iMet-CAT-1-8	72	72	39.611	0.550153	0.550153
tRNA-Gly-TCC-5-1	72	8	-1.539	-0.021375	-0.192375
tRNA-Gly-TCC-6-1	72	72	3.491	0.0484861	0.0484861
tRNA-Phe-GAA-1-6	73	73	30.208	0.413808	0.413808
tRNA-Asn-GTT-2-6	74	74	49.045	0.66277	0.66277
tRNA-Gly-TCC-1-1	72	72	43.193	0.599903	0.599903
tRNA-Val-CAC-3-1	73	73	15.835	0.216918	0.216918
tRNA-Thr-AGT-1-3	74	74	45.35	0.612838	0.612838
tRNA-Lys-CTT-10-1	73	73	-5.189	-0.0710822	-0.0710822
tRNA-Ile-TAT-1-1	93	93	53.531	0.575602	0.575602
tRNA-Lys-TTT-10-1	73	73	-3.115	-0.0426712	-0.0426712
tRNA-SeC-TCA-1-1	87	87	52.377	0.602034	0.602034
tRNA-Lys-TTT-12-1	73	73	15.221	0.208507	0.208507
tRNA-Lys-CTT-11-1	74	74	-4.479	-0.060527	-0.060527
tRNA-Asn-GTT-26-1	74	74	-4.073	-0.0550405	-0.0550405
tRNA-Glu-TTC-14-1	72	72	18.282	0.253917	0.253917
tRNA-Tyr-GTA-2-1	89	89	22.233	0.249809	0.249809
tRNA-Ala-AGC-8-1	73	73	40.356	0.552822	0.552822
tRNA-Ile-TAT-2-1	93	93	50.215	0.539946	0.539946
tRNA-Gln-TTG-5-1	73	73	11.627	0.159274	0.159274
tRNA-Gly-CCC-2-1	71	71	47.475	0.668662	0.668662
tRNA-Glu-TTC-13-1	73	73	1.813	0.0248356	0.0248356
tRNA-Pro-AGG-4-1	72	2	-0.733	-0.0101806	-0.3665
tRNA-Glu-TTC-1-1	72	72	36.775	0.510764	0.510764
tRNA-Ala-CGC-3-1	72	72	43.775	0.607986	0.607986
tRNA-Gly-GCC-2-2	71	71	43.291	0.609732	0.609732
tRNA-Glu-CTC-7-1	73	73	-17.553	-0.240452	-0.240452
tRNA-Glu-TTC-9-1	73	73	-8.961	-0.122753	-0.122753
tRNA-Gln-CTG-16-1	68	68	16.466	0.242147	0.242147
tRNA-Lys-TTT-15-1	73	73	3.993	0.0546986	0.0546986
tRNA-Gln-CTG-17-1	78	78	5.124	0.0656923	0.0656923
tRNA-Leu-AAG-6-1	82	82	-0.158	-0.00192683	-0.00192683
tRNA-Gly-GCC-1-5	71	71	6.231	0.0877606	0.0877606
tRX-Und-NNN-9-1	79	79	19.295	0.244241	0.244241
tRNA-Cys-GCA-25-1	80	80	-5.262	-0.065775	-0.065775
tRNA-Arg-ACG-2-1	73	73	48.615	0.665959	0.665959
tRX-Und-NNN-7-1	75	75	4.469	0.0595867	0.0595867
tRX-Pro-NNN-2-1	73	73	0.506	0.00693151	0.00693151
tRNA-Cys-GCA-6-1	72	72	40.287	0.559542	0.559542
tRNA-Cys-GCA-9-1	72	72	41.114	0.571028	0.571028
tRNA-Val-AAC-1-1	73	73	42.452	0.581534	0.581534
tRNA-Gln-TTG-6-1	73	73	12.171	0.166726	0.166726
tRNA-Cys-GCA-2-1	72	72	1.474	0.0204722	0.0204722
tRNA-Lys-CTT-9-1	73	73	-5.522	-0.0756438	-0.0756438
tRNA-Gln-CTG-13-1	72	72	15.866	0.220361	0.220361
tRNA-Cys-ACA-1-1	176	176	7.081	0.040233	0.040233
tRNA-Val-CAC-1-2	73	73	0.486	0.00665754	0.00665754
tRNA-Leu-AAG-1-1	82	82	8.185	0.0998171	0.0998171
tRNA-Leu-AAG-1-2	82	82	4.416	0.0538537	0.0538537
tRNA-Val-CAC-1-3	73	73	7.021	0.0961781	0.0961781
tRNA-Val-AAC-1-2	73	73	12.998	0.178055	0.178055
tRNA-Leu-AAG-7-1	85	85	-41.037	-0.482788	-0.482788
tRNA-Val-AAC-1-3	73	73	2.097	0.028726	0.028726
tRNA-Val-CAC-1-4	73	73	15.068	0.206411	0.206411
tRNA-Leu-AAG-1-3	82	82	4.521	0.0551341	0.0551341
tRNA-Leu-AAG-2-1	82	82	12.955	0.157988	0.157988
tRNA-Val-AAC-2-1	73	73	7.141	0.0978219	0.0978219
tRNA-Pro-TGG-3-1	72	72	37.418	0.519694	0.519694
tRNA-Thr-TGT-6-1	72	72	34.999	0.486097	0.486097
tRNA-Ala-TGC-3-1	72	72	36.591	0.508208	0.508208
tRNA-Lys-CTT-2-2	73	73	28.916	0.39611	0.39611
tRNA-Val-AAC-1-4	73	73	-16.85	-0.230822	-0.230822
tRNA-Lys-CTT-2-3	73	73	18.293	0.250589	0.250589
tRNA-Val-CAC-1-5	73	73	29.305	0.401438	0.401438
tRNA-Gln-CTG-1-1	72	72	8.254	0.114639	0.114639
tRNA-iMet-CAT-1-2	72	72	46.856	0.650778	0.650778
tRNA-Arg-TCG-4-1	73	73	20.406	0.279534	0.279534
tRNA-Ser-GCT-6-1	84	84	33.801	0.402393	0.402393
tRNA-Gln-TTG-3-1	72	72	30.251	0.420153	0.420153
tRNA-Gln-TTG-3-2	72	72	21.154	0.293806	0.293806
tRNA-Ser-TGA-3-1	82	82	47.412	0.578195	0.578195
tRNA-iMet-CAT-1-3	72	72	29.856	0.414667	0.414667
tRNA-Trp-CCA-3-1	72	72	23.805	0.330625	0.330625
tRNA-Arg-TCG-2-1	73	73	27.76	0.380274	0.380274
tRNA-Ser-AGA-2-1	82	82	40.222	0.490512	0.490512
tRNA-Arg-ACG-1-1	73	73	42.062	0.576192	0.576192
tRNA-iMet-CAT-1-4	72	72	26.42	0.366944	0.366944
tRNA-Trp-CCA-3-2	72	72	38.88	0.54	0.54
tRNA-Leu-CAG-1-7	83	83	54.716	0.659229	0.659229
tRNA-Thr-AGT-2-1	74	74	48.579	0.656473	0.656473
tRNA-Arg-ACG-1-2	73	73	48.104	0.658959	0.658959
tRNA-Val-CAC-1-6	73	73	48.912	0.670027	0.670027
tRNA-Ala-CGC-1-1	72	72	45.69	0.634583	0.634583
tRNA-Ile-AAT-5-1	74	74	44.454	0.60073	0.60073
tRNA-Pro-AGG-2-2	72	72	45.63	0.63375	0.63375
tRNA-Lys-CTT-2-4	73	73	36.312	0.497425	0.497425
tRNA-Tyr-GTA-1-1	91	91	32.949	0.362077	0.362077
tRNA-Ala-AGC-11-1	73	73	32.406	0.443918	0.443918
tRNA-Tyr-GTA-8-1	90	90	-17.453	-0.193922	-0.193922
tRNA-Tyr-GTA-3-1	89	89	22.332	0.250921	0.250921
tRNA-Tyr-GTA-6-1	89	89	24.153	0.271382	0.271382
tRNA-Ala-AGC-14-1	73	73	16.808	0.230247	0.230247
tRNA-Ala-AGC-12-1	73	73	27.532	0.377151	0.377151
tRNA-Ala-AGC-10-1	73	73	14.598	0.199973	0.199973
tRNA-Met-CAT-5-1	73	73	18.341	0.251247	0.251247
tRNA-Ala-AGC-13-1	73	73	21.742	0.297836	0.297836
tRNA-Ile-AAT-7-1	74	74	13.479	0.182149	0.182149
tRNA-Ala-AGC-9-1	73	73	18.276	0.250356	0.250356
tRNA-Met-CAT-4-1	73	73	17.818	0.244082	0.244082
tRNA-Met-CAT-4-2	73	73	15.109	0.206973	0.206973
tRNA-Ile-AAT-6-1	74	74	11.751	0.158797	0.158797
tRNA-Met-CAT-4-3	73	73	17.907	0.245301	0.245301
tRNA-Ala-AGC-9-2	73	73	13.072	0.179068	0.179068
tRNA-Ile-AAT-7-2	74	74	10.346	0.139811	0.139811
tRNA-Ala-AGC-13-3	73	73	25.142	0.344411	0.344411
tRNA-Met-CAT-5-2	73	73	9.688	0.132712	0.132712
tRNA-Ala-AGC-10-2	73	73	20.506	0.280904	0.280904
tRNA-Ala-AGC-12-2	73	73	24.767	0.339274	0.339274
tRNA-Ala-AGC-14-2	73	73	27.308	0.374082	0.374082
tRNA-Ile-TAT-2-2	94	94	57.952	0.616511	0.616511
tRNA-Pro-CGG-2-1	72	72	45.99	0.63875	0.63875
tRNA-Ser-GCT-1-1	82	82	35.938	0.438268	0.438268
tRNA-His-GTG-1-5	72	72	22.68	0.315	0.315
tRNA-Thr-AGT-6-1	74	74	48.656	0.657514	0.657514
tRNA-Ile-AAT-5-2	74	74	30.046	0.406027	0.406027
tRNA-Val-CAC-6-1	73	73	12.946	0.177342	0.177342
tRNA-Ser-CGA-2-1	82	82	29.897	0.364598	0.364598
tRNA-Arg-ACG-2-2	73	73	-0.452	-0.00619178	-0.00619178
tRNA-Arg-ACG-2-3	73	73	19.752	0.270575	0.270575
tRNA-Leu-TAA-4-1	83	83	18.122	0.218337	0.218337
tRNA-Val-AAC-5-1	73	73	12.702	0.174	0.174
tRNA-Ile-AAT-5-3	74	74	6.99	0.0944595	0.0944595
tRNA-Ile-AAT-9-1	74	74	-10.904	-0.147351	-0.147351
tRNA-Ile-AAT-3-1	74	74	25.384	0.343027	0.343027
tRNA-Val-CAC-2-1	73	73	9.127	0.125027	0.125027
tRNA-Ile-AAT-10-1	74	74	-5.455	-0.0737162	-0.0737162
tRNA-Val-TAC-4-1	73	73	11.913	0.163192	0.163192
tRNA-Ser-ACT-1-1	74	74	-0.892	-0.012054	-0.012054
tRNA-Gln-CTG-5-1	72	72	18.01	0.250139	0.250139
tRNA-Ser-GCT-2-1	82	82	43.548	0.531073	0.531073
tRNA-iMet-CAT-1-5	72	72	37.779	0.524708	0.524708
tRNA-Lys-TTT-6-1	73	73	18.499	0.253411	0.253411
tRNA-Ser-AGA-2-2	82	82	52.518	0.640463	0.640463
tRNA-Asp-GTC-2-6	72	72	47.04	0.653333	0.653333
tRNA-Ser-AGA-2-3	82	82	50.178	0.611927	0.611927
tRNA-Ser-AGA-2-4	82	82	12.51	0.152561	0.152561
tRNA-Asp-GTC-2-7	72	72	-5.552	-0.0771111	-0.0771111
tRNA-Ser-TGA-4-1	82	82	19.954	0.243341	0.243341
tRNA-Gln-CTG-1-2	72	72	48.136	0.668556	0.668556
tRNA-Ser-AGA-3-1	82	82	43.276	0.527756	0.527756
tRNA-Ser-AGA-1-1	82	82	40.29	0.491341	0.491341
tRNA-Ser-TGA-2-1	82	82	42.758	0.521439	0.521439
tRNA-Gln-CTG-2-1	72	72	39.619	0.550264	0.550264
tRNA-Ser-AGA-4-1	82	82	40.497	0.493866	0.493866
tRNA-Arg-TCT-5-1	87	87	24.119	0.27723	0.27723
tRNA-Asp-GTC-3-1	72	72	22.676	0.314944	0.314944
tRNA-Lys-TTT-4-1	73	73	36.464	0.499507	0.499507
tRNA-iMet-CAT-1-6	72	72	46.733	0.649069	0.649069
tRNA-Leu-CAA-3-1	107	107	22.685	0.212009	0.212009
tRNA-Leu-CAA-2-1	108	108	16.73	0.154907	0.154907
tRNA-Thr-CGT-5-1	74	74	-13.211	-0.178527	-0.178527
tRNA-Ile-TAT-2-3	94	94	59.673	0.634819	0.634819
tRNA-Val-AAC-3-1	73	73	33	0.452055	0.452055
tRNA-Phe-GAA-7-1	76	76	16.977	0.223382	0.223382
tRNA-Ile-AAT-8-1	74	74	27.92	0.377297	0.377297
tRNA-Arg-ACG-2-4	73	73	48.615	0.665959	0.665959
tRNA-Ser-CGA-3-1	82	82	-0.0280001	-0.000341465	-0.000341465
tRNA-Val-AAC-4-1	73	73	17.538	0.240247	0.240247
tRNA-Thr-AGT-2-2	74	74	33.495	0.452635	0.452635
tRNA-Ile-AAT-2-1	74	74	15.844	0.214108	0.214108
tRNA-Leu-TAA-2-1	83	83	50.091	0.603506	0.603506
tRNA-Thr-AGT-4-1	74	74	28.887	0.390365	0.390365
tRNA-Val-AAC-1-5	73	73	29.084	0.398411	0.398411
tRNA-iMet-CAT-2-1	72	72	39.574	0.549639	0.549639
tRNA-Gln-CTG-6-1	72	72	9.06	0.125833	0.125833
tRNA-Gln-TTG-3-3	72	72	46.791	0.649875	0.649875
tRNA-iMet-CAT-1-7	72	72	30.399	0.422208	0.422208
tRNA-Gly-GCC-2-3	71	71	41.824	0.58907	0.58907
tRNA-Ser-GCT-5-1	82	82	46.669	0.569134	0.569134
tRNA-Thr-TGT-1-1	74	74	32.862	0.444081	0.444081
tRNA-Leu-AAG-4-1	82	82	16.965	0.20689	0.20689
tRX-Met-NNN-1-1	73	73	4.525	0.0619863	0.0619863
tRNA-Thr-CGT-1-1	74	74	42.677	0.576716	0.576716
tRNA-Ile-TAT-3-1	94	94	27.577	0.293372	0.293372
tRNA-Arg-TCG-5-1	73	73	48.633	0.666205	0.666205
tRNA-Gln-TTG-2-1	72	72	44.36	0.616111	0.616111
tRNA-Ser-GCT-4-1	82	82	49.469	0.60328	0.60328
tRNA-Ala-AGC-3-1	72	72	43.844	0.608944	0.608944
tRNA-Ala-TGC-9-1	73	73	3.922	0.053726	0.053726
tRNA-Ala-TGC-2-1	72	72	23.002	0.319472	0.319472
tRNA-Thr-CGT-3-1	74	74	36.477	0.492932	0.492932
tRNA-Ala-AGC-4-1	72	72	48.027	0.667042	0.667042
tRNA-Ala-CGC-2-1	72	72	47.74	0.663056	0.663056
tRNA-Lys-TTT-13-1	74	74	-7.283	-0.0984189	-0.0984189
tRNA-Ala-AGC-5-1	72	72	29.213	0.405736	0.405736
tRNA-Ala-AGC-7-1	72	72	16.559	0.229986	0.229986
tRNA-Thr-AGT-3-1	74	74	35.308	0.477135	0.477135
tRNA-Phe-GAA-11-1	73	73	4.271	0.0585068	0.0585068
tRNA-Ala-CGC-4-1	72	72	26.304	0.365333	0.365333
tRNA-Arg-CCG-1-1	73	73	9.963	0.136479	0.136479
tRNA-Lys-TTT-7-1	73	73	16.992	0.232767	0.232767
tRNA-Ala-TGC-6-1	72	72	30.796	0.427722	0.427722
tRNA-Phe-GAA-6-1	74	74	5.653	0.0763919	0.0763919
tRNA-Ala-AGC-23-1	72	72	-22	-0.305556	-0.305556
tRNA-Ala-TGC-1-1	72	72	8.57	0.119028	0.119028
tRNA-Phe-GAA-1-1	73	73	34.42	0.471507	0.471507
tRNA-Ala-AGC-1-1	72	72	5.718	0.0794167	0.0794167
tRNA-Ala-TGC-7-1	71	71	14.179	0.199704	0.199704
tRNA-Phe-GAA-3-1	73	73	24.589	0.336836	0.336836
tRNA-Ala-AGC-6-1	72	72	16.267	0.225931	0.225931
tRNA-Ala-TGC-5-1	72	72	16.499	0.229153	0.229153
tRNA-Phe-GAA-4-1	74	74	4.661	0.0629865	0.0629865
tRNA-Ala-AGC-2-1	72	72	47.655	0.661875	0.661875
tRNA-Ala-AGC-2-2	72	72	47.655	0.661875	0.661875
tRNA-Arg-CCG-1-2	73	73	47.995	0.657466	0.657466
tRNA-Leu-CAA-1-1	106	106	51.93	0.489906	0.489906
tRNA-Leu-CAA-1-2	105	105	49.041	0.467057	0.467057
tRNA-Gln-CTG-1-3	72	72	48.633	0.675458	0.675458
tRNA-Leu-AAG-2-2	82	82	52.004	0.634195	0.634195
tRNA-Met-CAT-3-1	73	73	46.498	0.636959	0.636959
tRNA-Lys-TTT-3-3	73	73	47.318	0.648192	0.648192
tRNA-Met-CAT-3-2	73	73	47.892	0.656055	0.656055
tRNA-Phe-GAA-1-2	73	73	47.204	0.64663	0.64663
tRNA-Glu-CTC-1-6	72	72	45.096	0.626333	0.626333
tRNA-Leu-AAG-3-1	82	82	46.323	0.564915	0.564915
tRNA-Gln-TTG-10-1	73	73	15.347	0.210233	0.210233
tRNA-Ile-AAT-12-1	74	0	0	0	0
tRX-Met-NNN-2-1	74	73	8.408	0.113622	0.115178
tRNA-Ala-AGC-24-1	73	73	14.241	0.195082	0.195082
tRNA-Ile-AAT-1-1	74	74	14.442	0.195162	0.195162
tRNA-Ala-AGC-13-2	73	73	15.75	0.215753	0.215753
tRNA-Met-CAT-7-1	73	73	-16.408	-0.224767	-0.224767
tRNA-Ala-AGC-12-3	73	73	15.704	0.215123	0.215123
tRNA-Ala-AGC-16-1	73	73	17.376	0.238027	0.238027
tRNA-Leu-TAA-5-1	83	83	-9.784	-0.11788	-0.11788
tRNA-Phe-GAA-8-1	73	73	-13.641	-0.186863	-0.186863
tRNA-Glu-CTC-1-7	72	72	41.732	0.579611	0.579611
tRNA-Leu-TAA-1-1	83	83	51.13	0.616024	0.616024
tRNA-Gln-TTG-4-1	72	72	-3.214	-0.0446389	-0.0446389
tRX-Lys-NNN-5-1	84	84	1.776	0.0211429	0.0211429
tRX-Trp-NNN-1-1	72	72	6.957	0.096625	0.096625
tRX-Lys-NNN-4-1	73	73	-11.153	-0.152781	-0.152781
tRNA-Trp-CCA-5-1	72	72	24.591	0.341542	0.341542
tRNA-Pro-AGG-2-3	72	72	39.513	0.548792	0.548792
tRNA-Arg-CCT-4-1	73	73	48.815	0.668699	0.668699
tRNA-Cys-GCA-1-1	72	72	34.301	0.476403	0.476403
tRNA-Cys-GCA-9-2	72	72	34.989	0.485958	0.485958
tRNA-Cys-GCA-13-1	72	72	40.339	0.560264	0.560264
tRNA-Tyr-GTA-11-1	77	77	0.642	0.00833766	0.00833766
tRNA-Cys-GCA-18-1	72	72	37.427	0.519819	0.519819
tRNA-Cys-GCA-10-1	72	70	20.267	0.281486	0.289529
tRNA-Cys-GCA-11-1	72	72	31.395	0.436042	0.436042
tRNA-Cys-GCA-16-1	72	72	37.562	0.521694	0.521694
tRNA-Cys-GCA-22-1	70	70	32.493	0.464186	0.464186
tRNA-Cys-GCA-15-1	72	72	3.365	0.0467361	0.0467361
tRNA-Cys-GCA-3-1	72	72	15.448	0.214556	0.214556
tRNA-Cys-GCA-23-1	72	72	15.982	0.221972	0.221972
tRNA-Cys-GCA-20-1	72	72	18.485	0.256736	0.256736
tRNA-Cys-GCA-19-1	72	72	24.263	0.336986	0.336986
tRNA-Cys-GCA-9-3	72	72	37.829	0.525403	0.525403
tRNA-Cys-GCA-12-1	72	72	25.793	0.358236	0.358236
tRNA-Cys-GCA-21-1	72	72	25.697	0.356903	0.356903
tRNA-Cys-GCA-17-1	72	72	32.484	0.451167	0.451167
tRNA-Cys-GCA-9-4	72	72	37.428	0.519833	0.519833
tRNA-Tyr-GTA-9-1	88	88	-4.451	-0.0505795	-0.0505795
tRX-Arg-NNN-1-1	73	73	18.214	0.249507	0.249507
tRNA-Tyr-GTA-5-1	93	93	54.512	0.586151	0.586151
tRNA-Tyr-GTA-5-2	89	89	47.841	0.537539	0.537539
tRNA-Ala-AGC-8-2	73	73	48.942	0.670438	0.670438
tRNA-Ser-AGA-2-5	82	82	54.617	0.666061	0.666061
tRNA-Met-CAT-1-1	73	73	36.101	0.494534	0.494534
tRNA-Phe-GAA-12-1	76	76	16.285	0.214276	0.214276
tRX-Und-NNN-6-1	79	79	12.187	0.154266	0.154266
tRNA-His-GTG-1-6	72	72	46.679	0.648319	0.648319
tRNA-iMet-CAT-3-1	75	75	-5.358	-0.07144	-0.07144
tRNA-Arg-TCG-6-1	73	73	-5.775	-0.0791096	-0.0791096
tRX-Leu-NNN-1-1	83	83	-5.505	-0.0663253	-0.0663253
tRNA-Arg-TCT-3-1	91	91	25.447	0.279637	0.279637
tRNA-Ile-GAT-1-1	74	74	0.333	0.0045	0.0045
tRX-Ile-NNN-2-1	74	74	-15.045	-0.203311	-0.203311
tRNA-Ile-GAT-1-2	74	74	-4.22	-0.057027	-0.057027
tRNA-Ile-GAT-1-3	74	74	-5.391	-0.0728514	-0.0728514
tRNA-Val-TAC-1-2	73	73	42.982	0.588795	0.588795
tRX-Pro-NNN-1-1	69	69	24.573	0.35613	0.35613
