tRNA-Und-NNN-4-1|acceptor_stem_3p|part1	8	8	0.677	0.084625	0.084625
tRNA-Und-NNN-4-1|t_arm|part1	17	17	-2.011	-0.118294	-0.118294
tRNA-Und-NNN-4-1|variable_region|part1	2	2	-0.595	-0.2975	-0.2975
tRNA-Und-NNN-4-1|anticodon_arm|part1	17	17	-10.955	-0.644412	-0.644412
tRNA-Und-NNN-4-1|anticodon|part1	3	3	-1.525	-0.508333	-0.508333
tRNA-Und-NNN-4-1|d_arm|part1	19	19	0.255	0.0134211	0.0134211
tRNA-Und-NNN-4-1|acceptor_stem_5p|part1	7	7	-0.935	-0.133571	-0.133571
tRNA-Asn-GTT-5-1|acceptor_stem_3p|part1	8	8	3.668	0.4585	0.4585
tRNA-Asn-GTT-5-1|t_arm|part1	17	17	7.276	0.428	0.428
tRNA-Asn-GTT-5-1|variable_region|part1	6	6	2.742	0.457	0.457
tRNA-Asn-GTT-5-1|anticodon_arm|part1	17	17	7.251	0.426529	0.426529
tRNA-Asn-GTT-5-1|anticodon|part1	3	3	1.426	0.475333	0.475333
tRNA-Asn-GTT-5-1|d_arm|part1	19	19	8.962	0.471684	0.471684
tRNA-Asn-GTT-5-1|acceptor_stem_5p|part1	7	7	3.401	0.485857	0.485857
tRNA-Glu-TTC-4-1|acceptor_stem_3p|part1	8	8	0.303	0.037875	0.037875
tRNA-Glu-TTC-4-1|t_arm|part1	17	17	-0.306	-0.018	-0.018
tRNA-Glu-TTC-4-1|variable_region|part1	4	4	1.295	0.32375	0.32375
tRNA-Glu-TTC-4-1|anticodon_arm|part1	17	17	2.949	0.173471	0.173471
tRNA-Glu-TTC-4-1|anticodon|part1	3	3	0.796	0.265333	0.265333
tRNA-Glu-TTC-4-1|d_arm|part1	19	19	7.994	0.420737	0.420737
tRNA-Glu-TTC-4-1|acceptor_stem_5p|part1	7	7	3.589	0.512714	0.512714
tRNA-Gly-CCC-1-1|acceptor_stem_3p|part1	8	8	3.009	0.376125	0.376125
tRNA-Gly-CCC-1-1|t_arm|part1	17	17	4.004	0.235529	0.235529
tRNA-Gly-CCC-1-1|variable_region|part1	3	3	0.57	0.19	0.19
tRNA-Gly-CCC-1-1|anticodon_arm|part1	17	17	4.167	0.245118	0.245118
tRNA-Gly-CCC-1-1|anticodon|part1	3	3	1.498	0.499333	0.499333
tRNA-Gly-CCC-1-1|d_arm|part1	19	19	5.444	0.286526	0.286526
tRNA-Gly-CCC-1-1|acceptor_stem_5p|part1	7	7	2.464	0.352	0.352
tRNA-Val-CAC-11-1|acceptor_stem_3p|part1	8	8	-15.609	-1.95112	-1.95112
tRNA-Val-CAC-11-1|t_arm|part1	17	17	-6.375	-0.375	-0.375
tRNA-Val-CAC-11-1|variable_region|part1	5	5	-2.512	-0.5024	-0.5024
tRNA-Val-CAC-11-1|anticodon_arm|part1	17	17	-4.815	-0.283235	-0.283235
tRNA-Val-CAC-11-1|anticodon|part1	3	3	-2.312	-0.770667	-0.770667
tRNA-Val-CAC-11-1|d_arm|part1	19	19	-3.402	-0.179053	-0.179053
tRNA-Val-CAC-11-1|acceptor_stem_5p|part1	7	7	2.083	0.297571	0.297571
tRNA-Val-CAC-11-2|acceptor_stem_5p|part1	7	7	1.092	0.156	0.156
tRNA-Val-CAC-11-2|d_arm|part1	19	19	-0.442	-0.0232632	-0.0232632
tRNA-Val-CAC-11-2|anticodon_arm|part1	17	17	-7.678	-0.451647	-0.451647
tRNA-Val-CAC-11-2|anticodon|part1	3	3	-3.553	-1.18433	-1.18433
tRNA-Val-CAC-11-2|variable_region|part1	5	5	-0.852	-0.1704	-0.1704
tRNA-Val-CAC-11-2|t_arm|part1	17	17	-1.7	-0.1	-0.1
tRNA-Val-CAC-11-2|acceptor_stem_3p|part1	8	8	-8.2	-1.025	-1.025
tRNA-Gly-CCC-1-2|acceptor_stem_5p|part1	7	7	2.565	0.366429	0.366429
tRNA-Gly-CCC-1-2|d_arm|part1	19	19	5.652	0.297474	0.297474
tRNA-Gly-CCC-1-2|anticodon_arm|part1	17	17	3.879	0.228176	0.228176
tRNA-Gly-CCC-1-2|anticodon|part1	3	3	1.38	0.46	0.46
tRNA-Gly-CCC-1-2|variable_region|part1	3	3	0.669	0.223	0.223
tRNA-Gly-CCC-1-2|t_arm|part1	17	17	3.707	0.218059	0.218059
tRNA-Gly-CCC-1-2|acceptor_stem_3p|part1	8	8	2.964	0.3705	0.3705
tRNA-Glu-TTC-3-1|acceptor_stem_5p|part1	7	7	2.261	0.323	0.323
tRNA-Glu-TTC-3-1|d_arm|part1	19	19	6.362	0.334842	0.334842
tRNA-Glu-TTC-3-1|anticodon_arm|part1	17	17	4.593	0.270176	0.270176
tRNA-Glu-TTC-3-1|anticodon|part1	3	3	0.921	0.307	0.307
tRNA-Glu-TTC-3-1|variable_region|part1	4	4	1.34	0.335	0.335
tRNA-Glu-TTC-3-1|t_arm|part1	17	17	2.857	0.168059	0.168059
tRNA-Glu-TTC-3-1|acceptor_stem_3p|part1	8	8	1.814	0.22675	0.22675
tRNA-Asn-GTT-4-1|acceptor_stem_5p|part1	7	7	3.236	0.462286	0.462286
tRNA-Asn-GTT-4-1|d_arm|part1	19	19	8.265	0.435	0.435
tRNA-Asn-GTT-4-1|anticodon_arm|part1	17	17	8.039	0.472882	0.472882
tRNA-Asn-GTT-4-1|anticodon|part1	3	3	1.402	0.467333	0.467333
tRNA-Asn-GTT-4-1|variable_region|part1	6	6	2.097	0.3495	0.3495
tRNA-Asn-GTT-4-1|t_arm|part1	17	17	7.221	0.424765	0.424765
tRNA-Asn-GTT-4-1|acceptor_stem_3p|part1	8	8	3.95	0.49375	0.49375
tRNA-Lys-CTT-12-1|acceptor_stem_5p|part1	7	7	-1.49	-0.212857	-0.212857
tRNA-Lys-CTT-12-1|d_arm|part1	19	19	-2.892	-0.152211	-0.152211
tRNA-Lys-CTT-12-1|anticodon_arm|part1	17	17	0.992	0.0583529	0.0583529
tRNA-Lys-CTT-12-1|anticodon|part1	3	3	0.589	0.196333	0.196333
tRNA-Lys-CTT-12-1|variable_region|part1	8	8	-0.704	-0.088	-0.088
tRNA-Lys-CTT-12-1|t_arm|part1	17	17	-2.999	-0.176412	-0.176412
tRNA-Lys-CTT-12-1|acceptor_stem_3p|part1	8	8	-0.954	-0.11925	-0.11925
tRNA-Lys-CTT-7-1|acceptor_stem_3p|part1	8	8	-2.658	-0.33225	-0.33225
tRNA-Lys-CTT-7-1|t_arm|part1	17	17	-5.952	-0.350118	-0.350118
tRNA-Lys-CTT-7-1|variable_region|part1	5	5	1.026	0.2052	0.2052
tRNA-Lys-CTT-7-1|anticodon_arm|part1	17	17	2.334	0.137294	0.137294
tRNA-Lys-CTT-7-1|anticodon|part1	3	3	0.665	0.221667	0.221667
tRNA-Lys-CTT-7-1|d_arm|part1	19	19	2.45	0.128947	0.128947
tRNA-Lys-CTT-7-1|acceptor_stem_5p|part1	7	7	-1.164	-0.166286	-0.166286
tRNA-Cys-GCA-7-1|acceptor_stem_3p|part1	8	8	0.691	0.086375	0.086375
tRNA-Cys-GCA-7-1|t_arm|part1	17	17	1.4	0.0823529	0.0823529
tRNA-Cys-GCA-7-1|variable_region|part1	5	5	0.29	0.058	0.058
tRNA-Cys-GCA-7-1|anticodon_arm|part1	17	17	0.992	0.0583529	0.0583529
tRNA-Cys-GCA-7-1|anticodon|part1	3	3	0.174	0.058	0.058
tRNA-Cys-GCA-7-1|d_arm|part1	19	19	1.096	0.0576842	0.0576842
tRNA-Cys-GCA-7-1|acceptor_stem_5p|part1	7	7	0.391	0.0558571	0.0558571
tRNA-Arg-TCT-1-1|acceptor_stem_5p|part1	7	7	23.164	3.30914	3.30914
tRNA-Arg-TCT-1-1|d_arm|part1	19	19	64.695	3.405	3.405
tRNA-Arg-TCT-1-1|anticodon_arm|part1	11	11	35.463	3.22391	3.22391
tRNA-Arg-TCT-1-1|anticodon|part1	3	3	8.967	2.989	2.989
tRNA-Arg-TCT-1-1|intron|part1	12	12	31.601	2.63342	2.63342
tRNA-Arg-TCT-1-1|anticodon_arm|part2	6	6	19.491	3.2485	3.2485
tRNA-Arg-TCT-1-1|variable_region|part1	5	5	17.022	3.4044	3.4044
tRNA-Arg-TCT-1-1|t_arm|part1	17	17	56.593	3.329	3.329
tRNA-Arg-TCT-1-1|acceptor_stem_3p|part1	8	8	27.463	3.43287	3.43287
tRNA-Asn-GTT-7-1|acceptor_stem_3p|part1	8	8	-1.389	-0.173625	-0.173625
tRNA-Asn-GTT-7-1|t_arm|part1	17	17	-4.12	-0.242353	-0.242353
tRNA-Asn-GTT-7-1|variable_region|part1	6	6	1.015	0.169167	0.169167
tRNA-Asn-GTT-7-1|anticodon_arm|part1	17	17	2.151	0.126529	0.126529
tRNA-Asn-GTT-7-1|anticodon|part1	3	3	1.856	0.618667	0.618667
tRNA-Asn-GTT-7-1|d_arm|part1	19	19	3.73	0.196316	0.196316
tRNA-Asn-GTT-7-1|acceptor_stem_5p|part1	7	7	3.013	0.430429	0.430429
tRNA-Asn-GTT-11-1|acceptor_stem_3p|part1	8	8	2.597	0.324625	0.324625
tRNA-Asn-GTT-11-1|t_arm|part1	17	17	9.931	0.584176	0.584176
tRNA-Asn-GTT-11-1|variable_region|part1	6	6	2.769	0.4615	0.4615
tRNA-Asn-GTT-11-1|anticodon_arm|part1	17	17	7.764	0.456706	0.456706
tRNA-Asn-GTT-11-1|anticodon|part1	3	3	1.079	0.359667	0.359667
tRNA-Asn-GTT-11-1|d_arm|part1	19	19	7.443	0.391737	0.391737
tRNA-Asn-GTT-11-1|acceptor_stem_5p|part1	7	7	4.899	0.699857	0.699857
tRX-Phe-NNN-2-1|acceptor_stem_3p|part1	8	8	4.562	0.57025	0.57025
tRX-Phe-NNN-2-1|t_arm|part1	17	17	7.233	0.425471	0.425471
tRX-Phe-NNN-2-1|variable_region|part1	12	12	2.838	0.2365	0.2365
tRX-Phe-NNN-2-1|anticodon_arm|part1	17	17	7.655	0.450294	0.450294
tRX-Phe-NNN-2-1|anticodon|part1	3	3	0.749	0.249667	0.249667
tRX-Phe-NNN-2-1|d_arm|part1	19	19	10.774	0.567053	0.567053
tRX-Phe-NNN-2-1|acceptor_stem_5p|part1	7	7	-21.181	-3.02586	-3.02586
tRNA-Val-CAC-5-1|acceptor_stem_3p|part1	8	8	1.532	0.1915	0.1915
tRNA-Val-CAC-5-1|t_arm|part1	17	17	2.298	0.135176	0.135176
tRNA-Val-CAC-5-1|variable_region|part1	5	5	1.691	0.3382	0.3382
tRNA-Val-CAC-5-1|anticodon_arm|part1	17	17	9.735	0.572647	0.572647
tRNA-Val-CAC-5-1|anticodon|part1	3	3	1.598	0.532667	0.532667
tRNA-Val-CAC-5-1|d_arm|part1	19	19	10.116	0.532421	0.532421
tRNA-Val-CAC-5-1|acceptor_stem_5p|part1	7	7	0.878	0.125429	0.125429
tRNA-Asn-GTT-27-1|acceptor_stem_3p|part1	8	8	3.543	0.442875	0.442875
tRNA-Asn-GTT-27-1|t_arm|part1	17	17	15.052	0.885412	0.885412
tRNA-Asn-GTT-27-1|variable_region|part1	6	6	2.793	0.4655	0.4655
tRNA-Asn-GTT-27-1|anticodon_arm|part1	17	17	10.28	0.604706	0.604706
tRNA-Asn-GTT-27-1|anticodon|part1	3	3	3.016	1.00533	1.00533
tRNA-Asn-GTT-27-1|d_arm|part1	19	19	10.771	0.566895	0.566895
tRNA-Asn-GTT-27-1|acceptor_stem_5p|part1	7	7	5.132	0.733143	0.733143
tRNA-Gln-CTG-11-1|acceptor_stem_5p|part1	7	7	2.595	0.370714	0.370714
tRNA-Gln-CTG-11-1|d_arm|part1	19	19	5.069	0.266789	0.266789
tRNA-Gln-CTG-11-1|anticodon_arm|part1	17	17	1.94	0.114118	0.114118
tRNA-Gln-CTG-11-1|anticodon|part1	3	3	1.461	0.487	0.487
tRNA-Gln-CTG-11-1|variable_region|part1	4	4	-1.244	-0.311	-0.311
tRNA-Gln-CTG-11-1|t_arm|part1	17	17	0.342	0.0201177	0.0201177
tRNA-Gln-CTG-11-1|acceptor_stem_3p|part1	8	8	2.292	0.2865	0.2865
tRNA-Glu-TTC-7-1|acceptor_stem_3p|part1	8	8	1.255	0.156875	0.156875
tRNA-Glu-TTC-7-1|t_arm|part1	17	17	-3.805	-0.223824	-0.223824
tRNA-Glu-TTC-7-1|variable_region|part1	4	4	-0.774	-0.1935	-0.1935
tRNA-Glu-TTC-7-1|anticodon_arm|part1	17	17	-9.738	-0.572824	-0.572824
tRNA-Glu-TTC-7-1|anticodon|part1	3	3	0.619	0.206333	0.206333
tRNA-Glu-TTC-7-1|d_arm|part1	19	19	3.819	0.201	0.201
tRNA-Glu-TTC-7-1|acceptor_stem_5p|part1	7	7	-5.779	-0.825571	-0.825571
tRNA-Gln-CTG-4-2|acceptor_stem_5p|part1	7	7	6.682	0.954571	0.954571
tRNA-Gln-CTG-4-2|d_arm|part1	19	19	15.692	0.825895	0.825895
tRNA-Gln-CTG-4-2|anticodon_arm|part1	17	17	4.855	0.285588	0.285588
tRNA-Gln-CTG-4-2|anticodon|part1	3	3	2.291	0.763667	0.763667
tRNA-Gln-CTG-4-2|variable_region|part1	4	4	3.054	0.7635	0.7635
tRNA-Gln-CTG-4-2|t_arm|part1	17	17	13.506	0.794471	0.794471
tRNA-Gln-CTG-4-2|acceptor_stem_3p|part1	8	8	4.497	0.562125	0.562125
tRNA-Asn-GTT-22-1|acceptor_stem_3p|part1	8	8	0.709	0.088625	0.088625
tRNA-Asn-GTT-22-1|t_arm|part1	17	17	6.296	0.370353	0.370353
tRNA-Asn-GTT-22-1|variable_region|part1	6	6	2.931	0.4885	0.4885
tRNA-Asn-GTT-22-1|anticodon_arm|part1	17	17	5.972	0.351294	0.351294
tRNA-Asn-GTT-22-1|anticodon|part1	3	3	0.782	0.260667	0.260667
tRNA-Asn-GTT-22-1|d_arm|part1	19	19	8.255	0.434474	0.434474
tRNA-Asn-GTT-22-1|acceptor_stem_5p|part1	7	7	6.175	0.882143	0.882143
tRNA-Asn-GTT-6-1|acceptor_stem_3p|part1	8	8	5.63	0.70375	0.70375
tRNA-Asn-GTT-6-1|t_arm|part1	17	17	10.263	0.603706	0.603706
tRNA-Asn-GTT-6-1|variable_region|part1	6	6	2.635	0.439167	0.439167
tRNA-Asn-GTT-6-1|anticodon_arm|part1	17	17	10.452	0.614824	0.614824
tRNA-Asn-GTT-6-1|anticodon|part1	3	3	1.814	0.604667	0.604667
tRNA-Asn-GTT-6-1|d_arm|part1	19	19	9.463	0.498053	0.498053
tRNA-Asn-GTT-6-1|acceptor_stem_5p|part1	7	7	4.702	0.671714	0.671714
tRNA-Glu-TTC-10-1|acceptor_stem_3p|part1	8	8	-1.048	-0.131	-0.131
tRNA-Glu-TTC-10-1|t_arm|part1	17	17	-0.542	-0.0318824	-0.0318824
tRNA-Glu-TTC-10-1|variable_region|part1	5	5	-2.371	-0.4742	-0.4742
tRNA-Glu-TTC-10-1|anticodon_arm|part1	17	17	-6.124	-0.360235	-0.360235
tRNA-Glu-TTC-10-1|anticodon|part1	3	3	1.196	0.398667	0.398667
tRNA-Glu-TTC-10-1|d_arm|part1	19	19	3.959	0.208368	0.208368
tRNA-Glu-TTC-10-1|acceptor_stem_5p|part1	7	7	1.278	0.182571	0.182571
tRNA-Phe-GAA-9-1|acceptor_stem_3p|part1	8	8	4.218	0.52725	0.52725
tRNA-Phe-GAA-9-1|t_arm|part1	17	17	6.516	0.383294	0.383294
tRNA-Phe-GAA-9-1|variable_region|part1	12	12	1.942	0.161833	0.161833
tRNA-Phe-GAA-9-1|anticodon_arm|part1	17	17	9.735	0.572647	0.572647
tRNA-Phe-GAA-9-1|anticodon|part1	3	3	1.803	0.601	0.601
tRNA-Phe-GAA-9-1|d_arm|part1	19	19	10.325	0.543421	0.543421
tRNA-Phe-GAA-9-1|acceptor_stem_5p|part1	7	7	-12.042	-1.72029	-1.72029
tRNA-Val-CAC-4-1|acceptor_stem_3p|part1	8	8	2.028	0.2535	0.2535
tRNA-Val-CAC-4-1|t_arm|part1	17	17	3.922	0.230706	0.230706
tRNA-Val-CAC-4-1|variable_region|part1	5	5	2.748	0.5496	0.5496
tRNA-Val-CAC-4-1|anticodon_arm|part1	17	17	8.544	0.502588	0.502588
tRNA-Val-CAC-4-1|anticodon|part1	3	3	1.417	0.472333	0.472333
tRNA-Val-CAC-4-1|d_arm|part1	19	19	10.279	0.541	0.541
tRNA-Val-CAC-4-1|acceptor_stem_5p|part1	7	7	1.014	0.144857	0.144857
tRNA-Asn-GTT-12-1|acceptor_stem_3p|part1	8	8	2.99	0.37375	0.37375
tRNA-Asn-GTT-12-1|t_arm|part1	17	17	18.197	1.07041	1.07041
tRNA-Asn-GTT-12-1|variable_region|part1	6	6	2.255	0.375833	0.375833
tRNA-Asn-GTT-12-1|anticodon_arm|part1	17	17	11.306	0.665059	0.665059
tRNA-Asn-GTT-12-1|anticodon|part1	3	3	2.665	0.888333	0.888333
tRNA-Asn-GTT-12-1|d_arm|part1	19	19	9.131	0.480579	0.480579
tRNA-Asn-GTT-12-1|acceptor_stem_5p|part1	7	7	5.45	0.778571	0.778571
tRNA-Arg-CCT-7-1|acceptor_stem_3p|part1	8	8	4.488	0.561	0.561
tRNA-Arg-CCT-7-1|t_arm|part1	17	17	10.464	0.615529	0.615529
tRNA-Arg-CCT-7-1|variable_region|part1	3	3	0.708	0.236	0.236
tRNA-Arg-CCT-7-1|anticodon_arm|part1	17	17	3.927	0.231	0.231
tRNA-Arg-CCT-7-1|anticodon|part1	3	3	-0.451	-0.150333	-0.150333
tRNA-Arg-CCT-7-1|d_arm|part1	19	19	15.183	0.799105	0.799105
tRNA-Arg-CCT-7-1|acceptor_stem_5p|part1	7	7	4.905	0.700714	0.700714
tRNA-Asn-GTT-3-1|acceptor_stem_5p|part1	7	7	0.618	0.0882857	0.0882857
tRNA-Asn-GTT-3-1|d_arm|part1	19	19	-2.114	-0.111263	-0.111263
tRNA-Asn-GTT-3-1|anticodon_arm|part1	17	17	-1.38	-0.0811765	-0.0811765
tRNA-Asn-GTT-3-1|anticodon|part1	3	3	0.756	0.252	0.252
tRNA-Asn-GTT-3-1|variable_region|part1	6	6	-0.629	-0.104833	-0.104833
tRNA-Asn-GTT-3-1|t_arm|part1	17	17	-1.394	-0.082	-0.082
tRNA-Asn-GTT-3-1|acceptor_stem_3p|part1	8	8	-2.336	-0.292	-0.292
tRNA-Asn-GTT-2-8|acceptor_stem_3p|part1	8	8	1.392	0.174	0.174
tRNA-Asn-GTT-2-8|t_arm|part1	17	17	-2.656	-0.156235	-0.156235
tRNA-Asn-GTT-2-8|variable_region|part1	6	6	1.042	0.173667	0.173667
tRNA-Asn-GTT-2-8|anticodon_arm|part1	17	17	-1.959	-0.115235	-0.115235
tRNA-Asn-GTT-2-8|anticodon|part1	3	3	0.54	0.18	0.18
tRNA-Asn-GTT-2-8|d_arm|part1	19	19	-0.782	-0.0411579	-0.0411579
tRNA-Asn-GTT-2-8|acceptor_stem_5p|part1	7	7	-0.064	-0.00914286	-0.00914286
tRNA-Asn-GTT-10-1|acceptor_stem_5p|part1	7	7	4.474	0.639143	0.639143
tRNA-Asn-GTT-10-1|d_arm|part1	19	19	11.847	0.623526	0.623526
tRNA-Asn-GTT-10-1|anticodon_arm|part1	17	17	8.859	0.521118	0.521118
tRNA-Asn-GTT-10-1|anticodon|part1	3	3	2.282	0.760667	0.760667
tRNA-Asn-GTT-10-1|variable_region|part1	6	6	3.17	0.528333	0.528333
tRNA-Asn-GTT-10-1|t_arm|part1	17	17	7.661	0.450647	0.450647
tRNA-Asn-GTT-10-1|acceptor_stem_3p|part1	8	8	3.41	0.42625	0.42625
tRNA-Val-CAC-14-1|acceptor_stem_5p|part1	7	7	-0.239	-0.0341429	-0.0341429
tRNA-Val-CAC-14-1|d_arm|part1	19	19	7.36	0.387368	0.387368
tRNA-Val-CAC-14-1|anticodon_arm|part1	17	17	6.349	0.373471	0.373471
tRNA-Val-CAC-14-1|anticodon|part1	3	3	1.1	0.366667	0.366667
tRNA-Val-CAC-14-1|variable_region|part1	5	5	1.828	0.3656	0.3656
tRNA-Val-CAC-14-1|t_arm|part1	17	17	2.323	0.136647	0.136647
tRNA-Val-CAC-14-1|acceptor_stem_3p|part1	8	8	0.562	0.07025	0.07025
tRX-Phe-NNN-1-1|acceptor_stem_5p|part1	7	7	-15.93	-2.27571	-2.27571
tRX-Phe-NNN-1-1|d_arm|part1	19	19	6.67	0.351053	0.351053
tRX-Phe-NNN-1-1|anticodon_arm|part1	17	17	0.364	0.0214118	0.0214118
tRX-Phe-NNN-1-1|anticodon|part1	3	3	1.535	0.511667	0.511667
tRX-Phe-NNN-1-1|variable_region|part1	12	12	-5.186	-0.432167	-0.432167
tRX-Phe-NNN-1-1|t_arm|part1	17	17	-3.369	-0.198176	-0.198176
tRX-Phe-NNN-1-1|acceptor_stem_3p|part1	8	8	1.844	0.2305	0.2305
tRNA-Glu-TTC-10-2|acceptor_stem_5p|part1	7	7	-0.064	-0.00914286	-0.00914286
tRNA-Glu-TTC-10-2|d_arm|part1	19	19	2.182	0.114842	0.114842
tRNA-Glu-TTC-10-2|anticodon_arm|part1	17	17	-14.117	-0.830412	-0.830412
tRNA-Glu-TTC-10-2|anticodon|part1	3	3	-0.996	-0.332	-0.332
tRNA-Glu-TTC-10-2|variable_region|part1	5	5	-1.922	-0.3844	-0.3844
tRNA-Glu-TTC-10-2|t_arm|part1	17	17	-11.862	-0.697765	-0.697765
tRNA-Glu-TTC-10-2|acceptor_stem_3p|part1	8	8	-0.115	-0.014375	-0.014375
tRNA-Asn-GTT-2-7|acceptor_stem_5p|part1	7	7	1.084	0.154857	0.154857
tRNA-Asn-GTT-2-7|d_arm|part1	19	19	-0.113	-0.00594737	-0.00594737
tRNA-Asn-GTT-2-7|anticodon_arm|part1	17	17	2.688	0.158118	0.158118
tRNA-Asn-GTT-2-7|anticodon|part1	3	3	0.469	0.156333	0.156333
tRNA-Asn-GTT-2-7|variable_region|part1	6	6	0.972	0.162	0.162
tRNA-Asn-GTT-2-7|t_arm|part1	17	17	1.778	0.104588	0.104588
tRNA-Asn-GTT-2-7|acceptor_stem_3p|part1	8	8	3.498	0.43725	0.43725
tRX-Gly-NNN-3-1|acceptor_stem_5p|part1	7	7	1.663	0.237571	0.237571
tRX-Gly-NNN-3-1|d_arm|part1	19	19	-5.074	-0.267053	-0.267053
tRX-Gly-NNN-3-1|anticodon_arm|part1	17	17	-4.848	-0.285176	-0.285176
tRX-Gly-NNN-3-1|anticodon|part1	3	3	0.567	0.189	0.189
tRX-Gly-NNN-3-1|variable_region|part1	3	3	-1.026	-0.342	-0.342
tRX-Gly-NNN-3-1|t_arm|part1	17	17	-3.501	-0.205941	-0.205941
tRX-Gly-NNN-3-1|acceptor_stem_3p|part1	8	8	2.933	0.366625	0.366625
tRNA-Gln-CTG-3-1|acceptor_stem_5p|part1	7	7	3.311	0.473	0.473
tRNA-Gln-CTG-3-1|d_arm|part1	19	19	8.115	0.427105	0.427105
tRNA-Gln-CTG-3-1|anticodon_arm|part1	17	17	7.507	0.441588	0.441588
tRNA-Gln-CTG-3-1|anticodon|part1	3	3	1.737	0.579	0.579
tRNA-Gln-CTG-3-1|variable_region|part1	4	4	1.576	0.394	0.394
tRNA-Gln-CTG-3-1|t_arm|part1	17	17	8.386	0.493294	0.493294
tRNA-Gln-CTG-3-1|acceptor_stem_3p|part1	8	8	3.931	0.491375	0.491375
tRNA-Asn-GTT-9-1|acceptor_stem_3p|part1	8	8	2.539	0.317375	0.317375
tRNA-Asn-GTT-9-1|t_arm|part1	17	17	4.307	0.253353	0.253353
tRNA-Asn-GTT-9-1|variable_region|part1	6	6	-0.989	-0.164833	-0.164833
tRNA-Asn-GTT-9-1|anticodon_arm|part1	17	17	-2.604	-0.153176	-0.153176
tRNA-Asn-GTT-9-1|anticodon|part1	3	3	-0.868	-0.289333	-0.289333
tRNA-Asn-GTT-9-1|d_arm|part1	19	19	1.786	0.094	0.094
tRNA-Asn-GTT-9-1|acceptor_stem_5p|part1	7	7	3.302	0.471714	0.471714
tRNA-Glu-CTC-1-1|acceptor_stem_5p|part1	7	7	12.998	1.85686	1.85686
tRNA-Glu-CTC-1-1|d_arm|part1	19	19	36.899	1.94205	1.94205
tRNA-Glu-CTC-1-1|anticodon_arm|part1	17	17	31.871	1.87476	1.87476
tRNA-Glu-CTC-1-1|anticodon|part1	3	3	5.203	1.73433	1.73433
tRNA-Glu-CTC-1-1|variable_region|part1	4	4	7.776	1.944	1.944
tRNA-Glu-CTC-1-1|t_arm|part1	17	17	32.341	1.90241	1.90241
tRNA-Glu-CTC-1-1|acceptor_stem_3p|part1	8	8	16.03	2.00375	2.00375
tRNA-Gly-TCC-2-1|acceptor_stem_5p|part1	7	7	15.198	2.17114	2.17114
tRNA-Gly-TCC-2-1|d_arm|part1	19	19	46.3	2.43684	2.43684
tRNA-Gly-TCC-2-1|anticodon_arm|part1	17	17	40.689	2.39347	2.39347
tRNA-Gly-TCC-2-1|anticodon|part1	3	3	6.583	2.19433	2.19433
tRNA-Gly-TCC-2-1|variable_region|part1	4	4	9.723	2.43075	2.43075
tRNA-Gly-TCC-2-1|t_arm|part1	17	17	38.573	2.269	2.269
tRNA-Gly-TCC-2-1|acceptor_stem_3p|part1	8	8	16.648	2.081	2.081
tRNA-His-GTG-1-1|acceptor_stem_5p|part1	7	7	15.458	2.20829	2.20829
tRNA-His-GTG-1-1|d_arm|part1	19	19	40.48	2.13053	2.13053
tRNA-His-GTG-1-1|anticodon_arm|part1	17	17	37.517	2.20688	2.20688
tRNA-His-GTG-1-1|anticodon|part1	3	3	6.751	2.25033	2.25033
tRNA-His-GTG-1-1|variable_region|part1	4	4	8.55	2.1375	2.1375
tRNA-His-GTG-1-1|t_arm|part1	17	17	37.502	2.206	2.206
tRNA-His-GTG-1-1|acceptor_stem_3p|part1	8	8	14.424	1.803	1.803
tRNA-Lys-CTT-2-1|acceptor_stem_5p|part1	7	7	13.388	1.91257	1.91257
tRNA-Lys-CTT-2-1|d_arm|part1	19	19	38.907	2.04774	2.04774
tRNA-Lys-CTT-2-1|anticodon_arm|part1	17	17	33.378	1.96341	1.96341
tRNA-Lys-CTT-2-1|anticodon|part1	3	3	5.657	1.88567	1.88567
tRNA-Lys-CTT-2-1|variable_region|part1	5	5	8.332	1.6664	1.6664
tRNA-Lys-CTT-2-1|t_arm|part1	17	17	33.007	1.94159	1.94159
tRNA-Lys-CTT-2-1|acceptor_stem_3p|part1	8	8	16.139	2.01738	2.01738
tRNA-Asn-GTT-24-1|acceptor_stem_5p|part1	7	7	-0.322	-0.046	-0.046
tRNA-Asn-GTT-24-1|d_arm|part1	19	19	2.492	0.131158	0.131158
tRNA-Asn-GTT-24-1|anticodon_arm|part1	17	17	-0.203	-0.0119412	-0.0119412
tRNA-Asn-GTT-24-1|anticodon|part1	3	3	0.872	0.290667	0.290667
tRNA-Asn-GTT-24-1|variable_region|part1	6	6	0.876	0.146	0.146
tRNA-Asn-GTT-24-1|t_arm|part1	17	17	-2.255	-0.132647	-0.132647
tRNA-Asn-GTT-24-1|acceptor_stem_3p|part1	8	8	1.446	0.18075	0.18075
tRNA-Gly-CCC-8-1|acceptor_stem_5p|part1	7	7	-2.036	-0.290857	-0.290857
tRNA-Gly-CCC-8-1|d_arm|part1	19	19	-5.114	-0.269158	-0.269158
tRNA-Gly-CCC-8-1|anticodon_arm|part1	17	17	-8.399	-0.494059	-0.494059
tRNA-Gly-CCC-8-1|anticodon|part1	3	3	0.544	0.181333	0.181333
tRNA-Gly-CCC-8-1|variable_region|part1	3	3	-0.737	-0.245667	-0.245667
tRNA-Gly-CCC-8-1|t_arm|part1	17	17	-7.74	-0.455294	-0.455294
tRNA-Gly-CCC-8-1|acceptor_stem_3p|part1	8	8	-3.618	-0.45225	-0.45225
tRNA-His-GTG-1-2|acceptor_stem_5p|part1	7	7	3.071	0.438714	0.438714
tRNA-His-GTG-1-2|d_arm|part1	19	19	8.108	0.426737	0.426737
tRNA-His-GTG-1-2|anticodon_arm|part1	17	17	8.207	0.482765	0.482765
tRNA-His-GTG-1-2|anticodon|part1	3	3	2.435	0.811667	0.811667
tRNA-His-GTG-1-2|variable_region|part1	4	4	0.59	0.1475	0.1475
tRNA-His-GTG-1-2|t_arm|part1	17	17	9.769	0.574647	0.574647
tRNA-His-GTG-1-2|acceptor_stem_3p|part1	8	8	4.208	0.526	0.526
tRNA-Arg-CCT-6-1|acceptor_stem_5p|part1	7	7	4.611	0.658714	0.658714
tRNA-Arg-CCT-6-1|d_arm|part1	19	19	5.562	0.292737	0.292737
tRNA-Arg-CCT-6-1|anticodon_arm|part1	17	17	0.013	0.000764705	0.000764705
tRNA-Arg-CCT-6-1|anticodon|part1	3	3	1.37	0.456667	0.456667
tRNA-Arg-CCT-6-1|variable_region|part1	3	3	1.558	0.519333	0.519333
tRNA-Arg-CCT-6-1|t_arm|part1	17	17	1.946	0.114471	0.114471
tRNA-Arg-CCT-6-1|acceptor_stem_3p|part1	8	8	1.911	0.238875	0.238875
tRX-Gly-NNN-1-2|acceptor_stem_5p|part1	7	7	2.354	0.336286	0.336286
tRX-Gly-NNN-1-2|d_arm|part1	19	19	0.04	0.00210526	0.00210526
tRX-Gly-NNN-1-2|anticodon_arm|part1	17	17	-0.766	-0.0450588	-0.0450588
tRX-Gly-NNN-1-2|anticodon|part1	3	3	1.034	0.344667	0.344667
tRX-Gly-NNN-1-2|variable_region|part1	3	3	0.418	0.139333	0.139333
tRX-Gly-NNN-1-2|t_arm|part1	17	17	-1.901	-0.111824	-0.111824
tRX-Gly-NNN-1-2|acceptor_stem_3p|part1	8	8	2.748	0.3435	0.3435
tRNA-Gln-CTG-3-2|acceptor_stem_5p|part1	7	7	5.384	0.769143	0.769143
tRNA-Gln-CTG-3-2|d_arm|part1	19	19	12.497	0.657737	0.657737
tRNA-Gln-CTG-3-2|anticodon_arm|part1	17	17	10.667	0.627471	0.627471
tRNA-Gln-CTG-3-2|anticodon|part1	3	3	2.285	0.761667	0.761667
tRNA-Gln-CTG-3-2|variable_region|part1	4	4	2.308	0.577	0.577
tRNA-Gln-CTG-3-2|t_arm|part1	17	17	10.955	0.644412	0.644412
tRNA-Gln-CTG-3-2|acceptor_stem_3p|part1	8	8	5.4	0.675	0.675
tRNA-Asn-GTT-9-2|acceptor_stem_3p|part1	8	8	1.676	0.2095	0.2095
tRNA-Asn-GTT-9-2|t_arm|part1	17	17	1.251	0.0735882	0.0735882
tRNA-Asn-GTT-9-2|variable_region|part1	6	6	0.775	0.129167	0.129167
tRNA-Asn-GTT-9-2|anticodon_arm|part1	17	17	1.025	0.0602941	0.0602941
tRNA-Asn-GTT-9-2|anticodon|part1	3	3	0.41	0.136667	0.136667
tRNA-Asn-GTT-9-2|d_arm|part1	19	19	1.637	0.0861579	0.0861579
tRNA-Asn-GTT-9-2|acceptor_stem_5p|part1	7	7	3.181	0.454429	0.454429
tRX-Gly-NNN-2-1|acceptor_stem_3p|part1	8	8	0.288	0.036	0.036
tRX-Gly-NNN-2-1|t_arm|part1	17	17	-7.121	-0.418882	-0.418882
tRX-Gly-NNN-2-1|variable_region|part1	4	4	0.85	0.2125	0.2125
tRX-Gly-NNN-2-1|anticodon_arm|part1	17	17	-3.742	-0.220118	-0.220118
tRX-Gly-NNN-2-1|anticodon|part1	3	3	2.226	0.742	0.742
tRX-Gly-NNN-2-1|d_arm|part1	19	19	-4.821	-0.253737	-0.253737
tRX-Gly-NNN-2-1|acceptor_stem_5p|part1	7	7	0.446	0.0637143	0.0637143
tRNA-Gln-CTG-4-1|acceptor_stem_3p|part1	8	8	4.452	0.5565	0.5565
tRNA-Gln-CTG-4-1|t_arm|part1	17	17	9.64	0.567059	0.567059
tRNA-Gln-CTG-4-1|variable_region|part1	4	4	1.207	0.30175	0.30175
tRNA-Gln-CTG-4-1|anticodon_arm|part1	17	17	8.761	0.515353	0.515353
tRNA-Gln-CTG-4-1|anticodon|part1	3	3	2.019	0.673	0.673
tRNA-Gln-CTG-4-1|d_arm|part1	19	19	10.64	0.56	0.56
tRNA-Gln-CTG-4-1|acceptor_stem_5p|part1	7	7	3.665	0.523571	0.523571
tRNA-His-GTG-1-3|acceptor_stem_5p|part1	7	7	4.673	0.667571	0.667571
tRNA-His-GTG-1-3|d_arm|part1	19	19	13.54	0.712632	0.712632
tRNA-His-GTG-1-3|anticodon_arm|part1	17	17	9.162	0.538941	0.538941
tRNA-His-GTG-1-3|anticodon|part1	3	3	1.058	0.352667	0.352667
tRNA-His-GTG-1-3|variable_region|part1	4	4	3.51	0.8775	0.8775
tRNA-His-GTG-1-3|t_arm|part1	17	17	13.511	0.794765	0.794765
tRNA-His-GTG-1-3|acceptor_stem_3p|part1	8	8	5.317	0.664625	0.664625
tRNA-His-GTG-1-4|acceptor_stem_3p|part1	8	8	0.047	0.005875	0.005875
tRNA-His-GTG-1-4|t_arm|part1	17	17	7.316	0.430353	0.430353
tRNA-His-GTG-1-4|variable_region|part1	4	4	2.783	0.69575	0.69575
tRNA-His-GTG-1-4|anticodon_arm|part1	17	17	10.608	0.624	0.624
tRNA-His-GTG-1-4|anticodon|part1	3	3	1.766	0.588667	0.588667
tRNA-His-GTG-1-4|d_arm|part1	19	19	8.495	0.447105	0.447105
tRNA-His-GTG-1-4|acceptor_stem_5p|part1	7	7	-0.068	-0.00971429	-0.00971429
tRNA-Glu-TTC-6-1|acceptor_stem_3p|part1	8	8	2.959	0.369875	0.369875
tRNA-Glu-TTC-6-1|t_arm|part1	17	17	-3.312	-0.194824	-0.194824
tRNA-Glu-TTC-6-1|variable_region|part1	4	4	-2.714	-0.6785	-0.6785
tRNA-Glu-TTC-6-1|anticodon_arm|part1	17	17	-3.78	-0.222353	-0.222353
tRNA-Glu-TTC-6-1|anticodon|part1	3	3	1.849	0.616333	0.616333
tRNA-Glu-TTC-6-1|d_arm|part1	19	19	11.168	0.587789	0.587789
tRNA-Glu-TTC-6-1|acceptor_stem_5p|part1	7	7	2.765	0.395	0.395
tRNA-Gln-CTG-7-1|acceptor_stem_5p|part1	7	7	5.785	0.826429	0.826429
tRNA-Gln-CTG-7-1|d_arm|part1	19	19	16.242	0.854842	0.854842
tRNA-Gln-CTG-7-1|anticodon_arm|part1	17	17	14.225	0.836765	0.836765
tRNA-Gln-CTG-7-1|anticodon|part1	3	3	2.623	0.874333	0.874333
tRNA-Gln-CTG-7-1|variable_region|part1	4	4	1.834	0.4585	0.4585
tRNA-Gln-CTG-7-1|t_arm|part1	17	17	11.551	0.679471	0.679471
tRNA-Gln-CTG-7-1|acceptor_stem_3p|part1	8	8	6.248	0.781	0.781
tRNA-Gln-CTG-9-1|acceptor_stem_5p|part1	7	7	4.615	0.659286	0.659286
tRNA-Gln-CTG-9-1|d_arm|part1	19	19	7.997	0.420895	0.420895
tRNA-Gln-CTG-9-1|anticodon_arm|part1	17	17	7.96	0.468235	0.468235
tRNA-Gln-CTG-9-1|anticodon|part1	3	3	-0.739	-0.246333	-0.246333
tRNA-Gln-CTG-9-1|variable_region|part1	4	4	1.705	0.42625	0.42625
tRNA-Gln-CTG-9-1|t_arm|part1	17	17	9.481	0.557706	0.557706
tRNA-Gln-CTG-9-1|acceptor_stem_3p|part1	8	8	-4.547	-0.568375	-0.568375
tRNA-Asn-GTT-21-1|acceptor_stem_3p|part1	8	8	0.647	0.080875	0.080875
tRNA-Asn-GTT-21-1|t_arm|part1	17	17	5.371	0.315941	0.315941
tRNA-Asn-GTT-21-1|variable_region|part1	6	6	3.483	0.5805	0.5805
tRNA-Asn-GTT-21-1|anticodon_arm|part1	17	17	5.824	0.342588	0.342588
tRNA-Asn-GTT-21-1|anticodon|part1	3	3	1.425	0.475	0.475
tRNA-Asn-GTT-21-1|d_arm|part1	19	19	9.603	0.505421	0.505421
tRNA-Asn-GTT-21-1|acceptor_stem_5p|part1	7	7	4.703	0.671857	0.671857
tRNA-Asn-GTT-2-1|acceptor_stem_5p|part1	7	7	5.436	0.776571	0.776571
tRNA-Asn-GTT-2-1|d_arm|part1	19	19	6.575	0.346053	0.346053
tRNA-Asn-GTT-2-1|anticodon_arm|part1	17	17	6.579	0.387	0.387
tRNA-Asn-GTT-2-1|anticodon|part1	3	3	2.357	0.785667	0.785667
tRNA-Asn-GTT-2-1|variable_region|part1	6	6	4.916	0.819333	0.819333
tRNA-Asn-GTT-2-1|t_arm|part1	17	17	8.798	0.517529	0.517529
tRNA-Asn-GTT-2-1|acceptor_stem_3p|part1	8	8	2.518	0.31475	0.31475
tRNA-Asn-GTT-25-1|acceptor_stem_3p|part1	8	8	1.456	0.182	0.182
tRNA-Asn-GTT-25-1|t_arm|part1	17	17	5.826	0.342706	0.342706
tRNA-Asn-GTT-25-1|variable_region|part1	7	7	3.749	0.535571	0.535571
tRNA-Asn-GTT-25-1|anticodon_arm|part1	17	17	4.382	0.257765	0.257765
tRNA-Asn-GTT-25-1|anticodon|part1	3	3	2.409	0.803	0.803
tRNA-Asn-GTT-25-1|d_arm|part1	19	19	7.78	0.409474	0.409474
tRNA-Asn-GTT-25-1|acceptor_stem_5p|part1	7	7	4.911	0.701571	0.701571
tRNA-Asn-GTT-16-5|acceptor_stem_5p|part1	7	7	6.055	0.865	0.865
tRNA-Asn-GTT-16-5|d_arm|part1	19	19	15.544	0.818105	0.818105
tRNA-Asn-GTT-16-5|anticodon_arm|part1	17	17	11.477	0.675118	0.675118
tRNA-Asn-GTT-16-5|anticodon|part1	3	3	2.141	0.713667	0.713667
tRNA-Asn-GTT-16-5|variable_region|part1	6	6	6.286	1.04767	1.04767
tRNA-Asn-GTT-16-5|t_arm|part1	17	17	12.709	0.747588	0.747588
tRNA-Asn-GTT-16-5|acceptor_stem_3p|part1	8	8	6.321	0.790125	0.790125
tRNA-Asn-GTT-11-2|acceptor_stem_3p|part1	8	8	4.816	0.602	0.602
tRNA-Asn-GTT-11-2|t_arm|part1	17	17	13.56	0.797647	0.797647
tRNA-Asn-GTT-11-2|variable_region|part1	6	6	3.107	0.517833	0.517833
tRNA-Asn-GTT-11-2|anticodon_arm|part1	17	17	11.023	0.648412	0.648412
tRNA-Asn-GTT-11-2|anticodon|part1	3	3	1.418	0.472667	0.472667
tRNA-Asn-GTT-11-2|d_arm|part1	19	19	12.61	0.663684	0.663684
tRNA-Asn-GTT-11-2|acceptor_stem_5p|part1	7	7	5.848	0.835429	0.835429
tRNA-Glu-TTC-8-1|acceptor_stem_3p|part1	8	8	0.0379999	0.00474999	0.00474999
tRNA-Glu-TTC-8-1|t_arm|part1	17	17	2.274	0.133765	0.133765
tRNA-Glu-TTC-8-1|variable_region|part1	5	5	-1.559	-0.3118	-0.3118
tRNA-Glu-TTC-8-1|anticodon_arm|part1	17	17	-8.903	-0.523706	-0.523706
tRNA-Glu-TTC-8-1|anticodon|part1	3	3	-0.447	-0.149	-0.149
tRNA-Glu-TTC-8-1|d_arm|part1	19	19	5.962	0.313789	0.313789
tRNA-Glu-TTC-8-1|acceptor_stem_5p|part1	7	7	0.972	0.138857	0.138857
tRNA-Phe-GAA-10-1|acceptor_stem_3p|part1	8	8	4.533	0.566625	0.566625
tRNA-Phe-GAA-10-1|t_arm|part1	17	17	7.465	0.439118	0.439118
tRNA-Phe-GAA-10-1|variable_region|part1	12	12	2.411	0.200917	0.200917
tRNA-Phe-GAA-10-1|anticodon_arm|part1	17	17	10.423	0.613118	0.613118
tRNA-Phe-GAA-10-1|anticodon|part1	3	3	1.925	0.641667	0.641667
tRNA-Phe-GAA-10-1|d_arm|part1	19	19	11.126	0.585579	0.585579
tRNA-Phe-GAA-10-1|acceptor_stem_5p|part1	7	7	-17.476	-2.49657	-2.49657
tRX-Val-NNN-4-1|acceptor_stem_3p|part1	8	8	4.534	0.56675	0.56675
tRX-Val-NNN-4-1|t_arm|part1	17	17	7.321	0.430647	0.430647
tRX-Val-NNN-4-1|variable_region|part1	3	3	-0.012	-0.004	-0.004
tRX-Val-NNN-4-1|anticodon_arm|part1	17	17	2.109	0.124059	0.124059
tRX-Val-NNN-4-1|anticodon|part1	3	3	1.414	0.471333	0.471333
tRX-Val-NNN-4-1|d_arm|part1	19	19	7.845	0.412895	0.412895
tRX-Val-NNN-4-1|acceptor_stem_5p|part1	7	7	3.701	0.528714	0.528714
tRNA-Val-CAC-1-7|acceptor_stem_3p|part1	8	8	1.954	0.24425	0.24425
tRNA-Val-CAC-1-7|t_arm|part1	17	17	2.205	0.129706	0.129706
tRNA-Val-CAC-1-7|variable_region|part1	5	5	1.628	0.3256	0.3256
tRNA-Val-CAC-1-7|anticodon_arm|part1	17	17	9.643	0.567235	0.567235
tRNA-Val-CAC-1-7|anticodon|part1	3	3	1.583	0.527667	0.527667
tRNA-Val-CAC-1-7|d_arm|part1	19	19	9.226	0.485579	0.485579
tRNA-Val-CAC-1-7|acceptor_stem_5p|part1	7	7	1.128	0.161143	0.161143
tRNA-Asn-GTT-8-1|acceptor_stem_3p|part1	8	8	2.397	0.299625	0.299625
tRNA-Asn-GTT-8-1|t_arm|part1	17	17	18.188	1.06988	1.06988
tRNA-Asn-GTT-8-1|variable_region|part1	6	6	2.454	0.409	0.409
tRNA-Asn-GTT-8-1|anticodon_arm|part1	17	17	10.364	0.609647	0.609647
tRNA-Asn-GTT-8-1|anticodon|part1	3	3	2.498	0.832667	0.832667
tRNA-Asn-GTT-8-1|d_arm|part1	19	19	8.932	0.470105	0.470105
tRNA-Asn-GTT-8-1|acceptor_stem_5p|part1	7	7	6.197	0.885286	0.885286
tRNA-iMet-CAT-1-1|acceptor_stem_5p|part1	7	7	29.379	4.197	4.197
tRNA-iMet-CAT-1-1|d_arm|part1	19	19	77.329	4.06995	4.06995
tRNA-iMet-CAT-1-1|anticodon_arm|part1	17	17	66.882	3.93424	3.93424
tRNA-iMet-CAT-1-1|anticodon|part1	3	3	11.887	3.96233	3.96233
tRNA-iMet-CAT-1-1|variable_region|part1	4	4	15.998	3.9995	3.9995
tRNA-iMet-CAT-1-1|t_arm|part1	17	17	67.569	3.97465	3.97465
tRNA-iMet-CAT-1-1|acceptor_stem_3p|part1	8	8	29.866	3.73325	3.73325
tRNA-Arg-TCT-4-1|acceptor_stem_3p|part1	8	8	40.576	5.072	5.072
tRNA-Arg-TCT-4-1|t_arm|part1	17	17	89.92	5.28941	5.28941
tRNA-Arg-TCT-4-1|variable_region|part1	6	6	30.482	5.08033	5.08033
tRNA-Arg-TCT-4-1|anticodon_arm|part1	17	17	92.213	5.42429	5.42429
tRNA-Arg-TCT-4-1|anticodon|part1	3	3	17.345	5.78167	5.78167
tRNA-Arg-TCT-4-1|d_arm|part1	19	19	97.612	5.13747	5.13747
tRNA-Arg-TCT-4-1|acceptor_stem_5p|part1	7	7	38.605	5.515	5.515
tRNA-Val-CAC-1-1|acceptor_stem_3p|part1	8	8	17.062	2.13275	2.13275
tRNA-Val-CAC-1-1|t_arm|part1	17	17	37.721	2.21888	2.21888
tRNA-Val-CAC-1-1|variable_region|part1	5	5	10.852	2.1704	2.1704
tRNA-Val-CAC-1-1|anticodon_arm|part1	17	17	37.372	2.19835	2.19835
tRNA-Val-CAC-1-1|anticodon|part1	3	3	7.023	2.341	2.341
tRNA-Val-CAC-1-1|d_arm|part1	19	19	41.446	2.18137	2.18137
tRNA-Val-CAC-1-1|acceptor_stem_5p|part1	7	7	16.026	2.28943	2.28943
tRNA-Und-NNN-3-1|acceptor_stem_5p|part1	7	7	4.19	0.598571	0.598571
tRNA-Und-NNN-3-1|d_arm|part1	19	19	20.838	1.09674	1.09674
tRNA-Und-NNN-3-1|anticodon_arm|part1	17	17	5.219	0.307	0.307
tRNA-Und-NNN-3-1|anticodon|part1	3	3	3.047	1.01567	1.01567
tRNA-Und-NNN-3-1|variable_region|part1	5	5	-0.605	-0.121	-0.121
tRNA-Und-NNN-3-1|t_arm|part1	17	17	11.318	0.665765	0.665765
tRNA-Und-NNN-3-1|acceptor_stem_3p|part1	8	8	6.622	0.82775	0.82775
tRNA-Glu-TTC-4-2|acceptor_stem_3p|part1	8	8	1.912	0.239	0.239
tRNA-Glu-TTC-4-2|t_arm|part1	17	17	2.039	0.119941	0.119941
tRNA-Glu-TTC-4-2|variable_region|part1	4	4	-2.953	-0.73825	-0.73825
tRNA-Glu-TTC-4-2|anticodon_arm|part1	17	17	2.387	0.140412	0.140412
tRNA-Glu-TTC-4-2|anticodon|part1	3	3	1.467	0.489	0.489
tRNA-Glu-TTC-4-2|d_arm|part1	19	19	11.092	0.583789	0.583789
tRNA-Glu-TTC-4-2|acceptor_stem_5p|part1	7	7	4.04	0.577143	0.577143
tRNA-Asn-GTT-2-2|acceptor_stem_3p|part1	8	8	5.577	0.697125	0.697125
tRNA-Asn-GTT-2-2|t_arm|part1	17	17	15.902	0.935412	0.935412
tRNA-Asn-GTT-2-2|variable_region|part1	6	6	6.715	1.11917	1.11917
tRNA-Asn-GTT-2-2|anticodon_arm|part1	17	17	14.245	0.837941	0.837941
tRNA-Asn-GTT-2-2|anticodon|part1	3	3	3.252	1.084	1.084
tRNA-Asn-GTT-2-2|d_arm|part1	19	19	13.887	0.730895	0.730895
tRNA-Asn-GTT-2-2|acceptor_stem_5p|part1	7	7	8.955	1.27929	1.27929
tRNA-Gly-TCC-4-1|acceptor_stem_3p|part1	8	8	1.278	0.15975	0.15975
tRNA-Gly-TCC-4-1|t_arm|part1	17	17	4.839	0.284647	0.284647
tRNA-Gly-TCC-4-1|variable_region|part1	4	4	3.11	0.7775	0.7775
tRNA-Gly-TCC-4-1|anticodon_arm|part1	17	17	6.17	0.362941	0.362941
tRNA-Gly-TCC-4-1|anticodon|part1	3	3	0.563	0.187667	0.187667
tRNA-Gly-TCC-4-1|d_arm|part1	19	19	2.372	0.124842	0.124842
tRNA-Gly-TCC-4-1|acceptor_stem_5p|part1	7	7	0.072	0.0102857	0.0102857
tRNA-Asp-GTC-2-1|acceptor_stem_3p|part1	8	8	1.235	0.154375	0.154375
tRNA-Asp-GTC-2-1|t_arm|part1	17	17	2.111	0.124176	0.124176
tRNA-Asp-GTC-2-1|variable_region|part1	4	4	2.387	0.59675	0.59675
tRNA-Asp-GTC-2-1|anticodon_arm|part1	17	17	2.781	0.163588	0.163588
tRNA-Asp-GTC-2-1|anticodon|part1	3	3	1.185	0.395	0.395
tRNA-Asp-GTC-2-1|d_arm|part1	19	19	4.435	0.233421	0.233421
tRNA-Asp-GTC-2-1|acceptor_stem_5p|part1	7	7	0.875	0.125	0.125
tRNA-Leu-CAG-1-1|acceptor_stem_5p|part1	7	7	5.314	0.759143	0.759143
tRNA-Leu-CAG-1-1|d_arm|part1	19	19	5.192	0.273263	0.273263
tRNA-Leu-CAG-1-1|anticodon_arm|part1	17	17	3.869	0.227588	0.227588
tRNA-Leu-CAG-1-1|anticodon|part1	3	3	-0.171	-0.057	-0.057
tRNA-Leu-CAG-1-1|variable_region|part1	15	15	4.161	0.2774	0.2774
tRNA-Leu-CAG-1-1|t_arm|part1	17	17	2.554	0.150235	0.150235
tRNA-Leu-CAG-1-1|acceptor_stem_3p|part1	8	8	0.099	0.012375	0.012375
tRNA-Gly-GCC-1-1|acceptor_stem_5p|part1	7	7	4.675	0.667857	0.667857
tRNA-Gly-GCC-1-1|d_arm|part1	19	19	11.848	0.623579	0.623579
tRNA-Gly-GCC-1-1|anticodon_arm|part1	17	17	12.708	0.747529	0.747529
tRNA-Gly-GCC-1-1|anticodon|part1	3	3	1.665	0.555	0.555
tRNA-Gly-GCC-1-1|variable_region|part1	3	3	2.037	0.679	0.679
tRNA-Gly-GCC-1-1|t_arm|part1	17	17	12.532	0.737176	0.737176
tRNA-Gly-GCC-1-1|acceptor_stem_3p|part1	8	8	4.805	0.600625	0.600625
tRNA-Glu-CTC-1-2|acceptor_stem_3p|part1	8	8	1.748	0.2185	0.2185
tRNA-Glu-CTC-1-2|t_arm|part1	17	17	5.925	0.348529	0.348529
tRNA-Glu-CTC-1-2|variable_region|part1	4	4	-0.512	-0.128	-0.128
tRNA-Glu-CTC-1-2|anticodon_arm|part1	17	17	3.365	0.197941	0.197941
tRNA-Glu-CTC-1-2|anticodon|part1	3	3	-0.253	-0.0843333	-0.0843333
tRNA-Glu-CTC-1-2|d_arm|part1	19	19	0.074	0.00389474	0.00389474
tRNA-Glu-CTC-1-2|acceptor_stem_5p|part1	7	7	-0.977	-0.139571	-0.139571
tRNA-Gly-TCC-2-2|acceptor_stem_3p|part1	8	8	-3.519	-0.439875	-0.439875
tRNA-Gly-TCC-2-2|t_arm|part1	17	17	5.426	0.319176	0.319176
tRNA-Gly-TCC-2-2|variable_region|part1	4	4	-2.958	-0.7395	-0.7395
tRNA-Gly-TCC-2-2|anticodon_arm|part1	17	17	-2.152	-0.126588	-0.126588
tRNA-Gly-TCC-2-2|anticodon|part1	3	3	0.393	0.131	0.131
tRNA-Gly-TCC-2-2|d_arm|part1	19	19	-1.979	-0.104158	-0.104158
tRNA-Gly-TCC-2-2|acceptor_stem_5p|part1	7	7	0.199	0.0284286	0.0284286
tRNA-Asp-GTC-2-2|acceptor_stem_3p|part1	8	8	0.111	0.013875	0.013875
tRNA-Asp-GTC-2-2|t_arm|part1	17	17	0.612	0.036	0.036
tRNA-Asp-GTC-2-2|variable_region|part1	4	4	2.044	0.511	0.511
tRNA-Asp-GTC-2-2|anticodon_arm|part1	17	17	-2.521	-0.148294	-0.148294
tRNA-Asp-GTC-2-2|anticodon|part1	3	3	-0.334	-0.111333	-0.111333
tRNA-Asp-GTC-2-2|d_arm|part1	19	19	3.554	0.187053	0.187053
tRNA-Asp-GTC-2-2|acceptor_stem_5p|part1	7	7	2.219	0.317	0.317
tRNA-Leu-CAG-1-2|acceptor_stem_5p|part1	7	7	-0.857	-0.122429	-0.122429
tRNA-Leu-CAG-1-2|d_arm|part1	19	19	0.915	0.0481579	0.0481579
tRNA-Leu-CAG-1-2|anticodon_arm|part1	17	17	1.241	0.073	0.073
tRNA-Leu-CAG-1-2|anticodon|part1	3	3	1.561	0.520333	0.520333
tRNA-Leu-CAG-1-2|variable_region|part1	15	15	2.971	0.198067	0.198067
tRNA-Leu-CAG-1-2|t_arm|part1	17	17	1.347	0.0792353	0.0792353
tRNA-Leu-CAG-1-2|acceptor_stem_3p|part1	8	8	1.861	0.232625	0.232625
tRNA-Gly-GCC-1-2|acceptor_stem_5p|part1	7	7	4.857	0.693857	0.693857
tRNA-Gly-GCC-1-2|d_arm|part1	19	19	13.57	0.714211	0.714211
tRNA-Gly-GCC-1-2|anticodon_arm|part1	17	17	13.35	0.785294	0.785294
tRNA-Gly-GCC-1-2|anticodon|part1	3	3	2.046	0.682	0.682
tRNA-Gly-GCC-1-2|variable_region|part1	3	3	1.253	0.417667	0.417667
tRNA-Gly-GCC-1-2|t_arm|part1	17	17	9.098	0.535176	0.535176
tRNA-Gly-GCC-1-2|acceptor_stem_3p|part1	8	8	4.65	0.58125	0.58125
tRNA-Glu-CTC-1-3|acceptor_stem_3p|part1	8	8	-1.992	-0.249	-0.249
tRNA-Glu-CTC-1-3|t_arm|part1	17	17	-3.345	-0.196765	-0.196765
tRNA-Glu-CTC-1-3|variable_region|part1	4	4	-2.074	-0.5185	-0.5185
tRNA-Glu-CTC-1-3|anticodon_arm|part1	17	17	3.195	0.187941	0.187941
tRNA-Glu-CTC-1-3|anticodon|part1	3	3	3.074	1.02467	1.02467
tRNA-Glu-CTC-1-3|d_arm|part1	19	19	-3.433	-0.180684	-0.180684
tRNA-Glu-CTC-1-3|acceptor_stem_5p|part1	7	7	-3.298	-0.471143	-0.471143
tRNA-Gly-TCC-2-3|acceptor_stem_3p|part1	8	8	-9.139	-1.14237	-1.14237
tRNA-Gly-TCC-2-3|t_arm|part1	17	17	-4.142	-0.243647	-0.243647
tRNA-Gly-TCC-2-3|variable_region|part1	4	4	-4.173	-1.04325	-1.04325
tRNA-Gly-TCC-2-3|anticodon_arm|part1	17	17	-4.899	-0.288176	-0.288176
tRNA-Gly-TCC-2-3|anticodon|part1	3	3	-0.558	-0.186	-0.186
tRNA-Gly-TCC-2-3|d_arm|part1	19	19	-4.484	-0.236	-0.236
tRNA-Gly-TCC-2-3|acceptor_stem_5p|part1	7	7	1.878	0.268286	0.268286
tRNA-Asp-GTC-2-3|acceptor_stem_3p|part1	8	8	-2.234	-0.27925	-0.27925
tRNA-Asp-GTC-2-3|t_arm|part1	17	17	-1.888	-0.111059	-0.111059
tRNA-Asp-GTC-2-3|variable_region|part1	4	4	0.503	0.12575	0.12575
tRNA-Asp-GTC-2-3|anticodon_arm|part1	17	17	0.65	0.0382353	0.0382353
tRNA-Asp-GTC-2-3|anticodon|part1	3	3	-0.367	-0.122333	-0.122333
tRNA-Asp-GTC-2-3|d_arm|part1	19	19	-10.773	-0.567	-0.567
tRNA-Asp-GTC-2-3|acceptor_stem_5p|part1	7	7	-2.505	-0.357857	-0.357857
tRNA-Leu-CAG-1-3|acceptor_stem_5p|part1	7	7	4.442	0.634571	0.634571
tRNA-Leu-CAG-1-3|d_arm|part1	19	19	11.591	0.610053	0.610053
tRNA-Leu-CAG-1-3|anticodon_arm|part1	17	17	1.937	0.113941	0.113941
tRNA-Leu-CAG-1-3|anticodon|part1	3	3	-0.955	-0.318333	-0.318333
tRNA-Leu-CAG-1-3|variable_region|part1	15	15	4.325	0.288333	0.288333
tRNA-Leu-CAG-1-3|t_arm|part1	17	17	7.743	0.455471	0.455471
tRNA-Leu-CAG-1-3|acceptor_stem_3p|part1	8	8	4.1	0.5125	0.5125
tRNA-Gly-GCC-1-3|acceptor_stem_5p|part1	7	7	3.668	0.524	0.524
tRNA-Gly-GCC-1-3|d_arm|part1	19	19	12.018	0.632526	0.632526
tRNA-Gly-GCC-1-3|anticodon_arm|part1	17	17	10.313	0.606647	0.606647
tRNA-Gly-GCC-1-3|anticodon|part1	3	3	1.928	0.642667	0.642667
tRNA-Gly-GCC-1-3|variable_region|part1	3	3	1.269	0.423	0.423
tRNA-Gly-GCC-1-3|t_arm|part1	17	17	9.95	0.585294	0.585294
tRNA-Gly-GCC-1-3|acceptor_stem_3p|part1	8	8	5.154	0.64425	0.64425
tRNA-Glu-CTC-1-4|acceptor_stem_3p|part1	8	8	3.946	0.49325	0.49325
tRNA-Glu-CTC-1-4|t_arm|part1	17	17	-2.178	-0.128118	-0.128118
tRNA-Glu-CTC-1-4|variable_region|part1	4	4	1.236	0.309	0.309
tRNA-Glu-CTC-1-4|anticodon_arm|part1	17	17	-1.283	-0.0754706	-0.0754706
tRNA-Glu-CTC-1-4|anticodon|part1	3	3	2.334	0.778	0.778
tRNA-Glu-CTC-1-4|d_arm|part1	19	19	0.761	0.0400526	0.0400526
tRNA-Glu-CTC-1-4|acceptor_stem_5p|part1	7	7	2.943	0.420429	0.420429
tRNA-Gly-TCC-2-4|acceptor_stem_3p|part1	8	8	-2.794	-0.34925	-0.34925
tRNA-Gly-TCC-2-4|t_arm|part1	17	17	-1.681	-0.0988824	-0.0988824
tRNA-Gly-TCC-2-4|variable_region|part1	4	4	-2.846	-0.7115	-0.7115
tRNA-Gly-TCC-2-4|anticodon_arm|part1	17	17	-2.254	-0.132588	-0.132588
tRNA-Gly-TCC-2-4|anticodon|part1	3	3	-0.243	-0.081	-0.081
tRNA-Gly-TCC-2-4|d_arm|part1	19	19	-2.053	-0.108053	-0.108053
tRNA-Gly-TCC-2-4|acceptor_stem_5p|part1	7	7	-2.947	-0.421	-0.421
tRNA-Asp-GTC-2-4|acceptor_stem_3p|part1	8	8	0.793	0.099125	0.099125
tRNA-Asp-GTC-2-4|t_arm|part1	17	17	-3.554	-0.209059	-0.209059
tRNA-Asp-GTC-2-4|variable_region|part1	4	4	-2.431	-0.60775	-0.60775
tRNA-Asp-GTC-2-4|anticodon_arm|part1	17	17	-3.306	-0.194471	-0.194471
tRNA-Asp-GTC-2-4|anticodon|part1	3	3	-1.848	-0.616	-0.616
tRNA-Asp-GTC-2-4|d_arm|part1	19	19	-4.783	-0.251737	-0.251737
tRNA-Asp-GTC-2-4|acceptor_stem_5p|part1	7	7	-1.81	-0.258571	-0.258571
tRNA-Leu-CAG-1-4|acceptor_stem_5p|part1	7	7	0.399	0.057	0.057
tRNA-Leu-CAG-1-4|d_arm|part1	19	19	-0.418	-0.022	-0.022
tRNA-Leu-CAG-1-4|anticodon_arm|part1	17	17	3.398	0.199882	0.199882
tRNA-Leu-CAG-1-4|anticodon|part1	3	3	-0.608	-0.202667	-0.202667
tRNA-Leu-CAG-1-4|variable_region|part1	15	15	2.981	0.198733	0.198733
tRNA-Leu-CAG-1-4|t_arm|part1	17	17	1.867	0.109824	0.109824
tRNA-Leu-CAG-1-4|acceptor_stem_3p|part1	8	8	-0.879	-0.109875	-0.109875
tRNA-Gly-GCC-1-4|acceptor_stem_5p|part1	7	7	1.396	0.199429	0.199429
tRNA-Gly-GCC-1-4|d_arm|part1	19	19	10.238	0.538842	0.538842
tRNA-Gly-GCC-1-4|anticodon_arm|part1	17	17	5.595	0.329118	0.329118
tRNA-Gly-GCC-1-4|anticodon|part1	3	3	1.939	0.646333	0.646333
tRNA-Gly-GCC-1-4|variable_region|part1	3	3	0.872	0.290667	0.290667
tRNA-Gly-GCC-1-4|t_arm|part1	17	17	4.458	0.262235	0.262235
tRNA-Gly-GCC-1-4|acceptor_stem_3p|part1	8	8	5.184	0.648	0.648
tRNA-Glu-CTC-1-5|acceptor_stem_3p|part1	8	8	1.956	0.2445	0.2445
tRNA-Glu-CTC-1-5|t_arm|part1	17	17	2.032	0.119529	0.119529
tRNA-Glu-CTC-1-5|variable_region|part1	4	4	1.09	0.2725	0.2725
tRNA-Glu-CTC-1-5|anticodon_arm|part1	17	17	4.83	0.284118	0.284118
tRNA-Glu-CTC-1-5|anticodon|part1	3	3	0.002	0.000666667	0.000666667
tRNA-Glu-CTC-1-5|d_arm|part1	19	19	-0.757	-0.0398421	-0.0398421
tRNA-Glu-CTC-1-5|acceptor_stem_5p|part1	7	7	0.496	0.0708571	0.0708571
tRNA-Gly-TCC-2-5|acceptor_stem_3p|part1	8	8	-4.835	-0.604375	-0.604375
tRNA-Gly-TCC-2-5|t_arm|part1	17	17	0.233	0.0137059	0.0137059
tRNA-Gly-TCC-2-5|variable_region|part1	4	4	-2.881	-0.72025	-0.72025
tRNA-Gly-TCC-2-5|anticodon_arm|part1	17	17	-3.411	-0.200647	-0.200647
tRNA-Gly-TCC-2-5|anticodon|part1	3	3	0.174	0.058	0.058
tRNA-Gly-TCC-2-5|d_arm|part1	19	19	1.123	0.0591053	0.0591053
tRNA-Gly-TCC-2-5|acceptor_stem_5p|part1	7	7	-2.001	-0.285857	-0.285857
tRNA-Asp-GTC-2-5|acceptor_stem_3p|part1	8	8	-1.443	-0.180375	-0.180375
tRNA-Asp-GTC-2-5|t_arm|part1	17	17	-3.688	-0.216941	-0.216941
tRNA-Asp-GTC-2-5|variable_region|part1	4	4	-0.545	-0.13625	-0.13625
tRNA-Asp-GTC-2-5|anticodon_arm|part1	17	17	1.235	0.0726471	0.0726471
tRNA-Asp-GTC-2-5|anticodon|part1	3	3	-2.124	-0.708	-0.708
tRNA-Asp-GTC-2-5|d_arm|part1	19	19	-7.7	-0.405263	-0.405263
tRNA-Asp-GTC-2-5|acceptor_stem_5p|part1	7	7	-0.732	-0.104571	-0.104571
tRNA-Leu-CAG-1-5|acceptor_stem_5p|part1	7	7	-4.4	-0.628571	-0.628571
tRNA-Leu-CAG-1-5|d_arm|part1	19	19	2.193	0.115421	0.115421
tRNA-Leu-CAG-1-5|anticodon_arm|part1	17	17	5.561	0.327118	0.327118
tRNA-Leu-CAG-1-5|anticodon|part1	3	3	-0.656	-0.218667	-0.218667
tRNA-Leu-CAG-1-5|variable_region|part1	15	15	2.354	0.156933	0.156933
tRNA-Leu-CAG-1-5|t_arm|part1	17	17	3.355	0.197353	0.197353
tRNA-Leu-CAG-1-5|acceptor_stem_3p|part1	8	8	-0.035	-0.004375	-0.004375
tRNA-Gly-GCC-4-1|acceptor_stem_5p|part1	7	7	0.424	0.0605714	0.0605714
tRNA-Gly-GCC-4-1|d_arm|part1	19	19	7.545	0.397105	0.397105
tRNA-Gly-GCC-4-1|anticodon_arm|part1	17	17	2.952	0.173647	0.173647
tRNA-Gly-GCC-4-1|anticodon|part1	3	3	0.668	0.222667	0.222667
tRNA-Gly-GCC-4-1|variable_region|part1	3	3	0.804	0.268	0.268
tRNA-Gly-GCC-4-1|t_arm|part1	17	17	1.328	0.0781176	0.0781176
tRNA-Gly-GCC-4-1|acceptor_stem_3p|part1	8	8	3.265	0.408125	0.408125
tRNA-Gly-GCC-2-1|acceptor_stem_3p|part1	8	8	21.875	2.73437	2.73437
tRNA-Gly-GCC-2-1|t_arm|part1	17	17	44.568	2.62165	2.62165
tRNA-Gly-GCC-2-1|variable_region|part1	3	3	8.904	2.968	2.968
tRNA-Gly-GCC-2-1|anticodon_arm|part1	17	17	45.877	2.69865	2.69865
tRNA-Gly-GCC-2-1|anticodon|part1	3	3	8.266	2.75533	2.75533
tRNA-Gly-GCC-2-1|d_arm|part1	19	19	50.481	2.65689	2.65689
tRNA-Gly-GCC-2-1|acceptor_stem_5p|part1	7	7	18.222	2.60314	2.60314
tRNA-Leu-CAG-1-6|acceptor_stem_3p|part1	8	8	13.7	1.7125	1.7125
tRNA-Leu-CAG-1-6|t_arm|part1	17	17	42.615	2.50676	2.50676
tRNA-Leu-CAG-1-6|variable_region|part1	15	15	28.828	1.92187	1.92187
tRNA-Leu-CAG-1-6|anticodon_arm|part1	17	17	40.663	2.39194	2.39194
tRNA-Leu-CAG-1-6|anticodon|part1	3	3	7.642	2.54733	2.54733
tRNA-Leu-CAG-1-6|d_arm|part1	19	19	41.345	2.17605	2.17605
tRNA-Leu-CAG-1-6|acceptor_stem_5p|part1	7	7	14.204	2.02914	2.02914
tRNA-Gly-TCC-2-6|acceptor_stem_5p|part1	7	7	16.858	2.40829	2.40829
tRNA-Gly-TCC-2-6|d_arm|part1	19	19	50.945	2.68132	2.68132
tRNA-Gly-TCC-2-6|anticodon_arm|part1	17	17	40.343	2.37312	2.37312
tRNA-Gly-TCC-2-6|anticodon|part1	3	3	5.246	1.74867	1.74867
tRNA-Gly-TCC-2-6|variable_region|part1	4	4	10.211	2.55275	2.55275
tRNA-Gly-TCC-2-6|t_arm|part1	17	17	44.614	2.62435	2.62435
tRNA-Gly-TCC-2-6|acceptor_stem_3p|part1	8	8	17.03	2.12875	2.12875
tRNA-Asn-GTT-1-1|acceptor_stem_5p|part1	7	7	16.567	2.36671	2.36671
tRNA-Asn-GTT-1-1|d_arm|part1	19	19	47.511	2.50058	2.50058
tRNA-Asn-GTT-1-1|anticodon_arm|part1	17	17	40.728	2.39576	2.39576
tRNA-Asn-GTT-1-1|anticodon|part1	3	3	7.536	2.512	2.512
tRNA-Asn-GTT-1-1|variable_region|part1	6	6	12.748	2.12467	2.12467
tRNA-Asn-GTT-1-1|t_arm|part1	17	17	39.669	2.33347	2.33347
tRNA-Asn-GTT-1-1|acceptor_stem_3p|part1	8	8	14.809	1.85113	1.85113
tRX-Cys-NNN-3-1|acceptor_stem_3p|part1	8	8	20.94	2.6175	2.6175
tRX-Cys-NNN-3-1|t_arm|part1	17	17	41.132	2.41953	2.41953
tRX-Cys-NNN-3-1|variable_region|part1	3	3	7.261	2.42033	2.42033
tRX-Cys-NNN-3-1|anticodon_arm|part1	17	17	37.648	2.21459	2.21459
tRX-Cys-NNN-3-1|anticodon|part1	3	3	5.775	1.925	1.925
tRX-Cys-NNN-3-1|d_arm|part1	19	19	47.887	2.52037	2.52037
tRX-Cys-NNN-3-1|acceptor_stem_5p|part1	7	7	14.899	2.12843	2.12843
tRNA-Leu-CAA-6-1|acceptor_stem_3p|part1	8	8	14.283	1.78537	1.78537
tRNA-Leu-CAA-6-1|t_arm|part1	17	17	43.781	2.57535	2.57535
tRNA-Leu-CAA-6-1|variable_region|part1	16	16	30.018	1.87612	1.87612
tRNA-Leu-CAA-6-1|anticodon_arm|part1	17	17	42.415	2.495	2.495
tRNA-Leu-CAA-6-1|anticodon|part1	3	3	9.298	3.09933	3.09933
tRNA-Leu-CAA-6-1|d_arm|part1	19	19	39.465	2.07711	2.07711
tRNA-Leu-CAA-6-1|acceptor_stem_5p|part1	7	7	15.391	2.19871	2.19871
tRNA-Lys-CTT-13-1|acceptor_stem_5p|part1	7	7	-2.932	-0.418857	-0.418857
tRNA-Lys-CTT-13-1|d_arm|part1	19	19	1.099	0.0578421	0.0578421
tRNA-Lys-CTT-13-1|anticodon_arm|part1	17	17	1.607	0.0945294	0.0945294
tRNA-Lys-CTT-13-1|anticodon|part1	3	3	0.038	0.0126667	0.0126667
tRNA-Lys-CTT-13-1|variable_region|part1	5	5	-2.502	-0.5004	-0.5004
tRNA-Lys-CTT-13-1|t_arm|part1	17	17	-4.665	-0.274412	-0.274412
tRNA-Lys-CTT-13-1|acceptor_stem_3p|part1	8	8	-2.809	-0.351125	-0.351125
tRNA-Pro-CGG-1-1|acceptor_stem_5p|part1	7	7	19.544	2.792	2.792
tRNA-Pro-CGG-1-1|d_arm|part1	19	19	53.701	2.82637	2.82637
tRNA-Pro-CGG-1-1|anticodon_arm|part1	17	17	48.156	2.83271	2.83271
tRNA-Pro-CGG-1-1|anticodon|part1	3	3	9.48	3.16	3.16
tRNA-Pro-CGG-1-1|variable_region|part1	4	4	11.352	2.838	2.838
tRNA-Pro-CGG-1-1|t_arm|part1	17	17	47.261	2.78006	2.78006
tRNA-Pro-CGG-1-1|acceptor_stem_3p|part1	8	8	22.232	2.779	2.779
tRNA-Pro-AGG-2-1|acceptor_stem_3p|part1	8	8	25.516	3.1895	3.1895
tRNA-Pro-AGG-2-1|t_arm|part1	17	17	51.2	3.01176	3.01176
tRNA-Pro-AGG-2-1|variable_region|part1	4	4	12.584	3.146	3.146
tRNA-Pro-AGG-2-1|anticodon_arm|part1	17	17	45.768	2.69224	2.69224
tRNA-Pro-AGG-2-1|anticodon|part1	3	3	8.484	2.828	2.828
tRNA-Pro-AGG-2-1|d_arm|part1	19	19	56.385	2.96763	2.96763
tRNA-Pro-AGG-2-1|acceptor_stem_5p|part1	7	7	20.954	2.99343	2.99343
tRNA-Glu-TTC-12-1|acceptor_stem_3p|part1	8	8	-1.73	-0.21625	-0.21625
tRNA-Glu-TTC-12-1|t_arm|part1	17	17	0.668	0.0392941	0.0392941
tRNA-Glu-TTC-12-1|variable_region|part1	8	8	-2.249	-0.281125	-0.281125
tRNA-Glu-TTC-12-1|anticodon_arm|part1	17	17	-1.859	-0.109353	-0.109353
tRNA-Glu-TTC-12-1|anticodon|part1	3	3	0.542	0.180667	0.180667
tRNA-Glu-TTC-12-1|d_arm|part1	19	19	1.808	0.0951579	0.0951579
tRNA-Glu-TTC-12-1|acceptor_stem_5p|part1	7	7	0.641	0.0915714	0.0915714
tRNA-Lys-TTT-3-1|acceptor_stem_5p|part1	7	7	20.049	2.86414	2.86414
tRNA-Lys-TTT-3-1|d_arm|part1	19	19	53.102	2.79484	2.79484
tRNA-Lys-TTT-3-1|anticodon_arm|part1	17	17	48.176	2.83388	2.83388
tRNA-Lys-TTT-3-1|anticodon|part1	3	3	7.899	2.633	2.633
tRNA-Lys-TTT-3-1|variable_region|part1	5	5	15.096	3.0192	3.0192
tRNA-Lys-TTT-3-1|t_arm|part1	17	17	46.631	2.743	2.743
tRNA-Lys-TTT-3-1|acceptor_stem_3p|part1	8	8	23.529	2.94112	2.94112
tRNA-Lys-TTT-3-2|acceptor_stem_3p|part1	8	8	18.772	2.3465	2.3465
tRNA-Lys-TTT-3-2|t_arm|part1	17	17	40.055	2.35618	2.35618
tRNA-Lys-TTT-3-2|variable_region|part1	5	5	10.495	2.099	2.099
tRNA-Lys-TTT-3-2|anticodon_arm|part1	17	17	39.476	2.32212	2.32212
tRNA-Lys-TTT-3-2|anticodon|part1	3	3	7.922	2.64067	2.64067
tRNA-Lys-TTT-3-2|d_arm|part1	19	19	41.122	2.16432	2.16432
tRNA-Lys-TTT-3-2|acceptor_stem_5p|part1	7	7	17.619	2.517	2.517
tRNA-Pro-TGG-5-1|acceptor_stem_3p|part1	8	8	-3.362	-0.42025	-0.42025
tRNA-Pro-TGG-5-1|t_arm|part1	17	17	-0.939	-0.0552353	-0.0552353
tRNA-Pro-TGG-5-1|variable_region|part1	9	9	2.195	0.243889	0.243889
tRNA-Pro-TGG-5-1|anticodon_arm|part1	17	17	0.751	0.0441765	0.0441765
tRNA-Pro-TGG-5-1|anticodon|part1	3	3	3.665	1.22167	1.22167
tRNA-Pro-TGG-5-1|d_arm|part1	19	19	-7.639	-0.402053	-0.402053
tRNA-Pro-TGG-5-1|acceptor_stem_5p|part1	7	7	0.572	0.0817143	0.0817143
tRNA-Thr-TGT-2-1|acceptor_stem_5p|part1	7	7	8.18	1.16857	1.16857
tRNA-Thr-TGT-2-1|d_arm|part1	19	19	19.81	1.04263	1.04263
tRNA-Thr-TGT-2-1|anticodon_arm|part1	17	17	22.473	1.32194	1.32194
tRNA-Thr-TGT-2-1|anticodon|part1	3	3	3.298	1.09933	1.09933
tRNA-Thr-TGT-2-1|variable_region|part1	5	5	5.489	1.0978	1.0978
tRNA-Thr-TGT-2-1|t_arm|part1	17	17	11.92	0.701176	0.701176
tRNA-Thr-TGT-2-1|acceptor_stem_3p|part1	8	8	5.617	0.702125	0.702125
tRNA-Leu-CAA-4-1|acceptor_stem_5p|part1	7	7	13.75	1.96429	1.96429
tRNA-Leu-CAA-4-1|d_arm|part1	19	19	35.385	1.86237	1.86237
tRNA-Leu-CAA-4-1|anticodon_arm|part1	12	12	20.363	1.69692	1.69692
tRNA-Leu-CAA-4-1|anticodon|part1	3	3	5.348	1.78267	1.78267
tRNA-Leu-CAA-4-1|intron|part1	22	22	-2.943	-0.133773	-0.133773
tRNA-Leu-CAA-4-1|anticodon_arm|part2	5	5	8.958	1.7916	1.7916
tRNA-Leu-CAA-4-1|variable_region|part1	16	16	22.467	1.40419	1.40419
tRNA-Leu-CAA-4-1|t_arm|part1	17	17	31.849	1.87347	1.87347
tRNA-Leu-CAA-4-1|acceptor_stem_3p|part1	8	8	13.527	1.69088	1.69088
tRNA-Glu-CTC-2-1|acceptor_stem_5p|part1	7	7	12.216	1.74514	1.74514
tRNA-Glu-CTC-2-1|d_arm|part1	19	19	34.682	1.82537	1.82537
tRNA-Glu-CTC-2-1|anticodon_arm|part1	17	17	26.62	1.56588	1.56588
tRNA-Glu-CTC-2-1|anticodon|part1	3	3	4.89	1.63	1.63
tRNA-Glu-CTC-2-1|variable_region|part1	4	4	7.308	1.827	1.827
tRNA-Glu-CTC-2-1|t_arm|part1	17	17	29.238	1.71988	1.71988
tRNA-Glu-CTC-2-1|acceptor_stem_3p|part1	8	8	11.876	1.4845	1.4845
tRNA-Val-TAC-3-1|acceptor_stem_3p|part1	8	8	1.81	0.22625	0.22625
tRNA-Val-TAC-3-1|t_arm|part1	17	17	-6.68	-0.392941	-0.392941
tRNA-Val-TAC-3-1|variable_region|part1	5	5	1.13	0.226	0.226
tRNA-Val-TAC-3-1|anticodon_arm|part1	17	17	0.432	0.0254118	0.0254118
tRNA-Val-TAC-3-1|anticodon|part1	3	3	-0.342	-0.114	-0.114
tRNA-Val-TAC-3-1|d_arm|part1	19	19	-0.462	-0.0243158	-0.0243158
tRNA-Val-TAC-3-1|acceptor_stem_5p|part1	7	7	-0.582	-0.0831429	-0.0831429
tRNA-Asn-GTT-2-3|acceptor_stem_3p|part1	8	8	30.116	3.7645	3.7645
tRNA-Asn-GTT-2-3|t_arm|part1	17	17	65.95	3.87941	3.87941
tRNA-Asn-GTT-2-3|variable_region|part1	6	6	21.109	3.51817	3.51817
tRNA-Asn-GTT-2-3|anticodon_arm|part1	17	17	66.917	3.93629	3.93629
tRNA-Asn-GTT-2-3|anticodon|part1	3	3	11.841	3.947	3.947
tRNA-Asn-GTT-2-3|d_arm|part1	19	19	74.251	3.90795	3.90795
tRNA-Asn-GTT-2-3|acceptor_stem_5p|part1	7	7	28.435	4.06214	4.06214
tRX-Und-NNN-8-1|acceptor_stem_3p|part1	8	8	-1.182	-0.14775	-0.14775
tRX-Und-NNN-8-1|t_arm|part1	17	17	1.56	0.0917647	0.0917647
tRX-Und-NNN-8-1|variable_region|part1	6	6	-0.292	-0.0486667	-0.0486667
tRX-Und-NNN-8-1|anticodon_arm|part1	17	17	1.667	0.0980588	0.0980588
tRX-Und-NNN-8-1|anticodon|part1	3	3	0.541	0.180333	0.180333
tRX-Und-NNN-8-1|d_arm|part1	19	19	2.035	0.107105	0.107105
tRX-Und-NNN-8-1|acceptor_stem_5p|part1	7	7	1.275	0.182143	0.182143
tRNA-Ser-TGA-1-1|acceptor_stem_5p|part1	7	7	24.008	3.42971	3.42971
tRNA-Ser-TGA-1-1|d_arm|part1	19	19	64.674	3.40389	3.40389
tRNA-Ser-TGA-1-1|anticodon_arm|part1	17	17	55.74	3.27882	3.27882
tRNA-Ser-TGA-1-1|anticodon|part1	3	3	10.178	3.39267	3.39267
tRNA-Ser-TGA-1-1|variable_region|part1	14	14	45.188	3.22771	3.22771
tRNA-Ser-TGA-1-1|t_arm|part1	17	17	55.622	3.27188	3.27188
tRNA-Ser-TGA-1-1|acceptor_stem_3p|part1	8	8	25.944	3.243	3.243
tRX-Gln-NNN-2-1|acceptor_stem_3p|part1	8	8	2.838	0.35475	0.35475
tRX-Gln-NNN-2-1|t_arm|part1	17	17	3.1	0.182353	0.182353
tRX-Gln-NNN-2-1|variable_region|part1	10	10	1.995	0.1995	0.1995
tRX-Gln-NNN-2-1|anticodon_arm|part1	17	17	2.823	0.166059	0.166059
tRX-Gln-NNN-2-1|anticodon|part1	3	3	1.374	0.458	0.458
tRX-Gln-NNN-2-1|d_arm|part1	19	19	-2.256	-0.118737	-0.118737
tRX-Gln-NNN-2-1|acceptor_stem_5p|part1	7	7	0.131	0.0187143	0.0187143
tRNA-Lys-CTT-15-1|acceptor_stem_3p|part1	8	0	0	0	0
tRNA-Lys-CTT-15-1|t_arm|part1	17	0	0	0	0
tRNA-Lys-CTT-15-1|variable_region|part1	5	0	0	0	0
tRNA-Lys-CTT-15-1|anticodon_arm|part1	17	0	0	0	0
tRNA-Lys-CTT-15-1|anticodon|part1	3	0	0	0	0
tRNA-Lys-CTT-15-1|d_arm|part1	19	0	0	0	0
tRNA-Lys-CTT-15-1|acceptor_stem_5p|part1	7	0	0	0	0
tRNA-Val-TAC-1-1|acceptor_stem_3p|part1	8	8	11.778	1.47225	1.47225
tRNA-Val-TAC-1-1|t_arm|part1	17	17	30.276	1.78094	1.78094
tRNA-Val-TAC-1-1|variable_region|part1	5	5	7.844	1.5688	1.5688
tRNA-Val-TAC-1-1|anticodon_arm|part1	17	17	30.555	1.79735	1.79735
tRNA-Val-TAC-1-1|anticodon|part1	3	3	5.67	1.89	1.89
tRNA-Val-TAC-1-1|d_arm|part1	19	19	28.499	1.49995	1.49995
tRNA-Val-TAC-1-1|acceptor_stem_5p|part1	7	7	12.974	1.85343	1.85343
tRNA-Val-TAC-2-1|acceptor_stem_3p|part1	8	8	11.82	1.4775	1.4775
tRNA-Val-TAC-2-1|t_arm|part1	17	17	26.307	1.54747	1.54747
tRNA-Val-TAC-2-1|variable_region|part1	5	5	6.162	1.2324	1.2324
tRNA-Val-TAC-2-1|anticodon_arm|part1	17	17	27.82	1.63647	1.63647
tRNA-Val-TAC-2-1|anticodon|part1	3	3	6.073	2.02433	2.02433
tRNA-Val-TAC-2-1|d_arm|part1	19	19	30.796	1.62084	1.62084
tRNA-Val-TAC-2-1|acceptor_stem_5p|part1	7	7	10.478	1.49686	1.49686
tRNA-Arg-TCT-3-2|acceptor_stem_5p|part1	7	7	15.376	2.19657	2.19657
tRNA-Arg-TCT-3-2|d_arm|part1	19	19	42.838	2.25463	2.25463
tRNA-Arg-TCT-3-2|anticodon_arm|part1	11	11	23.531	2.13918	2.13918
tRNA-Arg-TCT-3-2|anticodon|part1	3	3	5.968	1.98933	1.98933
tRNA-Arg-TCT-3-2|intron|part1	13	13	7.609	0.585308	0.585308
tRNA-Arg-TCT-3-2|anticodon_arm|part2	6	6	12.931	2.15517	2.15517
tRNA-Arg-TCT-3-2|variable_region|part1	5	5	11.271	2.2542	2.2542
tRNA-Arg-TCT-3-2|t_arm|part1	17	17	37.368	2.19812	2.19812
tRNA-Arg-TCT-3-2|acceptor_stem_3p|part1	8	8	18.021	2.25262	2.25262
tRNA-Leu-TAA-3-1|acceptor_stem_5p|part1	7	7	0.634	0.0905714	0.0905714
tRNA-Leu-TAA-3-1|d_arm|part1	19	19	14.36	0.755789	0.755789
tRNA-Leu-TAA-3-1|anticodon_arm|part1	17	17	5.867	0.345118	0.345118
tRNA-Leu-TAA-3-1|anticodon|part1	3	3	3.125	1.04167	1.04167
tRNA-Leu-TAA-3-1|variable_region|part1	15	15	5.786	0.385733	0.385733
tRNA-Leu-TAA-3-1|t_arm|part1	17	17	14.965	0.880294	0.880294
tRNA-Leu-TAA-3-1|acceptor_stem_3p|part1	8	8	8.786	1.09825	1.09825
tRNA-Lys-TTT-5-1|acceptor_stem_5p|part1	7	7	6.516	0.930857	0.930857
tRNA-Lys-TTT-5-1|d_arm|part1	19	19	35.935	1.89132	1.89132
tRNA-Lys-TTT-5-1|anticodon_arm|part1	17	17	33.149	1.94994	1.94994
tRNA-Lys-TTT-5-1|anticodon|part1	3	3	5.647	1.88233	1.88233
tRNA-Lys-TTT-5-1|variable_region|part1	5	5	11.771	2.3542	2.3542
tRNA-Lys-TTT-5-1|t_arm|part1	17	17	37.557	2.20924	2.20924
tRNA-Lys-TTT-5-1|acceptor_stem_3p|part1	8	8	11.528	1.441	1.441
tRNA-Phe-GAA-1-3|acceptor_stem_3p|part1	8	8	15.018	1.87725	1.87725
tRNA-Phe-GAA-1-3|t_arm|part1	17	17	35.423	2.08371	2.08371
tRNA-Phe-GAA-1-3|variable_region|part1	5	5	10.319	2.0638	2.0638
tRNA-Phe-GAA-1-3|anticodon_arm|part1	17	17	33.79	1.98765	1.98765
tRNA-Phe-GAA-1-3|anticodon|part1	3	3	5.735	1.91167	1.91167
tRNA-Phe-GAA-1-3|d_arm|part1	19	19	38.865	2.04553	2.04553
tRNA-Phe-GAA-1-3|acceptor_stem_5p|part1	7	7	13.006	1.858	1.858
tRNA-Lys-TTT-3-4|acceptor_stem_3p|part1	8	8	20.538	2.56725	2.56725
tRNA-Lys-TTT-3-4|t_arm|part1	17	17	42.795	2.51735	2.51735
tRNA-Lys-TTT-3-4|variable_region|part1	5	5	12.582	2.5164	2.5164
tRNA-Lys-TTT-3-4|anticodon_arm|part1	17	17	44.163	2.59782	2.59782
tRNA-Lys-TTT-3-4|anticodon|part1	3	3	8.181	2.727	2.727
tRNA-Lys-TTT-3-4|d_arm|part1	19	19	45.677	2.40405	2.40405
tRNA-Lys-TTT-3-4|acceptor_stem_5p|part1	7	7	18.027	2.57529	2.57529
tRNA-Phe-GAA-2-1|acceptor_stem_3p|part1	8	8	10.918	1.36475	1.36475
tRNA-Phe-GAA-2-1|t_arm|part1	17	17	25.048	1.47341	1.47341
tRNA-Phe-GAA-2-1|variable_region|part1	5	5	6.041	1.2082	1.2082
tRNA-Phe-GAA-2-1|anticodon_arm|part1	17	17	21.644	1.27318	1.27318
tRNA-Phe-GAA-2-1|anticodon|part1	3	3	3.767	1.25567	1.25567
tRNA-Phe-GAA-2-1|d_arm|part1	19	19	27.233	1.43332	1.43332
tRNA-Phe-GAA-2-1|acceptor_stem_5p|part1	7	7	6.852	0.978857	0.978857
tRNA-Ser-GCT-3-1|acceptor_stem_5p|part1	7	7	27.227	3.88957	3.88957
tRNA-Ser-GCT-3-1|d_arm|part1	19	19	76.069	4.00363	4.00363
tRNA-Ser-GCT-3-1|anticodon_arm|part1	17	17	57.575	3.38676	3.38676
tRNA-Ser-GCT-3-1|anticodon|part1	3	3	12.543	4.181	4.181
tRNA-Ser-GCT-3-1|variable_region|part1	14	14	49.518	3.537	3.537
tRNA-Ser-GCT-3-1|t_arm|part1	17	17	65.982	3.88129	3.88129
tRNA-Ser-GCT-3-1|acceptor_stem_3p|part1	8	8	29.864	3.733	3.733
tRNA-Pro-AGG-2-4|acceptor_stem_5p|part1	7	7	18.005	2.57214	2.57214
tRNA-Pro-AGG-2-4|d_arm|part1	19	19	43.512	2.29011	2.29011
tRNA-Pro-AGG-2-4|anticodon_arm|part1	17	17	43.317	2.54806	2.54806
tRNA-Pro-AGG-2-4|anticodon|part1	3	3	6.475	2.15833	2.15833
tRNA-Pro-AGG-2-4|variable_region|part1	4	4	12.621	3.15525	3.15525
tRNA-Pro-AGG-2-4|t_arm|part1	17	17	51.127	3.00747	3.00747
tRNA-Pro-AGG-2-4|acceptor_stem_3p|part1	8	8	23.688	2.961	2.961
tRNA-Pro-TGG-2-1|acceptor_stem_3p|part1	8	8	24.308	3.0385	3.0385
tRNA-Pro-TGG-2-1|t_arm|part1	17	17	53.103	3.12371	3.12371
tRNA-Pro-TGG-2-1|variable_region|part1	4	4	12.592	3.148	3.148
tRNA-Pro-TGG-2-1|anticodon_arm|part1	17	17	53.032	3.11953	3.11953
tRNA-Pro-TGG-2-1|anticodon|part1	3	3	8.49	2.83	2.83
tRNA-Pro-TGG-2-1|d_arm|part1	19	19	58.834	3.09653	3.09653
tRNA-Pro-TGG-2-1|acceptor_stem_5p|part1	7	7	22.455	3.20786	3.20786
tRX-Arg-NNN-2-1|acceptor_stem_5p|part1	7	7	2.283	0.326143	0.326143
tRX-Arg-NNN-2-1|d_arm|part1	19	19	-0.824	-0.0433684	-0.0433684
tRX-Arg-NNN-2-1|anticodon_arm|part1	17	17	-1.366	-0.0803529	-0.0803529
tRX-Arg-NNN-2-1|anticodon|part1	3	3	-2.047	-0.682333	-0.682333
tRX-Arg-NNN-2-1|variable_region|part1	11	11	-2.126	-0.193273	-0.193273
tRX-Arg-NNN-2-1|t_arm|part1	17	17	2.201	0.129471	0.129471
tRX-Arg-NNN-2-1|acceptor_stem_3p|part1	8	8	-2.331	-0.291375	-0.291375
tRNA-Lys-TTT-2-1|acceptor_stem_5p|part1	7	7	-2.817	-0.402429	-0.402429
tRNA-Lys-TTT-2-1|d_arm|part1	19	19	0.718	0.0377895	0.0377895
tRNA-Lys-TTT-2-1|anticodon_arm|part1	17	17	-2.749	-0.161706	-0.161706
tRNA-Lys-TTT-2-1|anticodon|part1	3	3	-0.697	-0.232333	-0.232333
tRNA-Lys-TTT-2-1|variable_region|part1	5	5	1.024	0.2048	0.2048
tRNA-Lys-TTT-2-1|t_arm|part1	17	17	0.138	0.00811765	0.00811765
tRNA-Lys-TTT-2-1|acceptor_stem_3p|part1	8	8	-4.613	-0.576625	-0.576625
tRNA-Lys-TTT-11-1|acceptor_stem_5p|part1	7	7	-2.216	-0.316571	-0.316571
tRNA-Lys-TTT-11-1|d_arm|part1	19	19	3.898	0.205158	0.205158
tRNA-Lys-TTT-11-1|anticodon_arm|part1	17	17	-0.523	-0.0307647	-0.0307647
tRNA-Lys-TTT-11-1|anticodon|part1	3	3	0.849	0.283	0.283
tRNA-Lys-TTT-11-1|variable_region|part1	5	5	0.653	0.1306	0.1306
tRNA-Lys-TTT-11-1|t_arm|part1	17	17	2.283	0.134294	0.134294
tRNA-Lys-TTT-11-1|acceptor_stem_3p|part1	8	8	-0.446	-0.05575	-0.05575
tRNA-Ser-CGA-4-1|acceptor_stem_5p|part1	7	7	25.283	3.61186	3.61186
tRNA-Ser-CGA-4-1|d_arm|part1	19	19	69.562	3.66116	3.66116
tRNA-Ser-CGA-4-1|anticodon_arm|part1	17	17	58.487	3.44041	3.44041
tRNA-Ser-CGA-4-1|anticodon|part1	3	3	9.48	3.16	3.16
tRNA-Ser-CGA-4-1|variable_region|part1	14	14	47.3	3.37857	3.37857
tRNA-Ser-CGA-4-1|t_arm|part1	17	17	59.642	3.50835	3.50835
tRNA-Ser-CGA-4-1|acceptor_stem_3p|part1	8	8	27.151	3.39388	3.39388
tRNA-Asp-GTC-2-8|acceptor_stem_5p|part1	7	7	22.132	3.16171	3.16171
tRNA-Asp-GTC-2-8|d_arm|part1	19	19	63.947	3.36563	3.36563
tRNA-Asp-GTC-2-8|anticodon_arm|part1	17	17	57.006	3.35329	3.35329
tRNA-Asp-GTC-2-8|anticodon|part1	3	3	9.938	3.31267	3.31267
tRNA-Asp-GTC-2-8|variable_region|part1	4	4	14.043	3.51075	3.51075
tRNA-Asp-GTC-2-8|t_arm|part1	17	17	57.08	3.35765	3.35765
tRNA-Asp-GTC-2-8|acceptor_stem_3p|part1	8	8	29.407	3.67588	3.67588
tRNA-Asp-GTC-1-1|acceptor_stem_5p|part1	7	7	17.765	2.53786	2.53786
tRNA-Asp-GTC-1-1|d_arm|part1	19	19	47.868	2.51937	2.51937
tRNA-Asp-GTC-1-1|anticodon_arm|part1	17	17	41.116	2.41859	2.41859
tRNA-Asp-GTC-1-1|anticodon|part1	3	3	7.276	2.42533	2.42533
tRNA-Asp-GTC-1-1|variable_region|part1	4	4	12.053	3.01325	3.01325
tRNA-Asp-GTC-1-1|t_arm|part1	17	17	43.673	2.569	2.569
tRNA-Asp-GTC-1-1|acceptor_stem_3p|part1	8	8	21.917	2.73962	2.73962
tRNA-Trp-CCA-4-1|acceptor_stem_5p|part1	7	7	21.521	3.07443	3.07443
tRNA-Trp-CCA-4-1|d_arm|part1	19	19	60.469	3.18258	3.18258
tRNA-Trp-CCA-4-1|anticodon_arm|part1	17	17	52.726	3.10153	3.10153
tRNA-Trp-CCA-4-1|anticodon|part1	3	3	9.605	3.20167	3.20167
tRNA-Trp-CCA-4-1|variable_region|part1	4	4	12.655	3.16375	3.16375
tRNA-Trp-CCA-4-1|t_arm|part1	17	17	52.746	3.10271	3.10271
tRNA-Trp-CCA-4-1|acceptor_stem_3p|part1	8	8	25.785	3.22313	3.22313
tRNA-Glu-CTC-16-1|acceptor_stem_3p|part1	8	8	-2.874	-0.35925	-0.35925
tRNA-Glu-CTC-16-1|t_arm|part1	17	17	-0.584	-0.0343529	-0.0343529
tRNA-Glu-CTC-16-1|variable_region|part1	3	3	-0.09	-0.03	-0.03
tRNA-Glu-CTC-16-1|anticodon_arm|part1	17	17	-9.988	-0.587529	-0.587529
tRNA-Glu-CTC-16-1|anticodon|part1	3	3	-2.528	-0.842667	-0.842667
tRNA-Glu-CTC-16-1|d_arm|part1	19	19	-5.902	-0.310632	-0.310632
tRNA-Glu-CTC-16-1|acceptor_stem_5p|part1	7	7	-11.496	-1.64229	-1.64229
tRNA-Ala-TGC-3-2|acceptor_stem_3p|part1	8	8	16.561	2.07013	2.07013
tRNA-Ala-TGC-3-2|t_arm|part1	17	17	33.718	1.98341	1.98341
tRNA-Ala-TGC-3-2|variable_region|part1	4	4	6.367	1.59175	1.59175
tRNA-Ala-TGC-3-2|anticodon_arm|part1	17	17	34.379	2.02229	2.02229
tRNA-Ala-TGC-3-2|anticodon|part1	3	3	6.402	2.134	2.134
tRNA-Ala-TGC-3-2|d_arm|part1	19	19	36.917	1.943	1.943
tRNA-Ala-TGC-3-2|acceptor_stem_5p|part1	7	7	12.86	1.83714	1.83714
tRNA-Asp-GTC-2-9|acceptor_stem_3p|part1	8	8	16.134	2.01675	2.01675
tRNA-Asp-GTC-2-9|t_arm|part1	17	17	39.168	2.304	2.304
tRNA-Asp-GTC-2-9|variable_region|part1	4	4	8.99	2.2475	2.2475
tRNA-Asp-GTC-2-9|anticodon_arm|part1	17	17	39.523	2.32488	2.32488
tRNA-Asp-GTC-2-9|anticodon|part1	3	3	7.21	2.40333	2.40333
tRNA-Asp-GTC-2-9|d_arm|part1	19	19	43.16	2.27158	2.27158
tRNA-Asp-GTC-2-9|acceptor_stem_5p|part1	7	7	17.428	2.48971	2.48971
tRNA-Phe-GAA-1-4|acceptor_stem_3p|part1	8	8	20.056	2.507	2.507
tRNA-Phe-GAA-1-4|t_arm|part1	17	17	41.411	2.43594	2.43594
tRNA-Phe-GAA-1-4|variable_region|part1	5	5	12.059	2.4118	2.4118
tRNA-Phe-GAA-1-4|anticodon_arm|part1	17	17	40.922	2.40718	2.40718
tRNA-Phe-GAA-1-4|anticodon|part1	3	3	6.694	2.23133	2.23133
tRNA-Phe-GAA-1-4|d_arm|part1	19	19	45.451	2.39216	2.39216
tRNA-Phe-GAA-1-4|acceptor_stem_5p|part1	7	7	16.718	2.38829	2.38829
tRNA-Asp-GTC-2-10|acceptor_stem_3p|part1	8	8	9.47	1.18375	1.18375
tRNA-Asp-GTC-2-10|t_arm|part1	17	17	24.407	1.43571	1.43571
tRNA-Asp-GTC-2-10|variable_region|part1	4	4	5.68	1.42	1.42
tRNA-Asp-GTC-2-10|anticodon_arm|part1	17	17	25.7	1.51176	1.51176
tRNA-Asp-GTC-2-10|anticodon|part1	3	3	4.544	1.51467	1.51467
tRNA-Asp-GTC-2-10|d_arm|part1	19	19	26.281	1.38321	1.38321
tRNA-Asp-GTC-2-10|acceptor_stem_5p|part1	7	7	10.97	1.56714	1.56714
tRNA-Ala-TGC-4-1|acceptor_stem_5p|part1	7	7	11.496	1.64229	1.64229
tRNA-Ala-TGC-4-1|d_arm|part1	19	19	28.318	1.49042	1.49042
tRNA-Ala-TGC-4-1|anticodon_arm|part1	17	17	24.621	1.44829	1.44829
tRNA-Ala-TGC-4-1|anticodon|part1	3	3	4.669	1.55633	1.55633
tRNA-Ala-TGC-4-1|variable_region|part1	4	4	6.14	1.535	1.535
tRNA-Ala-TGC-4-1|t_arm|part1	17	17	24.435	1.43735	1.43735
tRNA-Ala-TGC-4-1|acceptor_stem_3p|part1	8	8	11.43	1.42875	1.42875
tRNA-Ile-AAT-11-1|acceptor_stem_5p|part1	7	7	-5.829	-0.832714	-0.832714
tRNA-Ile-AAT-11-1|d_arm|part1	19	19	-4.68	-0.246316	-0.246316
tRNA-Ile-AAT-11-1|anticodon_arm|part1	17	17	-8.106	-0.476824	-0.476824
tRNA-Ile-AAT-11-1|anticodon|part1	3	3	-2.295	-0.765	-0.765
tRNA-Ile-AAT-11-1|variable_region|part1	7	7	2.199	0.314143	0.314143
tRNA-Ile-AAT-11-1|t_arm|part1	17	17	-3.97	-0.233529	-0.233529
tRNA-Ile-AAT-11-1|acceptor_stem_3p|part1	8	8	-1.437	-0.179625	-0.179625
tRNA-Asn-GTT-2-4|acceptor_stem_3p|part1	8	8	23.17	2.89625	2.89625
tRNA-Asn-GTT-2-4|t_arm|part1	17	17	48.226	2.83682	2.83682
tRNA-Asn-GTT-2-4|variable_region|part1	6	6	16.005	2.6675	2.6675
tRNA-Asn-GTT-2-4|anticodon_arm|part1	17	17	45.366	2.66859	2.66859
tRNA-Asn-GTT-2-4|anticodon|part1	3	3	9.089	3.02967	3.02967
tRNA-Asn-GTT-2-4|d_arm|part1	19	19	54.246	2.85505	2.85505
tRNA-Asn-GTT-2-4|acceptor_stem_5p|part1	7	7	21.817	3.11671	3.11671
tRNA-Glu-TTC-1-2|acceptor_stem_3p|part1	8	8	25.802	3.22525	3.22525
tRNA-Glu-TTC-1-2|t_arm|part1	17	17	60.335	3.54912	3.54912
tRNA-Glu-TTC-1-2|variable_region|part1	4	4	12.659	3.16475	3.16475
tRNA-Glu-TTC-1-2|anticodon_arm|part1	17	17	60.678	3.56929	3.56929
tRNA-Glu-TTC-1-2|anticodon|part1	3	3	11.276	3.75867	3.75867
tRNA-Glu-TTC-1-2|d_arm|part1	19	19	64.765	3.40868	3.40868
tRNA-Glu-TTC-1-2|acceptor_stem_5p|part1	7	7	23.985	3.42643	3.42643
tRNA-Glu-TTC-2-1|acceptor_stem_3p|part1	8	8	25.394	3.17425	3.17425
tRNA-Glu-TTC-2-1|t_arm|part1	17	17	58.817	3.45982	3.45982
tRNA-Glu-TTC-2-1|variable_region|part1	4	4	13.724	3.431	3.431
tRNA-Glu-TTC-2-1|anticodon_arm|part1	17	17	59.156	3.47976	3.47976
tRNA-Glu-TTC-2-1|anticodon|part1	3	3	11	3.66667	3.66667
tRNA-Glu-TTC-2-1|d_arm|part1	19	19	63.117	3.32195	3.32195
tRNA-Glu-TTC-2-1|acceptor_stem_5p|part1	7	7	25.052	3.57886	3.57886
tRNA-Phe-GAA-1-5|acceptor_stem_3p|part1	8	8	22.37	2.79625	2.79625
tRNA-Phe-GAA-1-5|t_arm|part1	17	17	46.342	2.726	2.726
tRNA-Phe-GAA-1-5|variable_region|part1	5	5	13.441	2.6882	2.6882
tRNA-Phe-GAA-1-5|anticodon_arm|part1	17	17	45.61	2.68294	2.68294
tRNA-Phe-GAA-1-5|anticodon|part1	3	3	7.45	2.48333	2.48333
tRNA-Phe-GAA-1-5|d_arm|part1	19	19	50.653	2.66595	2.66595
tRNA-Phe-GAA-1-5|acceptor_stem_5p|part1	7	7	18.629	2.66129	2.66129
tRX-Ser-NNN-1-1|acceptor_stem_3p|part1	8	8	-0.746	-0.09325	-0.09325
tRX-Ser-NNN-1-1|t_arm|part1	17	17	4.899	0.288176	0.288176
tRX-Ser-NNN-1-1|variable_region|part1	8	8	1.002	0.12525	0.12525
tRX-Ser-NNN-1-1|anticodon_arm|part1	17	17	1.051	0.0618235	0.0618235
tRX-Ser-NNN-1-1|anticodon|part1	3	3	2.562	0.854	0.854
tRX-Ser-NNN-1-1|d_arm|part1	19	19	-2.134	-0.112316	-0.112316
tRX-Ser-NNN-1-1|acceptor_stem_5p|part1	7	7	-0.857	-0.122429	-0.122429
tRNA-Pro-AGG-2-5|acceptor_stem_3p|part1	8	8	22.42	2.8025	2.8025
tRNA-Pro-AGG-2-5|t_arm|part1	17	17	42.308	2.48871	2.48871
tRNA-Pro-AGG-2-5|variable_region|part1	4	4	7.788	1.947	1.947
tRNA-Pro-AGG-2-5|anticodon_arm|part1	17	17	40.878	2.40459	2.40459
tRNA-Pro-AGG-2-5|anticodon|part1	3	3	6.366	2.122	2.122
tRNA-Pro-AGG-2-5|d_arm|part1	19	19	45.415	2.39026	2.39026
tRNA-Pro-AGG-2-5|acceptor_stem_5p|part1	7	7	17.474	2.49629	2.49629
tRNA-Leu-AAG-2-3|acceptor_stem_5p|part1	7	7	21.995	3.14214	3.14214
tRNA-Leu-AAG-2-3|d_arm|part1	19	19	57.839	3.04416	3.04416
tRNA-Leu-AAG-2-3|anticodon_arm|part1	17	17	50.91	2.99471	2.99471
tRNA-Leu-AAG-2-3|anticodon|part1	3	3	8.997	2.999	2.999
tRNA-Leu-AAG-2-3|variable_region|part1	14	14	40.39	2.885	2.885
tRNA-Leu-AAG-2-3|t_arm|part1	17	17	50.428	2.96635	2.96635
tRNA-Leu-AAG-2-3|acceptor_stem_3p|part1	8	8	23.196	2.8995	2.8995
tRNA-Pro-AGG-2-6|acceptor_stem_3p|part1	8	8	15.531	1.94138	1.94138
tRNA-Pro-AGG-2-6|t_arm|part1	17	17	43.499	2.55876	2.55876
tRNA-Pro-AGG-2-6|variable_region|part1	4	4	6.148	1.537	1.537
tRNA-Pro-AGG-2-6|anticodon_arm|part1	17	17	44.542	2.62012	2.62012
tRNA-Pro-AGG-2-6|anticodon|part1	3	3	7.62	2.54	2.54
tRNA-Pro-AGG-2-6|d_arm|part1	19	19	47.851	2.51847	2.51847
tRNA-Pro-AGG-2-6|acceptor_stem_5p|part1	7	7	18.704	2.672	2.672
tRNA-Thr-TGT-3-1|acceptor_stem_3p|part1	8	8	22.479	2.80987	2.80987
tRNA-Thr-TGT-3-1|t_arm|part1	17	17	49.734	2.92553	2.92553
tRNA-Thr-TGT-3-1|variable_region|part1	5	5	14.544	2.9088	2.9088
tRNA-Thr-TGT-3-1|anticodon_arm|part1	17	17	50.775	2.98676	2.98676
tRNA-Thr-TGT-3-1|anticodon|part1	3	3	8.981	2.99367	2.99367
tRNA-Thr-TGT-3-1|d_arm|part1	19	19	53.702	2.82642	2.82642
tRNA-Thr-TGT-3-1|acceptor_stem_5p|part1	7	7	21.328	3.04686	3.04686
tRNA-Leu-TAG-2-1|acceptor_stem_5p|part1	7	7	16.622	2.37457	2.37457
tRNA-Leu-TAG-2-1|d_arm|part1	19	19	36.393	1.91542	1.91542
tRNA-Leu-TAG-2-1|anticodon_arm|part1	17	17	38.393	2.25841	2.25841
tRNA-Leu-TAG-2-1|anticodon|part1	3	3	5.673	1.891	1.891
tRNA-Leu-TAG-2-1|variable_region|part1	14	14	20.231	1.44507	1.44507
tRNA-Leu-TAG-2-1|t_arm|part1	17	17	33.229	1.95465	1.95465
tRNA-Leu-TAG-2-1|acceptor_stem_3p|part1	8	8	12.198	1.52475	1.52475
tRNA-Thr-TGT-4-1|acceptor_stem_3p|part1	8	8	10.847	1.35588	1.35588
tRNA-Thr-TGT-4-1|t_arm|part1	17	17	18.324	1.07788	1.07788
tRNA-Thr-TGT-4-1|variable_region|part1	5	5	1.351	0.2702	0.2702
tRNA-Thr-TGT-4-1|anticodon_arm|part1	17	17	25.414	1.49494	1.49494
tRNA-Thr-TGT-4-1|anticodon|part1	3	3	3.53	1.17667	1.17667
tRNA-Thr-TGT-4-1|d_arm|part1	19	19	23.378	1.23042	1.23042
tRNA-Thr-TGT-4-1|acceptor_stem_5p|part1	7	7	9.045	1.29214	1.29214
tRNA-Pro-TGG-1-1|acceptor_stem_5p|part1	7	7	10.53	1.50429	1.50429
tRNA-Pro-TGG-1-1|d_arm|part1	19	19	24.702	1.30011	1.30011
tRNA-Pro-TGG-1-1|anticodon_arm|part1	17	17	19.658	1.15635	1.15635
tRNA-Pro-TGG-1-1|anticodon|part1	3	3	2.318	0.772667	0.772667
tRNA-Pro-TGG-1-1|variable_region|part1	4	4	7.993	1.99825	1.99825
tRNA-Pro-TGG-1-1|t_arm|part1	17	17	22.853	1.34429	1.34429
tRNA-Pro-TGG-1-1|acceptor_stem_3p|part1	8	8	10.751	1.34387	1.34387
tRNA-Tyr-GTA-5-3|acceptor_stem_3p|part1	8	8	6.717	0.839625	0.839625
tRNA-Tyr-GTA-5-3|t_arm|part1	17	17	14.209	0.835824	0.835824
tRNA-Tyr-GTA-5-3|variable_region|part1	5	5	3.426	0.6852	0.6852
tRNA-Tyr-GTA-5-3|anticodon_arm|part2	6	6	4.641	0.7735	0.7735
tRNA-Tyr-GTA-5-3|intron|part1	21	21	-8.729	-0.415667	-0.415667
tRNA-Tyr-GTA-5-3|anticodon_arm|part1	11	11	8.424	0.765818	0.765818
tRNA-Tyr-GTA-5-3|anticodon|part1	3	3	2.528	0.842667	0.842667
tRNA-Tyr-GTA-5-3|d_arm|part1	19	19	15.538	0.817789	0.817789
tRNA-Tyr-GTA-5-3|acceptor_stem_5p|part1	7	7	5.496	0.785143	0.785143
tRNA-Tyr-GTA-4-1|acceptor_stem_3p|part1	8	8	10.443	1.30537	1.30537
tRNA-Tyr-GTA-4-1|t_arm|part1	17	17	18.127	1.06629	1.06629
tRNA-Tyr-GTA-4-1|variable_region|part1	5	5	5.84	1.168	1.168
tRNA-Tyr-GTA-4-1|anticodon_arm|part2	6	6	8.196	1.366	1.366
tRNA-Tyr-GTA-4-1|intron|part1	21	21	-22.387	-1.06605	-1.06605
tRNA-Tyr-GTA-4-1|anticodon_arm|part1	11	11	15.773	1.43391	1.43391
tRNA-Tyr-GTA-4-1|anticodon|part1	3	3	4.421	1.47367	1.47367
tRNA-Tyr-GTA-4-1|d_arm|part1	19	19	22.44	1.18105	1.18105
tRNA-Tyr-GTA-4-1|acceptor_stem_5p|part1	7	7	8.176	1.168	1.168
tRNA-Tyr-GTA-7-1|acceptor_stem_3p|part1	8	8	4.927	0.615875	0.615875
tRNA-Tyr-GTA-7-1|t_arm|part1	17	17	9.75	0.573529	0.573529
tRNA-Tyr-GTA-7-1|variable_region|part1	5	5	4.297	0.8594	0.8594
tRNA-Tyr-GTA-7-1|anticodon_arm|part2	6	6	5.516	0.919333	0.919333
tRNA-Tyr-GTA-7-1|intron|part1	21	21	-14.493	-0.690143	-0.690143
tRNA-Tyr-GTA-7-1|anticodon_arm|part1	11	11	7.02	0.638182	0.638182
tRNA-Tyr-GTA-7-1|anticodon|part1	3	3	1.706	0.568667	0.568667
tRNA-Tyr-GTA-7-1|d_arm|part1	19	19	12.325	0.648684	0.648684
tRNA-Tyr-GTA-7-1|acceptor_stem_5p|part1	7	7	5.894	0.842	0.842
tRNA-Tyr-GTA-5-4|acceptor_stem_3p|part1	8	8	6.704	0.838	0.838
tRNA-Tyr-GTA-5-4|t_arm|part1	17	17	15.042	0.884824	0.884824
tRNA-Tyr-GTA-5-4|variable_region|part1	5	5	5.105	1.021	1.021
tRNA-Tyr-GTA-5-4|anticodon_arm|part2	6	6	5.679	0.9465	0.9465
tRNA-Tyr-GTA-5-4|intron|part1	21	21	-19.088	-0.908952	-0.908952
tRNA-Tyr-GTA-5-4|anticodon_arm|part1	11	11	10.08	0.916364	0.916364
tRNA-Tyr-GTA-5-4|anticodon|part1	3	3	2.997	0.999	0.999
tRNA-Tyr-GTA-5-4|d_arm|part1	19	19	18.608	0.979368	0.979368
tRNA-Tyr-GTA-5-4|acceptor_stem_5p|part1	7	7	5.305	0.757857	0.757857
tRNA-Leu-TAG-4-1|acceptor_stem_3p|part1	8	8	3.624	0.453	0.453
tRNA-Leu-TAG-4-1|t_arm|part1	17	17	13.146	0.773294	0.773294
tRNA-Leu-TAG-4-1|variable_region|part1	14	14	3.663	0.261643	0.261643
tRNA-Leu-TAG-4-1|anticodon_arm|part1	17	17	13.351	0.785353	0.785353
tRNA-Leu-TAG-4-1|anticodon|part1	3	3	3.117	1.039	1.039
tRNA-Leu-TAG-4-1|d_arm|part1	19	19	12.699	0.668368	0.668368
tRNA-Leu-TAG-4-1|acceptor_stem_5p|part1	7	7	3.738	0.534	0.534
tRNA-Thr-TGT-5-1|acceptor_stem_5p|part1	7	7	22.056	3.15086	3.15086
tRNA-Thr-TGT-5-1|d_arm|part1	19	19	62.291	3.27847	3.27847
tRNA-Thr-TGT-5-1|anticodon_arm|part1	17	17	53.822	3.166	3.166
tRNA-Thr-TGT-5-1|anticodon|part1	3	3	9.393	3.131	3.131
tRNA-Thr-TGT-5-1|variable_region|part1	5	5	16.584	3.3168	3.3168
tRNA-Thr-TGT-5-1|t_arm|part1	17	17	53.787	3.16394	3.16394
tRNA-Thr-TGT-5-1|acceptor_stem_3p|part1	8	8	25.942	3.24275	3.24275
tRNA-Tyr-GTA-5-5|acceptor_stem_5p|part1	7	7	15.037	2.14814	2.14814
tRNA-Tyr-GTA-5-5|d_arm|part1	19	19	47.282	2.48853	2.48853
tRNA-Tyr-GTA-5-5|anticodon_arm|part1	11	11	28.683	2.60755	2.60755
tRNA-Tyr-GTA-5-5|anticodon|part1	3	3	6.767	2.25567	2.25567
tRNA-Tyr-GTA-5-5|intron|part1	16	16	-33.849	-2.11556	-2.11556
tRNA-Tyr-GTA-5-5|anticodon_arm|part2	6	6	14.484	2.414	2.414
tRNA-Tyr-GTA-5-5|variable_region|part1	5	5	11.998	2.3996	2.3996
tRNA-Tyr-GTA-5-5|t_arm|part1	17	17	36.371	2.13947	2.13947
tRNA-Tyr-GTA-5-5|acceptor_stem_3p|part1	8	8	17.942	2.24275	2.24275
tRNA-Pro-TGG-3-2|acceptor_stem_5p|part1	7	7	22.21	3.17286	3.17286
tRNA-Pro-TGG-3-2|d_arm|part1	19	19	60.878	3.20411	3.20411
tRNA-Pro-TGG-3-2|anticodon_arm|part1	17	17	51.948	3.05576	3.05576
tRNA-Pro-TGG-3-2|anticodon|part1	3	3	10.443	3.481	3.481
tRNA-Pro-TGG-3-2|variable_region|part1	4	4	12.5	3.125	3.125
tRNA-Pro-TGG-3-2|t_arm|part1	17	17	50.644	2.97906	2.97906
tRNA-Pro-TGG-3-2|acceptor_stem_3p|part1	8	8	24.375	3.04688	3.04688
tRNA-Arg-ACG-1-3|acceptor_stem_5p|part1	7	7	33.05	4.72143	4.72143
tRNA-Arg-ACG-1-3|d_arm|part1	19	19	87.494	4.60495	4.60495
tRNA-Arg-ACG-1-3|anticodon_arm|part1	17	17	76.39	4.49353	4.49353
tRNA-Arg-ACG-1-3|anticodon|part1	3	3	13.829	4.60967	4.60967
tRNA-Arg-ACG-1-3|variable_region|part1	5	5	22.701	4.5402	4.5402
tRNA-Arg-ACG-1-3|t_arm|part1	17	17	72.759	4.27994	4.27994
tRNA-Arg-ACG-1-3|acceptor_stem_3p|part1	8	8	35.455	4.43188	4.43188
tRNA-Glu-TTC-11-1|acceptor_stem_3p|part1	8	8	-1.616	-0.202	-0.202
tRNA-Glu-TTC-11-1|t_arm|part1	17	17	3.94	0.231765	0.231765
tRNA-Glu-TTC-11-1|variable_region|part1	7	7	1.662	0.237429	0.237429
tRNA-Glu-TTC-11-1|anticodon_arm|part1	17	17	0.733	0.0431176	0.0431176
tRNA-Glu-TTC-11-1|anticodon|part1	3	3	0.732	0.244	0.244
tRNA-Glu-TTC-11-1|d_arm|part1	19	19	0.851	0.0447895	0.0447895
tRNA-Glu-TTC-11-1|acceptor_stem_5p|part1	7	7	1.714	0.244857	0.244857
tRNA-Lys-CTT-1-1|acceptor_stem_3p|part1	8	8	24.456	3.057	3.057
tRNA-Lys-CTT-1-1|t_arm|part1	17	17	50.251	2.95594	2.95594
tRNA-Lys-CTT-1-1|variable_region|part1	5	5	14.05	2.81	2.81
tRNA-Lys-CTT-1-1|anticodon_arm|part1	17	17	52.015	3.05971	3.05971
tRNA-Lys-CTT-1-1|anticodon|part1	3	3	8.934	2.978	2.978
tRNA-Lys-CTT-1-1|d_arm|part1	19	19	56.413	2.96911	2.96911
tRNA-Lys-CTT-1-1|acceptor_stem_5p|part1	7	7	20.171	2.88157	2.88157
tRNA-Cys-GCA-8-1|acceptor_stem_5p|part1	7	7	6.96	0.994286	0.994286
tRNA-Cys-GCA-8-1|d_arm|part1	19	19	16.633	0.875421	0.875421
tRNA-Cys-GCA-8-1|anticodon_arm|part1	17	17	15.002	0.882471	0.882471
tRNA-Cys-GCA-8-1|anticodon|part1	3	3	2.846	0.948667	0.948667
tRNA-Cys-GCA-8-1|variable_region|part1	4	4	3.762	0.9405	0.9405
tRNA-Cys-GCA-8-1|t_arm|part1	17	17	11.775	0.692647	0.692647
tRNA-Cys-GCA-8-1|acceptor_stem_3p|part1	8	8	6.116	0.7645	0.7645
tRNA-Ala-AGC-15-1|acceptor_stem_5p|part1	7	7	0.107	0.0152857	0.0152857
tRNA-Ala-AGC-15-1|d_arm|part1	19	19	-1.216	-0.064	-0.064
tRNA-Ala-AGC-15-1|anticodon_arm|part1	17	17	-5.099	-0.299941	-0.299941
tRNA-Ala-AGC-15-1|anticodon|part1	3	3	-2.646	-0.882	-0.882
tRNA-Ala-AGC-15-1|variable_region|part1	5	5	0.972	0.1944	0.1944
tRNA-Ala-AGC-15-1|t_arm|part1	17	17	-0.0269999	-0.00158823	-0.00158823
tRNA-Ala-AGC-15-1|acceptor_stem_3p|part1	8	8	0.83	0.10375	0.10375
tRNA-Ile-AAT-5-4|acceptor_stem_5p|part1	7	7	19.525	2.78929	2.78929
tRNA-Ile-AAT-5-4|d_arm|part1	19	19	51.749	2.72363	2.72363
tRNA-Ile-AAT-5-4|anticodon_arm|part1	17	17	46.213	2.71841	2.71841
tRNA-Ile-AAT-5-4|anticodon|part1	3	3	8.167	2.72233	2.72233
tRNA-Ile-AAT-5-4|variable_region|part1	6	6	16.704	2.784	2.784
tRNA-Ile-AAT-5-4|t_arm|part1	17	17	45.542	2.67894	2.67894
tRNA-Ile-AAT-5-4|acceptor_stem_3p|part1	8	8	22.156	2.7695	2.7695
tRNA-Glu-TTC-2-2|acceptor_stem_3p|part1	8	8	20.164	2.5205	2.5205
tRNA-Glu-TTC-2-2|t_arm|part1	17	17	45.306	2.66506	2.66506
tRNA-Glu-TTC-2-2|variable_region|part1	4	4	10.88	2.72	2.72
tRNA-Glu-TTC-2-2|anticodon_arm|part1	17	17	45.673	2.68665	2.68665
tRNA-Glu-TTC-2-2|anticodon|part1	3	3	8.713	2.90433	2.90433
tRNA-Glu-TTC-2-2|d_arm|part1	19	19	48.773	2.567	2.567
tRNA-Glu-TTC-2-2|acceptor_stem_5p|part1	7	7	17.215	2.45929	2.45929
tRNA-Ser-GCT-4-2|acceptor_stem_3p|part1	8	8	30.527	3.81587	3.81587
tRNA-Ser-GCT-4-2|t_arm|part1	17	17	60.328	3.54871	3.54871
tRNA-Ser-GCT-4-2|variable_region|part1	14	14	52.134	3.72386	3.72386
tRNA-Ser-GCT-4-2|anticodon_arm|part1	17	17	61.773	3.63371	3.63371
tRNA-Ser-GCT-4-2|anticodon|part1	3	3	11.188	3.72933	3.72933
tRNA-Ser-GCT-4-2|d_arm|part1	19	19	66.728	3.512	3.512
tRNA-Ser-GCT-4-2|acceptor_stem_5p|part1	7	7	23.659	3.37986	3.37986
tRNA-His-GTG-1-7|acceptor_stem_3p|part1	8	8	29.728	3.716	3.716
tRNA-His-GTG-1-7|t_arm|part1	17	17	63.103	3.71194	3.71194
tRNA-His-GTG-1-7|variable_region|part1	4	4	14.831	3.70775	3.70775
tRNA-His-GTG-1-7|anticodon_arm|part1	17	17	64.33	3.78412	3.78412
tRNA-His-GTG-1-7|anticodon|part1	3	3	9.849	3.283	3.283
tRNA-His-GTG-1-7|d_arm|part1	19	19	74.431	3.91742	3.91742
tRNA-His-GTG-1-7|acceptor_stem_5p|part1	7	7	27.889	3.98414	3.98414
tRNA-His-GTG-1-8|acceptor_stem_3p|part1	8	8	28.386	3.54825	3.54825
tRNA-His-GTG-1-8|t_arm|part1	17	17	63.277	3.72218	3.72218
tRNA-His-GTG-1-8|variable_region|part1	4	4	15.105	3.77625	3.77625
tRNA-His-GTG-1-8|anticodon_arm|part1	17	17	61.924	3.64259	3.64259
tRNA-His-GTG-1-8|anticodon|part1	3	3	9.209	3.06967	3.06967
tRNA-His-GTG-1-8|d_arm|part1	19	19	69.789	3.67311	3.67311
tRNA-His-GTG-1-8|acceptor_stem_5p|part1	7	7	25.567	3.65243	3.65243
tRNA-His-GTG-1-9|acceptor_stem_5p|part1	7	7	20.873	2.98186	2.98186
tRNA-His-GTG-1-9|d_arm|part1	19	19	68.73	3.61737	3.61737
tRNA-His-GTG-1-9|anticodon_arm|part1	17	17	52.802	3.106	3.106
tRNA-His-GTG-1-9|anticodon|part1	3	3	8.942	2.98067	2.98067
tRNA-His-GTG-1-9|variable_region|part1	4	4	11.682	2.9205	2.9205
tRNA-His-GTG-1-9|t_arm|part1	17	17	61.333	3.60782	3.60782
tRNA-His-GTG-1-9|acceptor_stem_3p|part1	8	8	26.734	3.34175	3.34175
tRNA-Gln-CTG-1-4|acceptor_stem_3p|part1	8	8	33.193	4.14912	4.14912
tRNA-Gln-CTG-1-4|t_arm|part1	17	17	60.787	3.57571	3.57571
tRNA-Gln-CTG-1-4|variable_region|part1	4	4	15.838	3.9595	3.9595
tRNA-Gln-CTG-1-4|anticodon_arm|part1	17	17	70.405	4.14147	4.14147
tRNA-Gln-CTG-1-4|anticodon|part1	3	3	13.174	4.39133	4.39133
tRNA-Gln-CTG-1-4|d_arm|part1	19	19	77.591	4.08374	4.08374
tRNA-Gln-CTG-1-4|acceptor_stem_5p|part1	7	7	30.125	4.30357	4.30357
tRNA-Lys-CTT-16-1|acceptor_stem_3p|part1	8	8	-2.034	-0.25425	-0.25425
tRNA-Lys-CTT-16-1|t_arm|part1	17	17	0.104	0.00611765	0.00611765
tRNA-Lys-CTT-16-1|variable_region|part1	6	6	-1.274	-0.212333	-0.212333
tRNA-Lys-CTT-16-1|anticodon_arm|part1	17	17	-3.272	-0.192471	-0.192471
tRNA-Lys-CTT-16-1|anticodon|part1	3	3	0.919	0.306333	0.306333
tRNA-Lys-CTT-16-1|d_arm|part1	19	19	-6.542	-0.344316	-0.344316
tRNA-Lys-CTT-16-1|acceptor_stem_5p|part1	7	7	1.24	0.177143	0.177143
tRNA-Lys-CTT-1-2|acceptor_stem_5p|part1	7	7	11.131	1.59014	1.59014
tRNA-Lys-CTT-1-2|d_arm|part1	19	19	42.917	2.25879	2.25879
tRNA-Lys-CTT-1-2|anticodon_arm|part1	17	17	29.4	1.72941	1.72941
tRNA-Lys-CTT-1-2|anticodon|part1	3	3	4.231	1.41033	1.41033
tRNA-Lys-CTT-1-2|variable_region|part1	5	5	10.17	2.034	2.034
tRNA-Lys-CTT-1-2|t_arm|part1	17	17	30.531	1.79594	1.79594
tRNA-Lys-CTT-1-2|acceptor_stem_3p|part1	8	8	16.865	2.10813	2.10813
tRNA-Cys-GCA-5-1|acceptor_stem_5p|part1	7	7	6.509	0.929857	0.929857
tRNA-Cys-GCA-5-1|d_arm|part1	19	19	12.501	0.657947	0.657947
tRNA-Cys-GCA-5-1|anticodon_arm|part1	17	17	10.75	0.632353	0.632353
tRNA-Cys-GCA-5-1|anticodon|part1	3	3	1.758	0.586	0.586
tRNA-Cys-GCA-5-1|variable_region|part1	5	5	2.183	0.4366	0.4366
tRNA-Cys-GCA-5-1|t_arm|part1	17	17	10.466	0.615647	0.615647
tRNA-Cys-GCA-5-1|acceptor_stem_3p|part1	8	8	6.563	0.820375	0.820375
tRNA-Arg-TCG-1-1|acceptor_stem_5p|part1	7	7	24.183	3.45471	3.45471
tRNA-Arg-TCG-1-1|d_arm|part1	19	19	65.444	3.44442	3.44442
tRNA-Arg-TCG-1-1|anticodon_arm|part1	17	17	56.533	3.32547	3.32547
tRNA-Arg-TCG-1-1|anticodon|part1	3	3	9.828	3.276	3.276
tRNA-Arg-TCG-1-1|variable_region|part1	5	5	16.958	3.3916	3.3916
tRNA-Arg-TCG-1-1|t_arm|part1	17	17	55.69	3.27588	3.27588
tRNA-Arg-TCG-1-1|acceptor_stem_3p|part1	8	8	27.216	3.402	3.402
tRX-Lys-NNN-3-1|acceptor_stem_5p|part1	7	7	2.424	0.346286	0.346286
tRX-Lys-NNN-3-1|d_arm|part1	19	19	0.69	0.0363158	0.0363158
tRX-Lys-NNN-3-1|anticodon_arm|part1	17	17	2.629	0.154647	0.154647
tRX-Lys-NNN-3-1|anticodon|part1	3	3	0.439	0.146333	0.146333
tRX-Lys-NNN-3-1|variable_region|part1	5	5	0.805	0.161	0.161
tRX-Lys-NNN-3-1|t_arm|part1	17	17	-2.849	-0.167588	-0.167588
tRX-Lys-NNN-3-1|acceptor_stem_3p|part1	8	8	-1.334	-0.16675	-0.16675
tRNA-Gly-CCC-2-2|acceptor_stem_3p|part1	8	8	24.412	3.0515	3.0515
tRNA-Gly-CCC-2-2|t_arm|part1	17	17	72.383	4.25782	4.25782
tRNA-Gly-CCC-2-2|variable_region|part1	3	3	10.688	3.56267	3.56267
tRNA-Gly-CCC-2-2|anticodon_arm|part1	17	17	59.297	3.48806	3.48806
tRNA-Gly-CCC-2-2|anticodon|part1	3	3	11.167	3.72233	3.72233
tRNA-Gly-CCC-2-2|d_arm|part1	19	19	58.926	3.10137	3.10137
tRNA-Gly-CCC-2-2|acceptor_stem_5p|part1	7	7	27.971	3.99586	3.99586
tRNA-Arg-CCG-1-3|acceptor_stem_5p|part1	7	7	17.208	2.45829	2.45829
tRNA-Arg-CCG-1-3|d_arm|part1	19	19	39.49	2.07842	2.07842
tRNA-Arg-CCG-1-3|anticodon_arm|part1	17	17	41.617	2.44806	2.44806
tRNA-Arg-CCG-1-3|anticodon|part1	3	3	8.125	2.70833	2.70833
tRNA-Arg-CCG-1-3|variable_region|part1	5	5	13.333	2.6666	2.6666
tRNA-Arg-CCG-1-3|t_arm|part1	17	17	38.212	2.24776	2.24776
tRNA-Arg-CCG-1-3|acceptor_stem_3p|part1	8	8	18.764	2.3455	2.3455
tRNA-Arg-CCT-3-1|acceptor_stem_5p|part1	7	7	11.019	1.57414	1.57414
tRNA-Arg-CCT-3-1|d_arm|part1	19	19	37.492	1.97326	1.97326
tRNA-Arg-CCT-3-1|anticodon_arm|part1	17	17	33.801	1.98829	1.98829
tRNA-Arg-CCT-3-1|anticodon|part1	3	3	5.864	1.95467	1.95467
tRNA-Arg-CCT-3-1|variable_region|part1	5	5	8.89	1.778	1.778
tRNA-Arg-CCT-3-1|t_arm|part1	17	17	31.514	1.85376	1.85376
tRNA-Arg-CCT-3-1|acceptor_stem_3p|part1	8	8	11.794	1.47425	1.47425
tRNA-Lys-CTT-3-1|acceptor_stem_3p|part1	8	8	8.015	1.00187	1.00187
tRNA-Lys-CTT-3-1|t_arm|part1	17	17	17.868	1.05106	1.05106
tRNA-Lys-CTT-3-1|variable_region|part1	5	5	4.364	0.8728	0.8728
tRNA-Lys-CTT-3-1|anticodon_arm|part1	17	17	20.861	1.22712	1.22712
tRNA-Lys-CTT-3-1|anticodon|part1	3	3	5.945	1.98167	1.98167
tRNA-Lys-CTT-3-1|d_arm|part1	19	19	19.03	1.00158	1.00158
tRNA-Lys-CTT-3-1|acceptor_stem_5p|part1	7	7	8.025	1.14643	1.14643
tRNA-Pro-TGG-3-3|acceptor_stem_5p|part1	7	7	16.253	2.32186	2.32186
tRNA-Pro-TGG-3-3|d_arm|part1	19	19	28.456	1.49768	1.49768
tRNA-Pro-TGG-3-3|anticodon_arm|part1	17	17	30.647	1.80276	1.80276
tRNA-Pro-TGG-3-3|anticodon|part1	3	3	10.347	3.449	3.449
tRNA-Pro-TGG-3-3|variable_region|part1	4	4	7.339	1.83475	1.83475
tRNA-Pro-TGG-3-3|t_arm|part1	17	17	28.225	1.66029	1.66029
tRNA-Pro-TGG-3-3|acceptor_stem_3p|part1	8	8	9.625	1.20312	1.20312
tRNA-Lys-CTT-8-1|acceptor_stem_5p|part1	7	7	0.194	0.0277143	0.0277143
tRNA-Lys-CTT-8-1|d_arm|part1	19	19	13.459	0.708368	0.708368
tRNA-Lys-CTT-8-1|anticodon_arm|part1	17	17	4.271	0.251235	0.251235
tRNA-Lys-CTT-8-1|anticodon|part1	3	3	1.379	0.459667	0.459667
tRNA-Lys-CTT-8-1|variable_region|part1	5	5	0.275	0.055	0.055
tRNA-Lys-CTT-8-1|t_arm|part1	17	17	6.909	0.406412	0.406412
tRNA-Lys-CTT-8-1|acceptor_stem_3p|part1	8	8	2.481	0.310125	0.310125
tRNA-Pro-TGG-4-1|acceptor_stem_3p|part1	8	8	2.301	0.287625	0.287625
tRNA-Pro-TGG-4-1|t_arm|part1	17	17	-2.188	-0.128706	-0.128706
tRNA-Pro-TGG-4-1|variable_region|part1	3	3	-0.175	-0.0583333	-0.0583333
tRNA-Pro-TGG-4-1|anticodon_arm|part1	17	17	2.811	0.165353	0.165353
tRNA-Pro-TGG-4-1|anticodon|part1	3	3	-0.337	-0.112333	-0.112333
tRNA-Pro-TGG-4-1|d_arm|part1	19	19	-3.143	-0.165421	-0.165421
tRNA-Pro-TGG-4-1|acceptor_stem_5p|part1	7	7	0.802	0.114571	0.114571
tRNA-Pro-CGG-1-2|acceptor_stem_5p|part1	7	7	6.629	0.947	0.947
tRNA-Pro-CGG-1-2|d_arm|part1	19	19	16.388	0.862526	0.862526
tRNA-Pro-CGG-1-2|anticodon_arm|part1	17	17	13.513	0.794882	0.794882
tRNA-Pro-CGG-1-2|anticodon|part1	3	3	3.171	1.057	1.057
tRNA-Pro-CGG-1-2|variable_region|part1	4	4	3.664	0.916	0.916
tRNA-Pro-CGG-1-2|t_arm|part1	17	17	14.482	0.851882	0.851882
tRNA-Pro-CGG-1-2|acceptor_stem_3p|part1	8	8	6.378	0.79725	0.79725
tRNA-Lys-CTT-2-5|acceptor_stem_5p|part1	7	7	4.893	0.699	0.699
tRNA-Lys-CTT-2-5|d_arm|part1	19	19	10.194	0.536526	0.536526
tRNA-Lys-CTT-2-5|anticodon_arm|part1	17	17	10.008	0.588706	0.588706
tRNA-Lys-CTT-2-5|anticodon|part1	3	3	1.928	0.642667	0.642667
tRNA-Lys-CTT-2-5|variable_region|part1	5	5	3.608	0.7216	0.7216
tRNA-Lys-CTT-2-5|t_arm|part1	17	17	10.227	0.601588	0.601588
tRNA-Lys-CTT-2-5|acceptor_stem_3p|part1	8	8	1.954	0.24425	0.24425
tRNA-Lys-CTT-5-1|acceptor_stem_3p|part1	8	8	-0.482	-0.06025	-0.06025
tRNA-Lys-CTT-5-1|t_arm|part1	17	17	8.517	0.501	0.501
tRNA-Lys-CTT-5-1|variable_region|part1	5	5	3.127	0.6254	0.6254
tRNA-Lys-CTT-5-1|anticodon_arm|part1	17	17	8.844	0.520235	0.520235
tRNA-Lys-CTT-5-1|anticodon|part1	3	3	3.132	1.044	1.044
tRNA-Lys-CTT-5-1|d_arm|part1	19	19	6.63	0.348947	0.348947
tRNA-Lys-CTT-5-1|acceptor_stem_5p|part1	7	7	2.601	0.371571	0.371571
tRNA-Pro-AGG-2-7|acceptor_stem_3p|part1	8	8	7.239	0.904875	0.904875
tRNA-Pro-AGG-2-7|t_arm|part1	17	17	10.939	0.643471	0.643471
tRNA-Pro-AGG-2-7|variable_region|part1	4	4	2.938	0.7345	0.7345
tRNA-Pro-AGG-2-7|anticodon_arm|part1	17	17	15.26	0.897647	0.897647
tRNA-Pro-AGG-2-7|anticodon|part1	3	3	1.491	0.497	0.497
tRNA-Pro-AGG-2-7|d_arm|part1	19	19	19.125	1.00658	1.00658
tRNA-Pro-AGG-2-7|acceptor_stem_5p|part1	7	7	6.248	0.892571	0.892571
tRNA-Pro-TGG-3-4|acceptor_stem_3p|part1	8	8	1.583	0.197875	0.197875
tRNA-Pro-TGG-3-4|t_arm|part1	17	17	1.916	0.112706	0.112706
tRNA-Pro-TGG-3-4|variable_region|part1	4	4	1.782	0.4455	0.4455
tRNA-Pro-TGG-3-4|anticodon_arm|part1	17	17	6.579	0.387	0.387
tRNA-Pro-TGG-3-4|anticodon|part1	3	3	1.277	0.425667	0.425667
tRNA-Pro-TGG-3-4|d_arm|part1	19	19	12.011	0.632158	0.632158
tRNA-Pro-TGG-3-4|acceptor_stem_5p|part1	7	7	2.869	0.409857	0.409857
tRNA-Pro-TGG-3-5|acceptor_stem_5p|part1	7	7	5.237	0.748143	0.748143
tRNA-Pro-TGG-3-5|d_arm|part1	19	19	14.812	0.779579	0.779579
tRNA-Pro-TGG-3-5|anticodon_arm|part1	17	17	12.407	0.729824	0.729824
tRNA-Pro-TGG-3-5|anticodon|part1	3	3	1.585	0.528333	0.528333
tRNA-Pro-TGG-3-5|variable_region|part1	4	4	3.039	0.75975	0.75975
tRNA-Pro-TGG-3-5|t_arm|part1	17	17	7.436	0.437412	0.437412
tRNA-Pro-TGG-3-5|acceptor_stem_3p|part1	8	8	3.001	0.375125	0.375125
tRNA-Pro-AGG-2-8|acceptor_stem_5p|part1	7	7	8.52	1.21714	1.21714
tRNA-Pro-AGG-2-8|d_arm|part1	19	19	26.314	1.38495	1.38495
tRNA-Pro-AGG-2-8|anticodon_arm|part1	17	17	20.325	1.19559	1.19559
tRNA-Pro-AGG-2-8|anticodon|part1	3	3	4.79	1.59667	1.59667
tRNA-Pro-AGG-2-8|variable_region|part1	4	4	2.824	0.706	0.706
tRNA-Pro-AGG-2-8|t_arm|part1	17	17	16.635	0.978529	0.978529
tRNA-Pro-AGG-2-8|acceptor_stem_3p|part1	8	8	5.503	0.687875	0.687875
tRNA-Lys-CTT-4-1|acceptor_stem_5p|part1	7	7	3.478	0.496857	0.496857
tRNA-Lys-CTT-4-1|d_arm|part1	19	19	19.911	1.04795	1.04795
tRNA-Lys-CTT-4-1|anticodon_arm|part1	17	17	12.58	0.74	0.74
tRNA-Lys-CTT-4-1|anticodon|part1	3	3	3.552	1.184	1.184
tRNA-Lys-CTT-4-1|variable_region|part1	5	5	4.709	0.9418	0.9418
tRNA-Lys-CTT-4-1|t_arm|part1	17	17	11.988	0.705176	0.705176
tRNA-Lys-CTT-4-1|acceptor_stem_3p|part1	8	8	8.325	1.04063	1.04063
tRNA-Pro-AGG-1-1|acceptor_stem_5p|part1	7	7	7.34	1.04857	1.04857
tRNA-Pro-AGG-1-1|d_arm|part1	19	19	11.307	0.595105	0.595105
tRNA-Pro-AGG-1-1|anticodon_arm|part1	17	17	8.578	0.504588	0.504588
tRNA-Pro-AGG-1-1|anticodon|part1	3	3	0.652	0.217333	0.217333
tRNA-Pro-AGG-1-1|variable_region|part1	4	4	3.084	0.771	0.771
tRNA-Pro-AGG-1-1|t_arm|part1	17	17	13.079	0.769353	0.769353
tRNA-Pro-AGG-1-1|acceptor_stem_3p|part1	8	8	3.762	0.47025	0.47025
tRNA-Arg-CCT-5-1|acceptor_stem_5p|part1	7	7	3.508	0.501143	0.501143
tRNA-Arg-CCT-5-1|d_arm|part1	19	19	22.154	1.166	1.166
tRNA-Arg-CCT-5-1|anticodon_arm|part1	17	17	16.872	0.992471	0.992471
tRNA-Arg-CCT-5-1|anticodon|part1	3	3	2.252	0.750667	0.750667
tRNA-Arg-CCT-5-1|variable_region|part1	5	5	1.897	0.3794	0.3794
tRNA-Arg-CCT-5-1|t_arm|part1	17	17	18.571	1.09241	1.09241
tRNA-Arg-CCT-5-1|acceptor_stem_3p|part1	8	8	11.881	1.48513	1.48513
tRNA-Lys-CTT-14-1|acceptor_stem_5p|part1	7	7	-2.8	-0.4	-0.4
tRNA-Lys-CTT-14-1|d_arm|part1	19	19	6.299	0.331526	0.331526
tRNA-Lys-CTT-14-1|anticodon_arm|part1	17	17	4.152	0.244235	0.244235
tRNA-Lys-CTT-14-1|anticodon|part1	3	3	-0.298	-0.0993333	-0.0993333
tRNA-Lys-CTT-14-1|variable_region|part1	5	5	-0.204	-0.0408	-0.0408
tRNA-Lys-CTT-14-1|t_arm|part1	17	17	5.244	0.308471	0.308471
tRNA-Lys-CTT-14-1|acceptor_stem_3p|part1	8	8	0.889	0.111125	0.111125
tRNA-Thr-CGT-2-1|acceptor_stem_5p|part1	7	7	28.199	4.02843	4.02843
tRNA-Thr-CGT-2-1|d_arm|part1	19	19	74.237	3.90721	3.90721
tRNA-Thr-CGT-2-1|anticodon_arm|part1	17	17	63.04	3.70824	3.70824
tRNA-Thr-CGT-2-1|anticodon|part1	3	3	11.744	3.91467	3.91467
tRNA-Thr-CGT-2-1|variable_region|part1	4	4	13.674	3.4185	3.4185
tRNA-Thr-CGT-2-1|t_arm|part1	17	17	61.46	3.61529	3.61529
tRNA-Thr-CGT-2-1|acceptor_stem_3p|part1	8	8	24.951	3.11888	3.11888
tRNA-Leu-TAG-3-1|acceptor_stem_3p|part1	8	8	27.23	3.40375	3.40375
tRNA-Leu-TAG-3-1|t_arm|part1	17	17	54.744	3.22024	3.22024
tRNA-Leu-TAG-3-1|variable_region|part1	14	14	46.274	3.30529	3.30529
tRNA-Leu-TAG-3-1|anticodon_arm|part1	17	17	55.914	3.28906	3.28906
tRNA-Leu-TAG-3-1|anticodon|part1	3	3	9.932	3.31067	3.31067
tRNA-Leu-TAG-3-1|d_arm|part1	19	19	59.857	3.15037	3.15037
tRNA-Leu-TAG-3-1|acceptor_stem_5p|part1	7	7	21.938	3.134	3.134
tRNA-Leu-AAG-2-4|acceptor_stem_5p|part1	7	7	27.511	3.93014	3.93014
tRNA-Leu-AAG-2-4|d_arm|part1	19	19	75.961	3.99795	3.99795
tRNA-Leu-AAG-2-4|anticodon_arm|part1	17	17	65.376	3.84565	3.84565
tRNA-Leu-AAG-2-4|anticodon|part1	3	3	11.812	3.93733	3.93733
tRNA-Leu-AAG-2-4|variable_region|part1	14	14	54.74	3.91	3.91
tRNA-Leu-AAG-2-4|t_arm|part1	17	17	64.734	3.80788	3.80788
tRNA-Leu-AAG-2-4|acceptor_stem_3p|part1	8	8	30.529	3.81612	3.81612
tRNA-Leu-CAG-2-1|acceptor_stem_5p|part1	7	7	23.457	3.351	3.351
tRNA-Leu-CAG-2-1|d_arm|part1	19	19	62.3	3.27895	3.27895
tRNA-Leu-CAG-2-1|anticodon_arm|part1	17	17	53.177	3.12806	3.12806
tRNA-Leu-CAG-2-1|anticodon|part1	3	3	9.168	3.056	3.056
tRNA-Leu-CAG-2-1|variable_region|part1	15	15	44.786	2.98573	2.98573
tRNA-Leu-CAG-2-1|t_arm|part1	17	17	54.309	3.19465	3.19465
tRNA-Leu-CAG-2-1|acceptor_stem_3p|part1	8	8	23.504	2.938	2.938
tRNA-Leu-CAG-2-2|acceptor_stem_3p|part1	8	8	21.989	2.74863	2.74863
tRNA-Leu-CAG-2-2|t_arm|part1	17	17	52.164	3.06847	3.06847
tRNA-Leu-CAG-2-2|variable_region|part1	15	15	45.146	3.00973	3.00973
tRNA-Leu-CAG-2-2|anticodon_arm|part1	17	17	46.711	2.74771	2.74771
tRNA-Leu-CAG-2-2|anticodon|part1	3	3	9.94	3.31333	3.31333
tRNA-Leu-CAG-2-2|d_arm|part1	19	19	55.194	2.90495	2.90495
tRNA-Leu-CAG-2-2|acceptor_stem_5p|part1	7	7	21.489	3.06986	3.06986
tRNA-Gly-GCC-3-1|acceptor_stem_3p|part1	8	8	11.802	1.47525	1.47525
tRNA-Gly-GCC-3-1|t_arm|part1	17	17	25.307	1.48865	1.48865
tRNA-Gly-GCC-3-1|variable_region|part1	3	3	6.075	2.025	2.025
tRNA-Gly-GCC-3-1|anticodon_arm|part1	17	17	35.363	2.08018	2.08018
tRNA-Gly-GCC-3-1|anticodon|part1	3	3	8.561	2.85367	2.85367
tRNA-Gly-GCC-3-1|d_arm|part1	19	19	24.123	1.26963	1.26963
tRNA-Gly-GCC-3-1|acceptor_stem_5p|part1	7	7	15.199	2.17129	2.17129
tRNA-Gly-GCC-2-4|acceptor_stem_3p|part1	8	8	19.355	2.41938	2.41938
tRNA-Gly-GCC-2-4|t_arm|part1	17	17	31.723	1.86606	1.86606
tRNA-Gly-GCC-2-4|variable_region|part1	3	3	7.923	2.641	2.641
tRNA-Gly-GCC-2-4|anticodon_arm|part1	17	17	41.748	2.45576	2.45576
tRNA-Gly-GCC-2-4|anticodon|part1	3	3	9.024	3.008	3.008
tRNA-Gly-GCC-2-4|d_arm|part1	19	19	49.815	2.62184	2.62184
tRNA-Gly-GCC-2-4|acceptor_stem_5p|part1	7	7	14.309	2.04414	2.04414
tRNA-Gly-GCC-5-1|acceptor_stem_5p|part1	7	7	18.665	2.66643	2.66643
tRNA-Gly-GCC-5-1|d_arm|part1	19	19	60.954	3.20811	3.20811
tRNA-Gly-GCC-5-1|anticodon_arm|part1	17	17	40.256	2.368	2.368
tRNA-Gly-GCC-5-1|anticodon|part1	3	3	8.33	2.77667	2.77667
tRNA-Gly-GCC-5-1|variable_region|part1	3	3	7.88	2.62667	2.62667
tRNA-Gly-GCC-5-1|t_arm|part1	17	17	39.492	2.32306	2.32306
tRNA-Gly-GCC-5-1|acceptor_stem_3p|part1	8	8	26.342	3.29275	3.29275
tRNA-Gly-GCC-2-5|acceptor_stem_5p|part1	7	7	17.664	2.52343	2.52343
tRNA-Gly-GCC-2-5|d_arm|part1	19	19	71.481	3.76216	3.76216
tRNA-Gly-GCC-2-5|anticodon_arm|part1	17	17	51.891	3.05241	3.05241
tRNA-Gly-GCC-2-5|anticodon|part1	3	3	11.47	3.82333	3.82333
tRNA-Gly-GCC-2-5|variable_region|part1	3	3	8.334	2.778	2.778
tRNA-Gly-GCC-2-5|t_arm|part1	17	17	44.354	2.60906	2.60906
tRNA-Gly-GCC-2-5|acceptor_stem_3p|part1	8	8	28.834	3.60425	3.60425
tRNA-Met-CAT-2-1|acceptor_stem_5p|part1	7	7	5.715	0.816429	0.816429
tRNA-Met-CAT-2-1|d_arm|part1	19	19	19.75	1.03947	1.03947
tRNA-Met-CAT-2-1|anticodon_arm|part1	17	17	21.1	1.24118	1.24118
tRNA-Met-CAT-2-1|anticodon|part1	3	3	2.778	0.926	0.926
tRNA-Met-CAT-2-1|variable_region|part1	5	5	5.503	1.1006	1.1006
tRNA-Met-CAT-2-1|t_arm|part1	17	17	20.439	1.20229	1.20229
tRNA-Met-CAT-2-1|acceptor_stem_3p|part1	8	8	10.931	1.36638	1.36638
tRNA-Lys-TTT-1-1|acceptor_stem_3p|part1	8	8	0.851	0.106375	0.106375
tRNA-Lys-TTT-1-1|t_arm|part1	17	17	3.852	0.226588	0.226588
tRNA-Lys-TTT-1-1|variable_region|part1	5	5	0.66	0.132	0.132
tRNA-Lys-TTT-1-1|anticodon_arm|part1	17	17	6.301	0.370647	0.370647
tRNA-Lys-TTT-1-1|anticodon|part1	3	3	1.041	0.347	0.347
tRNA-Lys-TTT-1-1|d_arm|part1	19	19	5.986	0.315053	0.315053
tRNA-Lys-TTT-1-1|acceptor_stem_5p|part1	7	7	0.238	0.034	0.034
tRNA-Met-CAT-6-1|acceptor_stem_3p|part1	8	8	5.288	0.661	0.661
tRNA-Met-CAT-6-1|t_arm|part1	17	17	14.187	0.834529	0.834529
tRNA-Met-CAT-6-1|variable_region|part1	5	5	1.539	0.3078	0.3078
tRNA-Met-CAT-6-1|anticodon_arm|part1	17	17	7.22	0.424706	0.424706
tRNA-Met-CAT-6-1|anticodon|part1	3	3	1.46	0.486667	0.486667
tRNA-Met-CAT-6-1|d_arm|part1	19	19	10.549	0.555211	0.555211
tRNA-Met-CAT-6-1|acceptor_stem_5p|part1	7	7	2.329	0.332714	0.332714
tRNA-Lys-TTT-3-5|acceptor_stem_5p|part1	7	7	24.199	3.457	3.457
tRNA-Lys-TTT-3-5|d_arm|part1	19	19	65.364	3.44021	3.44021
tRNA-Lys-TTT-3-5|anticodon_arm|part1	17	17	56.171	3.30418	3.30418
tRNA-Lys-TTT-3-5|anticodon|part1	3	3	9.201	3.067	3.067
tRNA-Lys-TTT-3-5|variable_region|part1	5	5	17.62	3.524	3.524
tRNA-Lys-TTT-3-5|t_arm|part1	17	17	57.381	3.37535	3.37535
tRNA-Lys-TTT-3-5|acceptor_stem_3p|part1	8	8	27.413	3.42663	3.42663
tRNA-Gln-CTG-1-5|acceptor_stem_5p|part1	7	7	23.462	3.35171	3.35171
tRNA-Gln-CTG-1-5|d_arm|part1	19	19	63.613	3.34805	3.34805
tRNA-Gln-CTG-1-5|anticodon_arm|part1	17	17	57.126	3.36035	3.36035
tRNA-Gln-CTG-1-5|anticodon|part1	3	3	9.938	3.31267	3.31267
tRNA-Gln-CTG-1-5|variable_region|part1	4	4	13.524	3.381	3.381
tRNA-Gln-CTG-1-5|t_arm|part1	17	17	57.126	3.36035	3.36035
tRNA-Gln-CTG-1-5|acceptor_stem_3p|part1	8	8	27.048	3.381	3.381
tRNA-Leu-TAG-1-1|acceptor_stem_3p|part1	8	8	28.077	3.50963	3.50963
tRNA-Leu-TAG-1-1|t_arm|part1	17	17	57.9	3.40588	3.40588
tRNA-Leu-TAG-1-1|variable_region|part1	14	14	44.599	3.18564	3.18564
tRNA-Leu-TAG-1-1|anticodon_arm|part1	17	17	57.645	3.39088	3.39088
tRNA-Leu-TAG-1-1|anticodon|part1	3	3	10.239	3.413	3.413
tRNA-Leu-TAG-1-1|d_arm|part1	19	19	63.404	3.33705	3.33705
tRNA-Leu-TAG-1-1|acceptor_stem_5p|part1	7	7	22.614	3.23057	3.23057
tRNA-Arg-TCT-2-1|acceptor_stem_5p|part1	7	7	27.06	3.86571	3.86571
tRNA-Arg-TCT-2-1|d_arm|part1	19	19	75.549	3.97626	3.97626
tRNA-Arg-TCT-2-1|anticodon_arm|part1	11	11	40.052	3.64109	3.64109
tRNA-Arg-TCT-2-1|anticodon|part1	3	3	10.484	3.49467	3.49467
tRNA-Arg-TCT-2-1|intron|part1	15	15	19.001	1.26673	1.26673
tRNA-Arg-TCT-2-1|anticodon_arm|part2	6	6	22.766	3.79433	3.79433
tRNA-Arg-TCT-2-1|variable_region|part1	5	5	19.88	3.976	3.976
tRNA-Arg-TCT-2-1|t_arm|part1	17	17	65.568	3.85694	3.85694
tRNA-Arg-TCT-2-1|acceptor_stem_3p|part1	8	8	30.306	3.78825	3.78825
tRNA-Gly-GCC-2-6|acceptor_stem_5p|part1	7	7	10.763	1.53757	1.53757
tRNA-Gly-GCC-2-6|d_arm|part1	19	19	33.807	1.77932	1.77932
tRNA-Gly-GCC-2-6|anticodon_arm|part1	17	17	31.467	1.851	1.851
tRNA-Gly-GCC-2-6|anticodon|part1	3	3	6.762	2.254	2.254
tRNA-Gly-GCC-2-6|variable_region|part1	3	3	3.579	1.193	1.193
tRNA-Gly-GCC-2-6|t_arm|part1	17	17	38.6	2.27059	2.27059
tRNA-Gly-GCC-2-6|acceptor_stem_3p|part1	8	8	11.155	1.39438	1.39438
tRNA-Ser-CGA-1-1|acceptor_stem_3p|part1	8	8	26.953	3.36913	3.36913
tRNA-Ser-CGA-1-1|t_arm|part1	17	17	57.159	3.36229	3.36229
tRNA-Ser-CGA-1-1|variable_region|part1	14	14	44.684	3.19171	3.19171
tRNA-Ser-CGA-1-1|anticodon_arm|part1	17	17	56.468	3.32165	3.32165
tRNA-Ser-CGA-1-1|anticodon|part1	3	3	9.811	3.27033	3.27033
tRNA-Ser-CGA-1-1|d_arm|part1	19	19	61.545	3.23921	3.23921
tRNA-Ser-CGA-1-1|acceptor_stem_5p|part1	7	7	22.875	3.26786	3.26786
tRNA-Thr-AGT-5-1|acceptor_stem_3p|part1	8	8	18.935	2.36688	2.36688
tRNA-Thr-AGT-5-1|t_arm|part1	17	17	35.847	2.10865	2.10865
tRNA-Thr-AGT-5-1|variable_region|part1	6	6	10.162	1.69367	1.69367
tRNA-Thr-AGT-5-1|anticodon_arm|part1	17	17	27.47	1.61588	1.61588
tRNA-Thr-AGT-5-1|anticodon|part1	3	3	4.674	1.558	1.558
tRNA-Thr-AGT-5-1|d_arm|part1	19	19	47.411	2.49532	2.49532
tRNA-Thr-AGT-5-1|acceptor_stem_5p|part1	7	7	12.869	1.83843	1.83843
tRNA-Trp-CCA-3-3|acceptor_stem_5p|part1	7	7	18.994	2.71343	2.71343
tRNA-Trp-CCA-3-3|d_arm|part1	19	19	57.859	3.04521	3.04521
tRNA-Trp-CCA-3-3|anticodon_arm|part1	17	17	51.295	3.01735	3.01735
tRNA-Trp-CCA-3-3|anticodon|part1	3	3	10.005	3.335	3.335
tRNA-Trp-CCA-3-3|variable_region|part1	4	4	12.82	3.205	3.205
tRNA-Trp-CCA-3-3|t_arm|part1	17	17	50.978	2.99871	2.99871
tRNA-Trp-CCA-3-3|acceptor_stem_3p|part1	8	8	26.043	3.25537	3.25537
tRNA-Ser-GCT-4-3|acceptor_stem_5p|part1	7	7	23.718	3.38829	3.38829
tRNA-Ser-GCT-4-3|d_arm|part1	19	19	59.317	3.12195	3.12195
tRNA-Ser-GCT-4-3|anticodon_arm|part1	17	17	52.822	3.10718	3.10718
tRNA-Ser-GCT-4-3|anticodon|part1	3	3	9.224	3.07467	3.07467
tRNA-Ser-GCT-4-3|variable_region|part1	14	14	39.823	2.8445	2.8445
tRNA-Ser-GCT-4-3|t_arm|part1	17	17	53.29	3.13471	3.13471
tRNA-Ser-GCT-4-3|acceptor_stem_3p|part1	8	8	22.801	2.85012	2.85012
tRNA-Thr-AGT-1-1|acceptor_stem_5p|part1	7	7	7.361	1.05157	1.05157
tRNA-Thr-AGT-1-1|d_arm|part1	19	19	38.567	2.02984	2.02984
tRNA-Thr-AGT-1-1|anticodon_arm|part1	17	17	23.542	1.38482	1.38482
tRNA-Thr-AGT-1-1|anticodon|part1	3	3	5.707	1.90233	1.90233
tRNA-Thr-AGT-1-1|variable_region|part1	6	6	10.068	1.678	1.678
tRNA-Thr-AGT-1-1|t_arm|part1	17	17	27.957	1.64453	1.64453
tRNA-Thr-AGT-1-1|acceptor_stem_3p|part1	8	8	12.499	1.56238	1.56238
tRNA-Ile-AAT-5-5|acceptor_stem_5p|part1	7	7	17.67	2.52429	2.52429
tRNA-Ile-AAT-5-5|d_arm|part1	19	19	54.601	2.87374	2.87374
tRNA-Ile-AAT-5-5|anticodon_arm|part1	17	17	47.632	2.80188	2.80188
tRNA-Ile-AAT-5-5|anticodon|part1	3	3	7.788	2.596	2.596
tRNA-Ile-AAT-5-5|variable_region|part1	6	6	18.654	3.109	3.109
tRNA-Ile-AAT-5-5|t_arm|part1	17	17	49.315	2.90088	2.90088
tRNA-Ile-AAT-5-5|acceptor_stem_3p|part1	8	8	19.381	2.42263	2.42263
tRX-Ile-NNN-4-1|acceptor_stem_3p|part1	8	8	-6.765	-0.845625	-0.845625
tRX-Ile-NNN-4-1|t_arm|part1	17	17	-10.043	-0.590765	-0.590765
tRX-Ile-NNN-4-1|variable_region|part1	19	19	-5.869	-0.308895	-0.308895
tRX-Ile-NNN-4-1|anticodon_arm|part1	17	17	-8.603	-0.506059	-0.506059
tRX-Ile-NNN-4-1|anticodon|part1	3	3	-0.36	-0.12	-0.12
tRX-Ile-NNN-4-1|d_arm|part1	19	19	0.952	0.0501053	0.0501053
tRX-Ile-NNN-4-1|acceptor_stem_5p|part1	7	7	-5.236	-0.748	-0.748
tRNA-Trp-CCA-1-1|acceptor_stem_3p|part1	8	8	18.973	2.37163	2.37163
tRNA-Trp-CCA-1-1|t_arm|part1	17	17	36.216	2.13035	2.13035
tRNA-Trp-CCA-1-1|variable_region|part1	4	4	8.821	2.20525	2.20525
tRNA-Trp-CCA-1-1|anticodon_arm|part1	17	17	38.147	2.24394	2.24394
tRNA-Trp-CCA-1-1|anticodon|part1	3	3	7.582	2.52733	2.52733
tRNA-Trp-CCA-1-1|d_arm|part1	19	19	39.916	2.10084	2.10084
tRNA-Trp-CCA-1-1|acceptor_stem_5p|part1	7	7	16.948	2.42114	2.42114
tRNA-Gly-TCC-3-1|acceptor_stem_5p|part1	7	7	15.326	2.18943	2.18943
tRNA-Gly-TCC-3-1|d_arm|part1	19	19	38.76	2.04	2.04
tRNA-Gly-TCC-3-1|anticodon_arm|part1	17	17	35.014	2.05965	2.05965
tRNA-Gly-TCC-3-1|anticodon|part1	3	3	4.399	1.46633	1.46633
tRNA-Gly-TCC-3-1|variable_region|part1	4	4	5.939	1.48475	1.48475
tRNA-Gly-TCC-3-1|t_arm|part1	17	17	34.296	2.01741	2.01741
tRNA-Gly-TCC-3-1|acceptor_stem_3p|part1	8	8	10.668	1.3335	1.3335
tRNA-Asp-GTC-2-11|acceptor_stem_3p|part1	8	8	22.297	2.78713	2.78713
tRNA-Asp-GTC-2-11|t_arm|part1	17	17	55.687	3.27571	3.27571
tRNA-Asp-GTC-2-11|variable_region|part1	4	4	12.945	3.23625	3.23625
tRNA-Asp-GTC-2-11|anticodon_arm|part1	17	17	56.258	3.30929	3.30929
tRNA-Asp-GTC-2-11|anticodon|part1	3	3	9.098	3.03267	3.03267
tRNA-Asp-GTC-2-11|d_arm|part1	19	19	59.498	3.13147	3.13147
tRNA-Asp-GTC-2-11|acceptor_stem_5p|part1	7	7	21.545	3.07786	3.07786
tRNA-Pro-CGG-1-3|acceptor_stem_3p|part1	8	8	29.49	3.68625	3.68625
tRNA-Pro-CGG-1-3|t_arm|part1	17	17	62.233	3.66076	3.66076
tRNA-Pro-CGG-1-3|variable_region|part1	4	4	14.433	3.60825	3.60825
tRNA-Pro-CGG-1-3|anticodon_arm|part1	17	17	59.639	3.50818	3.50818
tRNA-Pro-CGG-1-3|anticodon|part1	3	3	9.735	3.245	3.245
tRNA-Pro-CGG-1-3|d_arm|part1	19	19	67.639	3.55995	3.55995
tRNA-Pro-CGG-1-3|acceptor_stem_5p|part1	7	7	25.621	3.66014	3.66014
tRNA-Thr-AGT-1-2|acceptor_stem_3p|part1	8	8	26.407	3.30088	3.30088
tRNA-Thr-AGT-1-2|t_arm|part1	17	17	57.9	3.40588	3.40588
tRNA-Thr-AGT-1-2|variable_region|part1	6	6	19.621	3.27017	3.27017
tRNA-Thr-AGT-1-2|anticodon_arm|part1	17	17	57.163	3.36253	3.36253
tRNA-Thr-AGT-1-2|anticodon|part1	3	3	9.683	3.22767	3.22767
tRNA-Thr-AGT-1-2|d_arm|part1	19	19	63.232	3.328	3.328
tRNA-Thr-AGT-1-2|acceptor_stem_5p|part1	7	7	21.414	3.05914	3.05914
tRNA-Ser-AGA-2-6|acceptor_stem_3p|part1	8	8	27.303	3.41287	3.41287
tRNA-Ser-AGA-2-6|t_arm|part1	17	17	57.9	3.40588	3.40588
tRNA-Ser-AGA-2-6|variable_region|part1	14	14	46.108	3.29343	3.29343
tRNA-Ser-AGA-2-6|anticodon_arm|part1	17	17	55.113	3.24194	3.24194
tRNA-Ser-AGA-2-6|anticodon|part1	3	3	9.164	3.05467	3.05467
tRNA-Ser-AGA-2-6|d_arm|part1	19	19	59.513	3.13226	3.13226
tRNA-Ser-AGA-2-6|acceptor_stem_5p|part1	7	7	23.17	3.31	3.31
tRNA-Ile-AAT-4-1|acceptor_stem_3p|part1	8	8	25.398	3.17475	3.17475
tRNA-Ile-AAT-4-1|t_arm|part1	17	17	50.726	2.98388	2.98388
tRNA-Ile-AAT-4-1|variable_region|part1	6	6	19.621	3.27017	3.27017
tRNA-Ile-AAT-4-1|anticodon_arm|part1	17	17	53.105	3.12382	3.12382
tRNA-Ile-AAT-4-1|anticodon|part1	3	3	9.72	3.24	3.24
tRNA-Ile-AAT-4-1|d_arm|part1	19	19	63.487	3.34142	3.34142
tRNA-Ile-AAT-4-1|acceptor_stem_5p|part1	7	7	23.388	3.34114	3.34114
tRNA-Trp-CCA-2-1|acceptor_stem_5p|part1	7	7	11.427	1.63243	1.63243
tRNA-Trp-CCA-2-1|d_arm|part1	19	19	32.054	1.68705	1.68705
tRNA-Trp-CCA-2-1|anticodon_arm|part1	17	17	26.358	1.55047	1.55047
tRNA-Trp-CCA-2-1|anticodon|part1	3	3	5.087	1.69567	1.69567
tRNA-Trp-CCA-2-1|variable_region|part1	4	4	6.724	1.681	1.681
tRNA-Trp-CCA-2-1|t_arm|part1	17	17	27.992	1.64659	1.64659
tRNA-Trp-CCA-2-1|acceptor_stem_3p|part1	8	8	10.456	1.307	1.307
tRNA-Gly-CCC-3-1|acceptor_stem_5p|part1	7	7	-0.351	-0.0501429	-0.0501429
tRNA-Gly-CCC-3-1|d_arm|part1	19	19	1.376	0.0724211	0.0724211
tRNA-Gly-CCC-3-1|anticodon_arm|part1	17	17	-0.539	-0.0317059	-0.0317059
tRNA-Gly-CCC-3-1|anticodon|part1	3	3	0.83	0.276667	0.276667
tRNA-Gly-CCC-3-1|variable_region|part1	3	3	0.881	0.293667	0.293667
tRNA-Gly-CCC-3-1|t_arm|part1	17	17	0.621	0.0365294	0.0365294
tRNA-Gly-CCC-3-1|acceptor_stem_3p|part1	8	8	1.241	0.155125	0.155125
tRNA-Thr-CGT-4-1|acceptor_stem_5p|part1	7	7	20.787	2.96957	2.96957
tRNA-Thr-CGT-4-1|d_arm|part1	19	19	48.451	2.55005	2.55005
tRNA-Thr-CGT-4-1|anticodon_arm|part1	17	17	48.56	2.85647	2.85647
tRNA-Thr-CGT-4-1|anticodon|part1	3	3	8.733	2.911	2.911
tRNA-Thr-CGT-4-1|variable_region|part1	4	4	9.257	2.31425	2.31425
tRNA-Thr-CGT-4-1|t_arm|part1	17	17	38.79	2.28176	2.28176
tRNA-Thr-CGT-4-1|acceptor_stem_3p|part1	8	8	17.02	2.1275	2.1275
tRNA-Asn-GTT-2-5|acceptor_stem_3p|part1	8	8	25.936	3.242	3.242
tRNA-Asn-GTT-2-5|t_arm|part1	17	17	56.803	3.34135	3.34135
tRNA-Asn-GTT-2-5|variable_region|part1	6	6	19.366	3.22767	3.22767
tRNA-Asn-GTT-2-5|anticodon_arm|part1	17	17	57.645	3.39088	3.39088
tRNA-Asn-GTT-2-5|anticodon|part1	3	3	10.202	3.40067	3.40067
tRNA-Asn-GTT-2-5|d_arm|part1	19	19	63.96	3.36632	3.36632
tRNA-Asn-GTT-2-5|acceptor_stem_5p|part1	7	7	24.5	3.5	3.5
tRNA-Cys-GCA-14-1|acceptor_stem_3p|part1	8	8	10.454	1.30675	1.30675
tRNA-Cys-GCA-14-1|t_arm|part1	17	17	25.51	1.50059	1.50059
tRNA-Cys-GCA-14-1|variable_region|part1	4	4	4.824	1.206	1.206
tRNA-Cys-GCA-14-1|anticodon_arm|part1	17	17	27.11	1.59471	1.59471
tRNA-Cys-GCA-14-1|anticodon|part1	3	3	4.443	1.481	1.481
tRNA-Cys-GCA-14-1|d_arm|part1	19	19	31.077	1.63563	1.63563
tRNA-Cys-GCA-14-1|acceptor_stem_5p|part1	7	7	9.045	1.29214	1.29214
tRNA-Cys-GCA-2-2|acceptor_stem_5p|part1	7	7	23.78	3.39714	3.39714
tRNA-Cys-GCA-2-2|d_arm|part1	19	19	62.455	3.28711	3.28711
tRNA-Cys-GCA-2-2|anticodon_arm|part1	17	17	51.422	3.02482	3.02482
tRNA-Cys-GCA-2-2|anticodon|part1	3	3	10.226	3.40867	3.40867
tRNA-Cys-GCA-2-2|variable_region|part1	4	4	10.732	2.683	2.683
tRNA-Cys-GCA-2-2|t_arm|part1	17	17	45.127	2.65453	2.65453
tRNA-Cys-GCA-2-2|acceptor_stem_3p|part1	8	8	23.07	2.88375	2.88375
tRNA-Cys-GCA-4-1|acceptor_stem_3p|part1	8	8	26.725	3.34063	3.34063
tRNA-Cys-GCA-4-1|t_arm|part1	17	17	55.041	3.23771	3.23771
tRNA-Cys-GCA-4-1|variable_region|part1	4	4	11.373	2.84325	2.84325
tRNA-Cys-GCA-4-1|anticodon_arm|part1	17	17	55.297	3.25276	3.25276
tRNA-Cys-GCA-4-1|anticodon|part1	3	3	10.474	3.49133	3.49133
tRNA-Cys-GCA-4-1|d_arm|part1	19	19	59.464	3.12968	3.12968
tRNA-Cys-GCA-4-1|acceptor_stem_5p|part1	7	7	16.605	2.37214	2.37214
tRNA-Cys-GCA-2-3|acceptor_stem_3p|part1	8	8	23.473	2.93413	2.93413
tRNA-Cys-GCA-2-3|t_arm|part1	17	17	45.344	2.66729	2.66729
tRNA-Cys-GCA-2-3|variable_region|part1	4	4	13.214	3.3035	3.3035
tRNA-Cys-GCA-2-3|anticodon_arm|part1	17	17	47.76	2.80941	2.80941
tRNA-Cys-GCA-2-3|anticodon|part1	3	3	8.539	2.84633	2.84633
tRNA-Cys-GCA-2-3|d_arm|part1	19	19	53.389	2.80995	2.80995
tRNA-Cys-GCA-2-3|acceptor_stem_5p|part1	7	7	21.067	3.00957	3.00957
tRNA-Cys-GCA-2-4|acceptor_stem_3p|part1	8	8	27.501	3.43762	3.43762
tRNA-Cys-GCA-2-4|t_arm|part1	17	17	53.169	3.12759	3.12759
tRNA-Cys-GCA-2-4|variable_region|part1	4	4	11.88	2.97	2.97
tRNA-Cys-GCA-2-4|anticodon_arm|part1	17	17	55.57	3.26882	3.26882
tRNA-Cys-GCA-2-4|anticodon|part1	3	3	9.793	3.26433	3.26433
tRNA-Cys-GCA-2-4|d_arm|part1	19	19	57.298	3.01568	3.01568
tRNA-Cys-GCA-2-4|acceptor_stem_5p|part1	7	7	18.79	2.68429	2.68429
tRX-Val-NNN-3-1|acceptor_stem_3p|part1	8	8	-2.575	-0.321875	-0.321875
tRX-Val-NNN-3-1|t_arm|part1	17	17	-4.01	-0.235882	-0.235882
tRX-Val-NNN-3-1|variable_region|part1	5	5	-2.445	-0.489	-0.489
tRX-Val-NNN-3-1|anticodon_arm|part1	17	17	0.702	0.0412941	0.0412941
tRX-Val-NNN-3-1|anticodon|part1	3	3	0.411	0.137	0.137
tRX-Val-NNN-3-1|d_arm|part1	19	19	-0.481	-0.0253158	-0.0253158
tRX-Val-NNN-3-1|acceptor_stem_5p|part1	7	7	-2.21	-0.315714	-0.315714
tRNA-Gln-TTG-1-1|acceptor_stem_5p|part1	7	7	25.045	3.57786	3.57786
tRNA-Gln-TTG-1-1|d_arm|part1	19	19	69.4	3.65263	3.65263
tRNA-Gln-TTG-1-1|anticodon_arm|part1	17	17	61.114	3.59494	3.59494
tRNA-Gln-TTG-1-1|anticodon|part1	3	3	10.667	3.55567	3.55567
tRNA-Gln-TTG-1-1|variable_region|part1	4	4	14.458	3.6145	3.6145
tRNA-Gln-TTG-1-1|t_arm|part1	17	17	61.074	3.59259	3.59259
tRNA-Gln-TTG-1-1|acceptor_stem_3p|part1	8	8	29.188	3.6485	3.6485
tRNA-Arg-CCG-2-1|acceptor_stem_3p|part1	8	8	25.326	3.16575	3.16575
tRNA-Arg-CCG-2-1|t_arm|part1	17	17	54.086	3.18153	3.18153
tRNA-Arg-CCG-2-1|variable_region|part1	5	5	15.307	3.0614	3.0614
tRNA-Arg-CCG-2-1|anticodon_arm|part1	17	17	54.56	3.20941	3.20941
tRNA-Arg-CCG-2-1|anticodon|part1	3	3	10.053	3.351	3.351
tRNA-Arg-CCG-2-1|d_arm|part1	19	19	58.641	3.08637	3.08637
tRNA-Arg-CCG-2-1|acceptor_stem_5p|part1	7	7	22.265	3.18071	3.18071
tRNA-Arg-CCT-1-1|acceptor_stem_5p|part1	7	7	18.057	2.57957	2.57957
tRNA-Arg-CCT-1-1|d_arm|part1	19	19	49.643	2.61279	2.61279
tRNA-Arg-CCT-1-1|anticodon_arm|part1	17	17	38.714	2.27729	2.27729
tRNA-Arg-CCT-1-1|anticodon|part1	3	3	7.063	2.35433	2.35433
tRNA-Arg-CCT-1-1|variable_region|part1	5	5	12.144	2.4288	2.4288
tRNA-Arg-CCT-1-1|t_arm|part1	17	17	43.251	2.54418	2.54418
tRNA-Arg-CCT-1-1|acceptor_stem_3p|part1	8	8	18.841	2.35513	2.35513
tRNA-Arg-CCT-2-1|acceptor_stem_3p|part1	8	8	7.405	0.925625	0.925625
tRNA-Arg-CCT-2-1|t_arm|part1	17	17	26.138	1.53753	1.53753
tRNA-Arg-CCT-2-1|variable_region|part1	5	5	5.286	1.0572	1.0572
tRNA-Arg-CCT-2-1|anticodon_arm|part1	17	17	25.123	1.47782	1.47782
tRNA-Arg-CCT-2-1|anticodon|part1	3	3	5.25	1.75	1.75
tRNA-Arg-CCT-2-1|d_arm|part1	19	19	34.813	1.83226	1.83226
tRNA-Arg-CCT-2-1|acceptor_stem_5p|part1	7	7	12.088	1.72686	1.72686
tRNA-Arg-TCG-3-1|acceptor_stem_5p|part1	7	7	6.327	0.903857	0.903857
tRNA-Arg-TCG-3-1|d_arm|part1	19	19	12.536	0.659789	0.659789
tRNA-Arg-TCG-3-1|anticodon_arm|part1	17	17	16.526	0.972118	0.972118
tRNA-Arg-TCG-3-1|anticodon|part1	3	3	2.751	0.917	0.917
tRNA-Arg-TCG-3-1|variable_region|part1	5	5	6.697	1.3394	1.3394
tRNA-Arg-TCG-3-1|t_arm|part1	17	17	17.101	1.00594	1.00594
tRNA-Arg-TCG-3-1|acceptor_stem_3p|part1	8	8	13.977	1.74713	1.74713
tRNA-iMet-CAT-1-8|acceptor_stem_3p|part1	8	8	4.989	0.623625	0.623625
tRNA-iMet-CAT-1-8|t_arm|part1	17	17	8.894	0.523176	0.523176
tRNA-iMet-CAT-1-8|variable_region|part1	4	4	-0.246	-0.0615	-0.0615
tRNA-iMet-CAT-1-8|anticodon_arm|part1	17	17	16.367	0.962765	0.962765
tRNA-iMet-CAT-1-8|anticodon|part1	3	3	2.305	0.768333	0.768333
tRNA-iMet-CAT-1-8|d_arm|part1	19	19	4.726	0.248737	0.248737
tRNA-iMet-CAT-1-8|acceptor_stem_5p|part1	7	7	3.447	0.492429	0.492429
tRNA-Gly-TCC-5-1|acceptor_stem_5p|part1	7	0	0	0	0
tRNA-Gly-TCC-5-1|d_arm|part1	19	0	0	0	0
tRNA-Gly-TCC-5-1|anticodon_arm|part1	17	0	0	0	0
tRNA-Gly-TCC-5-1|anticodon|part1	3	0	0	0	0
tRNA-Gly-TCC-5-1|variable_region|part1	4	0	0	0	0
tRNA-Gly-TCC-5-1|t_arm|part1	17	0	0	0	0
tRNA-Gly-TCC-5-1|acceptor_stem_3p|part1	8	0	0	0	0
tRNA-Gly-TCC-6-1|acceptor_stem_5p|part1	7	7	-0.621	-0.0887143	-0.0887143
tRNA-Gly-TCC-6-1|d_arm|part1	19	19	2.439	0.128368	0.128368
tRNA-Gly-TCC-6-1|anticodon_arm|part1	17	17	2.109	0.124059	0.124059
tRNA-Gly-TCC-6-1|anticodon|part1	3	3	0.352	0.117333	0.117333
tRNA-Gly-TCC-6-1|variable_region|part1	4	4	0.503	0.12575	0.12575
tRNA-Gly-TCC-6-1|t_arm|part1	17	17	-2.724	-0.160235	-0.160235
tRNA-Gly-TCC-6-1|acceptor_stem_3p|part1	8	8	0.998	0.12475	0.12475
tRNA-Phe-GAA-1-6|acceptor_stem_3p|part1	8	8	18.059	2.25738	2.25738
tRNA-Phe-GAA-1-6|t_arm|part1	17	17	29.579	1.73994	1.73994
tRNA-Phe-GAA-1-6|variable_region|part1	5	5	5.734	1.1468	1.1468
tRNA-Phe-GAA-1-6|anticodon_arm|part1	17	17	23.574	1.38671	1.38671
tRNA-Phe-GAA-1-6|anticodon|part1	3	3	2.955	0.985	0.985
tRNA-Phe-GAA-1-6|d_arm|part1	19	19	30.259	1.59258	1.59258
tRNA-Phe-GAA-1-6|acceptor_stem_5p|part1	7	7	7.465	1.06643	1.06643
tRNA-Asn-GTT-2-6|acceptor_stem_5p|part1	7	7	19.039	2.71986	2.71986
tRNA-Asn-GTT-2-6|d_arm|part1	19	19	60.637	3.19142	3.19142
tRNA-Asn-GTT-2-6|anticodon_arm|part1	17	17	58.102	3.41776	3.41776
tRNA-Asn-GTT-2-6|anticodon|part1	3	3	10.132	3.37733	3.37733
tRNA-Asn-GTT-2-6|variable_region|part1	6	6	20.023	3.33717	3.33717
tRNA-Asn-GTT-2-6|t_arm|part1	17	17	56.772	3.33953	3.33953
tRNA-Asn-GTT-2-6|acceptor_stem_3p|part1	8	8	32.083	4.01037	4.01037
tRNA-Gly-TCC-1-1|acceptor_stem_5p|part1	7	7	12.133	1.73329	1.73329
tRNA-Gly-TCC-1-1|d_arm|part1	19	19	46.325	2.43816	2.43816
tRNA-Gly-TCC-1-1|anticodon_arm|part1	17	17	45.086	2.65212	2.65212
tRNA-Gly-TCC-1-1|anticodon|part1	3	3	6.494	2.16467	2.16467
tRNA-Gly-TCC-1-1|variable_region|part1	4	4	6.285	1.57125	1.57125
tRNA-Gly-TCC-1-1|t_arm|part1	17	17	39.984	2.352	2.352
tRNA-Gly-TCC-1-1|acceptor_stem_3p|part1	8	8	22.948	2.8685	2.8685
tRNA-Val-CAC-3-1|acceptor_stem_3p|part1	8	8	1.297	0.162125	0.162125
tRNA-Val-CAC-3-1|t_arm|part1	17	17	1.861	0.109471	0.109471
tRNA-Val-CAC-3-1|variable_region|part1	5	5	4.29	0.858	0.858
tRNA-Val-CAC-3-1|anticodon_arm|part1	17	17	3.941	0.231824	0.231824
tRNA-Val-CAC-3-1|anticodon|part1	3	3	1.335	0.445	0.445
tRNA-Val-CAC-3-1|d_arm|part1	19	19	8.951	0.471105	0.471105
tRNA-Val-CAC-3-1|acceptor_stem_5p|part1	7	7	3.07	0.438571	0.438571
tRNA-Thr-AGT-1-3|acceptor_stem_5p|part1	7	7	19.457	2.77957	2.77957
tRNA-Thr-AGT-1-3|d_arm|part1	19	19	51.682	2.72011	2.72011
tRNA-Thr-AGT-1-3|anticodon_arm|part1	17	17	45.928	2.70165	2.70165
tRNA-Thr-AGT-1-3|anticodon|part1	3	3	8.35	2.78333	2.78333
tRNA-Thr-AGT-1-3|variable_region|part1	6	6	16.671	2.7785	2.7785
tRNA-Thr-AGT-1-3|t_arm|part1	17	17	45.693	2.68782	2.68782
tRNA-Thr-AGT-1-3|acceptor_stem_3p|part1	8	8	21.231	2.65387	2.65387
tRNA-Lys-CTT-10-1|acceptor_stem_5p|part1	7	7	-0.613	-0.0875714	-0.0875714
tRNA-Lys-CTT-10-1|d_arm|part1	19	19	2.417	0.127211	0.127211
tRNA-Lys-CTT-10-1|anticodon_arm|part1	17	17	-0.873	-0.0513529	-0.0513529
tRNA-Lys-CTT-10-1|anticodon|part1	3	3	0.353	0.117667	0.117667
tRNA-Lys-CTT-10-1|variable_region|part1	5	5	0.647	0.1294	0.1294
tRNA-Lys-CTT-10-1|t_arm|part1	17	17	-4.129	-0.242882	-0.242882
tRNA-Lys-CTT-10-1|acceptor_stem_3p|part1	8	8	-2.029	-0.253625	-0.253625
tRNA-Ile-TAT-1-1|acceptor_stem_3p|part1	8	8	26.517	3.31463	3.31463
tRNA-Ile-TAT-1-1|t_arm|part1	17	17	54.503	3.20606	3.20606
tRNA-Ile-TAT-1-1|variable_region|part1	6	6	17.909	2.98483	2.98483
tRNA-Ile-TAT-1-1|anticodon_arm|part2	5	5	14.258	2.8516	2.8516
tRNA-Ile-TAT-1-1|intron|part1	19	19	27.607	1.453	1.453
tRNA-Ile-TAT-1-1|anticodon_arm|part1	12	12	37.536	3.128	3.128
tRNA-Ile-TAT-1-1|anticodon|part1	3	3	7.902	2.634	2.634
tRNA-Ile-TAT-1-1|d_arm|part1	19	19	52.186	2.74663	2.74663
tRNA-Ile-TAT-1-1|acceptor_stem_5p|part1	7	7	21.826	3.118	3.118
tRNA-Lys-TTT-10-1|acceptor_stem_3p|part1	8	8	-3.077	-0.384625	-0.384625
tRNA-Lys-TTT-10-1|t_arm|part1	17	17	-5.01	-0.294706	-0.294706
tRNA-Lys-TTT-10-1|variable_region|part1	5	5	-3.209	-0.6418	-0.6418
tRNA-Lys-TTT-10-1|anticodon_arm|part1	17	17	-6.932	-0.407765	-0.407765
tRNA-Lys-TTT-10-1|anticodon|part1	3	3	-0.598	-0.199333	-0.199333
tRNA-Lys-TTT-10-1|d_arm|part1	19	19	-4.022	-0.211684	-0.211684
tRNA-Lys-TTT-10-1|acceptor_stem_5p|part1	7	7	-1.421	-0.203	-0.203
tRNA-SeC-TCA-1-1|acceptor_stem_3p|part1	8	8	25.174	3.14675	3.14675
tRNA-SeC-TCA-1-1|t_arm|part1	17	17	63.089	3.71112	3.71112
tRNA-SeC-TCA-1-1|variable_region|part1	19	19	62.536	3.29137	3.29137
tRNA-SeC-TCA-1-1|anticodon_arm|part1	17	17	61.945	3.64382	3.64382
tRNA-SeC-TCA-1-1|anticodon|part1	3	3	11.771	3.92367	3.92367
tRNA-SeC-TCA-1-1|d_arm|part1	19	19	62.445	3.28658	3.28658
tRNA-SeC-TCA-1-1|acceptor_stem_5p|part1	7	7	23.208	3.31543	3.31543
tRNA-Lys-TTT-12-1|acceptor_stem_3p|part1	8	8	3.701	0.462625	0.462625
tRNA-Lys-TTT-12-1|t_arm|part1	17	17	4.787	0.281588	0.281588
tRNA-Lys-TTT-12-1|variable_region|part1	5	5	-1.566	-0.3132	-0.3132
tRNA-Lys-TTT-12-1|anticodon_arm|part1	17	17	5.627	0.331	0.331
tRNA-Lys-TTT-12-1|anticodon|part1	3	3	1.723	0.574333	0.574333
tRNA-Lys-TTT-12-1|d_arm|part1	19	19	3.935	0.207105	0.207105
tRNA-Lys-TTT-12-1|acceptor_stem_5p|part1	7	7	-1.98	-0.282857	-0.282857
tRNA-Lys-CTT-11-1|acceptor_stem_3p|part1	8	8	-1.171	-0.146375	-0.146375
tRNA-Lys-CTT-11-1|t_arm|part1	17	17	-1.718	-0.101059	-0.101059
tRNA-Lys-CTT-11-1|variable_region|part1	6	6	-0.232	-0.0386667	-0.0386667
tRNA-Lys-CTT-11-1|anticodon_arm|part1	17	17	2.186	0.128588	0.128588
tRNA-Lys-CTT-11-1|anticodon|part1	3	3	0.573	0.191	0.191
tRNA-Lys-CTT-11-1|d_arm|part1	19	19	-2.336	-0.122947	-0.122947
tRNA-Lys-CTT-11-1|acceptor_stem_5p|part1	7	7	-1.307	-0.186714	-0.186714
tRNA-Asn-GTT-26-1|acceptor_stem_3p|part1	8	8	3.524	0.4405	0.4405
tRNA-Asn-GTT-26-1|t_arm|part1	17	17	1.123	0.0660588	0.0660588
tRNA-Asn-GTT-26-1|variable_region|part1	6	6	1.126	0.187667	0.187667
tRNA-Asn-GTT-26-1|anticodon_arm|part1	17	17	4.702	0.276588	0.276588
tRNA-Asn-GTT-26-1|anticodon|part1	3	3	1.868	0.622667	0.622667
tRNA-Asn-GTT-26-1|d_arm|part1	19	19	1.533	0.0806842	0.0806842
tRNA-Asn-GTT-26-1|acceptor_stem_5p|part1	7	7	1.729	0.247	0.247
tRNA-Glu-TTC-14-1|acceptor_stem_3p|part1	8	8	0.608	0.076	0.076
tRNA-Glu-TTC-14-1|t_arm|part1	17	17	3.793	0.223118	0.223118
tRNA-Glu-TTC-14-1|variable_region|part1	4	4	1.318	0.3295	0.3295
tRNA-Glu-TTC-14-1|anticodon_arm|part1	17	17	6.801	0.400059	0.400059
tRNA-Glu-TTC-14-1|anticodon|part1	3	3	0.921	0.307	0.307
tRNA-Glu-TTC-14-1|d_arm|part1	19	19	9.95	0.523684	0.523684
tRNA-Glu-TTC-14-1|acceptor_stem_5p|part1	7	7	3.841	0.548714	0.548714
tRNA-Tyr-GTA-2-1|acceptor_stem_5p|part1	7	7	24.909	3.55843	3.55843
tRNA-Tyr-GTA-2-1|d_arm|part1	19	19	72.201	3.80005	3.80005
tRNA-Tyr-GTA-2-1|anticodon_arm|part1	11	11	43.027	3.91155	3.91155
tRNA-Tyr-GTA-2-1|anticodon|part1	3	3	11.54	3.84667	3.84667
tRNA-Tyr-GTA-2-1|intron|part1	16	16	-20.923	-1.30769	-1.30769
tRNA-Tyr-GTA-2-1|anticodon_arm|part2	6	6	20.726	3.45433	3.45433
tRNA-Tyr-GTA-2-1|variable_region|part1	5	5	19.096	3.8192	3.8192
tRNA-Tyr-GTA-2-1|t_arm|part1	17	17	62.812	3.69482	3.69482
tRNA-Tyr-GTA-2-1|acceptor_stem_3p|part1	8	8	28.355	3.54438	3.54438
tRNA-Ala-AGC-8-1|acceptor_stem_5p|part1	7	7	28.77	4.11	4.11
tRNA-Ala-AGC-8-1|d_arm|part1	19	19	73.245	3.855	3.855
tRNA-Ala-AGC-8-1|anticodon_arm|part1	17	17	63.664	3.74494	3.74494
tRNA-Ala-AGC-8-1|anticodon|part1	3	3	11.602	3.86733	3.86733
tRNA-Ala-AGC-8-1|variable_region|part1	5	5	19.885	3.977	3.977
tRNA-Ala-AGC-8-1|t_arm|part1	17	17	63.407	3.72982	3.72982
tRNA-Ala-AGC-8-1|acceptor_stem_3p|part1	8	8	22.709	2.83863	2.83863
tRNA-Ile-TAT-2-1|acceptor_stem_5p|part1	7	7	14.391	2.05586	2.05586
tRNA-Ile-TAT-2-1|d_arm|part1	19	19	42.256	2.224	2.224
tRNA-Ile-TAT-2-1|anticodon_arm|part1	12	12	31.045	2.58708	2.58708
tRNA-Ile-TAT-2-1|anticodon|part1	3	3	5.365	1.78833	1.78833
tRNA-Ile-TAT-2-1|intron|part1	19	19	27.125	1.42763	1.42763
tRNA-Ile-TAT-2-1|anticodon_arm|part2	5	5	13.48	2.696	2.696
tRNA-Ile-TAT-2-1|variable_region|part1	6	6	15.021	2.5035	2.5035
tRNA-Ile-TAT-2-1|t_arm|part1	17	17	39.121	2.30124	2.30124
tRNA-Ile-TAT-2-1|acceptor_stem_3p|part1	8	8	18.676	2.3345	2.3345
tRNA-Gln-TTG-5-1|acceptor_stem_3p|part1	8	8	3.405	0.425625	0.425625
tRNA-Gln-TTG-5-1|t_arm|part1	17	17	6.312	0.371294	0.371294
tRNA-Gln-TTG-5-1|variable_region|part1	5	5	1.066	0.2132	0.2132
tRNA-Gln-TTG-5-1|anticodon_arm|part1	17	17	2.585	0.152059	0.152059
tRNA-Gln-TTG-5-1|anticodon|part1	3	3	-0.169	-0.0563333	-0.0563333
tRNA-Gln-TTG-5-1|d_arm|part1	19	19	2.668	0.140421	0.140421
tRNA-Gln-TTG-5-1|acceptor_stem_5p|part1	7	7	-1.872	-0.267429	-0.267429
tRNA-Gly-CCC-2-1|acceptor_stem_3p|part1	8	8	58.195	7.27438	7.27438
tRNA-Gly-CCC-2-1|t_arm|part1	17	17	143.75	8.45588	8.45588
tRNA-Gly-CCC-2-1|variable_region|part1	3	3	25.018	8.33933	8.33933
tRNA-Gly-CCC-2-1|anticodon_arm|part1	17	17	137.528	8.08988	8.08988
tRNA-Gly-CCC-2-1|anticodon|part1	3	3	27.038	9.01267	9.01267
tRNA-Gly-CCC-2-1|d_arm|part1	19	19	153.212	8.06379	8.06379
tRNA-Gly-CCC-2-1|acceptor_stem_5p|part1	7	7	53.509	7.64414	7.64414
tRNA-Glu-TTC-13-1|acceptor_stem_5p|part1	7	7	0.547	0.0781429	0.0781429
tRNA-Glu-TTC-13-1|d_arm|part1	19	19	3.244	0.170737	0.170737
tRNA-Glu-TTC-13-1|anticodon_arm|part1	17	17	-0.862	-0.0507059	-0.0507059
tRNA-Glu-TTC-13-1|anticodon|part1	3	3	-0.389	-0.129667	-0.129667
tRNA-Glu-TTC-13-1|variable_region|part1	5	5	1.13	0.226	0.226
tRNA-Glu-TTC-13-1|t_arm|part1	17	17	-1.866	-0.109765	-0.109765
tRNA-Glu-TTC-13-1|acceptor_stem_3p|part1	8	8	1.9	0.2375	0.2375
tRNA-Pro-AGG-4-1|acceptor_stem_5p|part1	7	0	0	0	0
tRNA-Pro-AGG-4-1|d_arm|part1	19	0	0	0	0
tRNA-Pro-AGG-4-1|anticodon_arm|part1	17	0	0	0	0
tRNA-Pro-AGG-4-1|anticodon|part1	3	0	0	0	0
tRNA-Pro-AGG-4-1|variable_region|part1	4	0	0	0	0
tRNA-Pro-AGG-4-1|t_arm|part1	17	0	0	0	0
tRNA-Pro-AGG-4-1|acceptor_stem_3p|part1	8	0	0	0	0
tRNA-Glu-TTC-1-1|acceptor_stem_3p|part1	8	8	10.807	1.35088	1.35088
tRNA-Glu-TTC-1-1|t_arm|part1	17	17	27.138	1.59635	1.59635
tRNA-Glu-TTC-1-1|variable_region|part1	4	4	5.452	1.363	1.363
tRNA-Glu-TTC-1-1|anticodon_arm|part1	17	17	30.459	1.79171	1.79171
tRNA-Glu-TTC-1-1|anticodon|part1	3	3	6.135	2.045	2.045
tRNA-Glu-TTC-1-1|d_arm|part1	19	19	28.647	1.50774	1.50774
tRNA-Glu-TTC-1-1|acceptor_stem_5p|part1	7	7	10.739	1.53414	1.53414
tRNA-Ala-CGC-3-1|acceptor_stem_5p|part1	7	7	24.884	3.55486	3.55486
tRNA-Ala-CGC-3-1|d_arm|part1	19	19	63.156	3.324	3.324
tRNA-Ala-CGC-3-1|anticodon_arm|part1	17	17	55.508	3.26518	3.26518
tRNA-Ala-CGC-3-1|anticodon|part1	3	3	10.065	3.355	3.355
tRNA-Ala-CGC-3-1|variable_region|part1	4	4	13.261	3.31525	3.31525
tRNA-Ala-CGC-3-1|t_arm|part1	17	17	54.659	3.21524	3.21524
tRNA-Ala-CGC-3-1|acceptor_stem_3p|part1	8	8	24.476	3.0595	3.0595
tRNA-Gly-GCC-2-2|acceptor_stem_3p|part1	8	8	18.58	2.3225	2.3225
tRNA-Gly-GCC-2-2|t_arm|part1	17	17	44.926	2.64271	2.64271
tRNA-Gly-GCC-2-2|variable_region|part1	3	3	5.536	1.84533	1.84533
tRNA-Gly-GCC-2-2|anticodon_arm|part1	17	17	36.4	2.14118	2.14118
tRNA-Gly-GCC-2-2|anticodon|part1	3	3	8.363	2.78767	2.78767
tRNA-Gly-GCC-2-2|d_arm|part1	19	19	44.475	2.34079	2.34079
tRNA-Gly-GCC-2-2|acceptor_stem_5p|part1	7	7	14.536	2.07657	2.07657
tRNA-Glu-CTC-7-1|acceptor_stem_3p|part1	8	8	-1.845	-0.230625	-0.230625
tRNA-Glu-CTC-7-1|t_arm|part1	17	17	-11.94	-0.702353	-0.702353
tRNA-Glu-CTC-7-1|variable_region|part1	5	5	-2.651	-0.5302	-0.5302
tRNA-Glu-CTC-7-1|anticodon_arm|part1	17	17	-4.586	-0.269765	-0.269765
tRNA-Glu-CTC-7-1|anticodon|part1	3	3	-0.897	-0.299	-0.299
tRNA-Glu-CTC-7-1|d_arm|part1	19	19	0.072	0.00378947	0.00378947
tRNA-Glu-CTC-7-1|acceptor_stem_5p|part1	7	7	1.124	0.160571	0.160571
tRNA-Glu-TTC-9-1|acceptor_stem_3p|part1	8	8	-0.506	-0.06325	-0.06325
tRNA-Glu-TTC-9-1|t_arm|part1	17	17	-3.047	-0.179235	-0.179235
tRNA-Glu-TTC-9-1|variable_region|part1	5	5	-0.045	-0.00899999	-0.00899999
tRNA-Glu-TTC-9-1|anticodon_arm|part1	17	17	-5.536	-0.325647	-0.325647
tRNA-Glu-TTC-9-1|anticodon|part1	3	3	-0.403	-0.134333	-0.134333
tRNA-Glu-TTC-9-1|d_arm|part1	19	19	0.089	0.00468421	0.00468421
tRNA-Glu-TTC-9-1|acceptor_stem_5p|part1	7	7	0.517	0.0738571	0.0738571
tRNA-Gln-CTG-16-1|acceptor_stem_5p|part1	7	7	-2.173	-0.310429	-0.310429
tRNA-Gln-CTG-16-1|d_arm|part1	19	19	0.241	0.0126842	0.0126842
tRNA-Gln-CTG-16-1|anticodon_arm|part1	17	17	1.913	0.112529	0.112529
tRNA-Gln-CTG-16-1|anticodon|part1	3	3	0.442	0.147333	0.147333
tRNA-Gln-CTG-16-1|t_arm|part1	17	17	7.186	0.422706	0.422706
tRNA-Gln-CTG-16-1|acceptor_stem_3p|part1	8	8	1.889	0.236125	0.236125
tRNA-Lys-TTT-15-1|acceptor_stem_3p|part1	8	8	1.297	0.162125	0.162125
tRNA-Lys-TTT-15-1|t_arm|part1	17	17	0.822	0.0483529	0.0483529
tRNA-Lys-TTT-15-1|variable_region|part1	5	5	0.382	0.0764	0.0764
tRNA-Lys-TTT-15-1|anticodon_arm|part1	17	17	0.679	0.0399412	0.0399412
tRNA-Lys-TTT-15-1|anticodon|part1	3	3	0.892	0.297333	0.297333
tRNA-Lys-TTT-15-1|d_arm|part1	19	19	3.195	0.168158	0.168158
tRNA-Lys-TTT-15-1|acceptor_stem_5p|part1	7	7	-4.225	-0.603571	-0.603571
tRNA-Gln-CTG-17-1|acceptor_stem_5p|part1	7	7	1.33	0.19	0.19
tRNA-Gln-CTG-17-1|d_arm|part1	19	19	-2.134	-0.112316	-0.112316
tRNA-Gln-CTG-17-1|anticodon_arm|part1	17	17	-4.901	-0.288294	-0.288294
tRNA-Gln-CTG-17-1|anticodon|part1	3	3	-0.326	-0.108667	-0.108667
tRNA-Gln-CTG-17-1|variable_region|part1	10	10	-2.459	-0.2459	-0.2459
tRNA-Gln-CTG-17-1|t_arm|part1	17	17	-1.92	-0.112941	-0.112941
tRNA-Gln-CTG-17-1|acceptor_stem_3p|part1	8	8	-1.864	-0.233	-0.233
tRNA-Leu-AAG-6-1|acceptor_stem_3p|part1	8	8	1.401	0.175125	0.175125
tRNA-Leu-AAG-6-1|t_arm|part1	17	17	-4.672	-0.274824	-0.274824
tRNA-Leu-AAG-6-1|variable_region|part1	14	14	2.558	0.182714	0.182714
tRNA-Leu-AAG-6-1|anticodon_arm|part1	17	17	1.326	0.078	0.078
tRNA-Leu-AAG-6-1|anticodon|part1	3	3	0.285	0.095	0.095
tRNA-Leu-AAG-6-1|d_arm|part1	19	19	-1.303	-0.068579	-0.068579
tRNA-Leu-AAG-6-1|acceptor_stem_5p|part1	7	7	-0.71	-0.101429	-0.101429
tRNA-Gly-GCC-1-5|acceptor_stem_3p|part1	8	8	1.199	0.149875	0.149875
tRNA-Gly-GCC-1-5|t_arm|part1	17	17	-0.628	-0.0369412	-0.0369412
tRNA-Gly-GCC-1-5|variable_region|part1	3	3	-0.392	-0.130667	-0.130667
tRNA-Gly-GCC-1-5|anticodon_arm|part1	17	17	0.658	0.0387059	0.0387059
tRNA-Gly-GCC-1-5|anticodon|part1	3	3	0.718	0.239333	0.239333
tRNA-Gly-GCC-1-5|d_arm|part1	19	19	3.171	0.166895	0.166895
tRNA-Gly-GCC-1-5|acceptor_stem_5p|part1	7	7	1.554	0.222	0.222
tRX-Und-NNN-9-1|acceptor_stem_3p|part1	8	8	1.858	0.23225	0.23225
tRX-Und-NNN-9-1|t_arm|part1	17	17	4.135	0.243235	0.243235
tRX-Und-NNN-9-1|variable_region|part1	11	11	3.917	0.356091	0.356091
tRX-Und-NNN-9-1|anticodon_arm|part1	17	17	7.626	0.448588	0.448588
tRX-Und-NNN-9-1|anticodon|part1	3	3	-0.178	-0.0593333	-0.0593333
tRX-Und-NNN-9-1|d_arm|part1	19	19	-0.0629999	-0.00331578	-0.00331578
tRX-Und-NNN-9-1|acceptor_stem_5p|part1	7	7	1.137	0.162429	0.162429
tRNA-Cys-GCA-25-1|acceptor_stem_3p|part1	8	8	1.632	0.204	0.204
tRNA-Cys-GCA-25-1|t_arm|part1	17	17	4.912	0.288941	0.288941
tRNA-Cys-GCA-25-1|variable_region|part1	12	12	7.722	0.6435	0.6435
tRNA-Cys-GCA-25-1|anticodon_arm|part1	17	17	11.902	0.700118	0.700118
tRNA-Cys-GCA-25-1|anticodon|part1	3	3	2.087	0.695667	0.695667
tRNA-Cys-GCA-25-1|d_arm|part1	19	19	9.316	0.490316	0.490316
tRNA-Cys-GCA-25-1|acceptor_stem_5p|part1	7	7	4.664	0.666286	0.666286
tRNA-Arg-ACG-2-1|acceptor_stem_3p|part1	8	8	27.97	3.49625	3.49625
tRNA-Arg-ACG-2-1|t_arm|part1	17	17	57.494	3.382	3.382
tRNA-Arg-ACG-2-1|variable_region|part1	5	5	16.457	3.2914	3.2914
tRNA-Arg-ACG-2-1|anticodon_arm|part1	17	17	56.181	3.30476	3.30476
tRNA-Arg-ACG-2-1|anticodon|part1	3	3	10.011	3.337	3.337
tRNA-Arg-ACG-2-1|d_arm|part1	19	19	63.087	3.32037	3.32037
tRNA-Arg-ACG-2-1|acceptor_stem_5p|part1	7	7	22.788	3.25543	3.25543
tRX-Und-NNN-7-1|acceptor_stem_3p|part1	8	8	1.625	0.203125	0.203125
tRX-Und-NNN-7-1|t_arm|part1	17	17	-3.802	-0.223647	-0.223647
tRX-Und-NNN-7-1|variable_region|part1	7	7	-0.986	-0.140857	-0.140857
tRX-Und-NNN-7-1|anticodon_arm|part1	17	17	3.577	0.210412	0.210412
tRX-Und-NNN-7-1|anticodon|part1	3	3	0.661	0.220333	0.220333
tRX-Und-NNN-7-1|d_arm|part1	19	19	1.504	0.0791579	0.0791579
tRX-Und-NNN-7-1|acceptor_stem_5p|part1	7	7	-0.862	-0.123143	-0.123143
tRX-Pro-NNN-2-1|acceptor_stem_5p|part1	7	7	1.439	0.205571	0.205571
tRX-Pro-NNN-2-1|d_arm|part1	19	19	-0.797	-0.0419474	-0.0419474
tRX-Pro-NNN-2-1|anticodon_arm|part1	17	17	-1.599	-0.0940588	-0.0940588
tRX-Pro-NNN-2-1|anticodon|part1	3	3	-0.136	-0.0453333	-0.0453333
tRX-Pro-NNN-2-1|variable_region|part1	5	5	0.198	0.0396	0.0396
tRX-Pro-NNN-2-1|t_arm|part1	17	17	7.203	0.423706	0.423706
tRX-Pro-NNN-2-1|acceptor_stem_3p|part1	8	8	-2.723	-0.340375	-0.340375
tRNA-Cys-GCA-6-1|acceptor_stem_3p|part1	8	8	22.841	2.85513	2.85513
tRNA-Cys-GCA-6-1|t_arm|part1	17	17	42.443	2.49665	2.49665
tRNA-Cys-GCA-6-1|variable_region|part1	4	4	10.001	2.50025	2.50025
tRNA-Cys-GCA-6-1|anticodon_arm|part1	17	17	50.477	2.96924	2.96924
tRNA-Cys-GCA-6-1|anticodon|part1	3	3	9.37	3.12333	3.12333
tRNA-Cys-GCA-6-1|d_arm|part1	19	19	51.21	2.69526	2.69526
tRNA-Cys-GCA-6-1|acceptor_stem_5p|part1	7	7	14.238	2.034	2.034
tRNA-Cys-GCA-9-1|acceptor_stem_3p|part1	8	8	21.908	2.7385	2.7385
tRNA-Cys-GCA-9-1|t_arm|part1	17	17	54.355	3.19735	3.19735
tRNA-Cys-GCA-9-1|variable_region|part1	4	4	11.458	2.8645	2.8645
tRNA-Cys-GCA-9-1|anticodon_arm|part1	17	17	50.784	2.98729	2.98729
tRNA-Cys-GCA-9-1|anticodon|part1	3	3	6.242	2.08067	2.08067
tRNA-Cys-GCA-9-1|d_arm|part1	19	19	57.587	3.03089	3.03089
tRNA-Cys-GCA-9-1|acceptor_stem_5p|part1	7	7	21.501	3.07157	3.07157
tRNA-Val-AAC-1-1|acceptor_stem_5p|part1	7	7	20.668	2.95257	2.95257
tRNA-Val-AAC-1-1|d_arm|part1	19	19	58.464	3.07705	3.07705
tRNA-Val-AAC-1-1|anticodon_arm|part1	17	17	51.197	3.01159	3.01159
tRNA-Val-AAC-1-1|anticodon|part1	3	3	9.19	3.06333	3.06333
tRNA-Val-AAC-1-1|variable_region|part1	5	5	15.637	3.1274	3.1274
tRNA-Val-AAC-1-1|t_arm|part1	17	17	51.058	3.00341	3.00341
tRNA-Val-AAC-1-1|acceptor_stem_3p|part1	8	8	24.991	3.12388	3.12388
tRNA-Gln-TTG-6-1|acceptor_stem_3p|part1	8	8	-0.89	-0.11125	-0.11125
tRNA-Gln-TTG-6-1|t_arm|part1	17	17	4.372	0.257176	0.257176
tRNA-Gln-TTG-6-1|variable_region|part1	5	5	1.682	0.3364	0.3364
tRNA-Gln-TTG-6-1|anticodon_arm|part1	17	17	1.821	0.107118	0.107118
tRNA-Gln-TTG-6-1|anticodon|part1	3	3	0.251	0.0836667	0.0836667
tRNA-Gln-TTG-6-1|d_arm|part1	19	19	2.003	0.105421	0.105421
tRNA-Gln-TTG-6-1|acceptor_stem_5p|part1	7	7	3.735	0.533571	0.533571
tRNA-Cys-GCA-2-1|acceptor_stem_3p|part1	8	8	0.864	0.108	0.108
tRNA-Cys-GCA-2-1|t_arm|part1	17	17	-5.159	-0.303471	-0.303471
tRNA-Cys-GCA-2-1|variable_region|part1	4	4	0.281	0.07025	0.07025
tRNA-Cys-GCA-2-1|anticodon_arm|part1	17	17	-0.342	-0.0201176	-0.0201176
tRNA-Cys-GCA-2-1|anticodon|part1	3	3	0.567	0.189	0.189
tRNA-Cys-GCA-2-1|d_arm|part1	19	19	-2.974	-0.156526	-0.156526
tRNA-Cys-GCA-2-1|acceptor_stem_5p|part1	7	7	0.908	0.129714	0.129714
tRNA-Lys-CTT-9-1|acceptor_stem_3p|part1	8	8	0.886	0.11075	0.11075
tRNA-Lys-CTT-9-1|t_arm|part1	17	17	0.227	0.0133529	0.0133529
tRNA-Lys-CTT-9-1|variable_region|part1	5	5	-1.033	-0.2066	-0.2066
tRNA-Lys-CTT-9-1|anticodon_arm|part1	17	17	-0.115	-0.0067647	-0.0067647
tRNA-Lys-CTT-9-1|anticodon|part1	3	3	0.359	0.119667	0.119667
tRNA-Lys-CTT-9-1|d_arm|part1	19	19	-1.924	-0.101263	-0.101263
tRNA-Lys-CTT-9-1|acceptor_stem_5p|part1	7	7	-0.457	-0.0652857	-0.0652857
tRNA-Gln-CTG-13-1|acceptor_stem_3p|part1	8	8	1.689	0.211125	0.211125
tRNA-Gln-CTG-13-1|t_arm|part1	17	17	7.949	0.467588	0.467588
tRNA-Gln-CTG-13-1|variable_region|part1	4	4	0.252	0.063	0.063
tRNA-Gln-CTG-13-1|anticodon_arm|part1	17	17	9.137	0.537471	0.537471
tRNA-Gln-CTG-13-1|anticodon|part1	3	3	2.628	0.876	0.876
tRNA-Gln-CTG-13-1|d_arm|part1	19	19	5.519	0.290474	0.290474
tRNA-Gln-CTG-13-1|acceptor_stem_5p|part1	7	7	-1.226	-0.175143	-0.175143
tRNA-Cys-ACA-1-1|acceptor_stem_5p|part1	7	7	-0.025	-0.00357143	-0.00357143
tRNA-Cys-ACA-1-1|d_arm|part1	19	19	8.095	0.426053	0.426053
tRNA-Cys-ACA-1-1|anticodon_arm|part1	10	10	1.725	0.1725	0.1725
tRNA-Cys-ACA-1-1|anticodon|part1	3	3	-0.172	-0.0573333	-0.0573333
tRNA-Cys-ACA-1-1|intron|part1	97	97	-30.685	-0.31634	-0.31634
tRNA-Cys-ACA-1-1|anticodon_arm|part2	7	7	-1.176	-0.168	-0.168
tRNA-Cys-ACA-1-1|variable_region|part1	11	11	-1.35	-0.122727	-0.122727
tRNA-Cys-ACA-1-1|t_arm|part1	17	17	4.46	0.262353	0.262353
tRNA-Cys-ACA-1-1|acceptor_stem_3p|part1	8	8	-1.036	-0.1295	-0.1295
tRNA-Val-CAC-1-2|acceptor_stem_5p|part1	7	7	2.479	0.354143	0.354143
tRNA-Val-CAC-1-2|d_arm|part1	19	19	2.669	0.140474	0.140474
tRNA-Val-CAC-1-2|anticodon_arm|part1	17	17	-1.262	-0.0742353	-0.0742353
tRNA-Val-CAC-1-2|anticodon|part1	3	3	-1.13	-0.376667	-0.376667
tRNA-Val-CAC-1-2|variable_region|part1	5	5	-0.962	-0.1924	-0.1924
tRNA-Val-CAC-1-2|t_arm|part1	17	17	-0.0830001	-0.00488236	-0.00488236
tRNA-Val-CAC-1-2|acceptor_stem_3p|part1	8	8	-1.422	-0.17775	-0.17775
tRNA-Leu-AAG-1-1|acceptor_stem_3p|part1	8	8	5.801	0.725125	0.725125
tRNA-Leu-AAG-1-1|t_arm|part1	17	17	1.939	0.114059	0.114059
tRNA-Leu-AAG-1-1|variable_region|part1	14	14	2.003	0.143071	0.143071
tRNA-Leu-AAG-1-1|anticodon_arm|part1	17	17	0.517	0.0304118	0.0304118
tRNA-Leu-AAG-1-1|anticodon|part1	3	3	-0.696	-0.232	-0.232
tRNA-Leu-AAG-1-1|d_arm|part1	19	19	1.898	0.0998947	0.0998947
tRNA-Leu-AAG-1-1|acceptor_stem_5p|part1	7	7	1.101	0.157286	0.157286
tRNA-Leu-AAG-1-2|acceptor_stem_5p|part1	7	7	-0.016	-0.00228572	-0.00228572
tRNA-Leu-AAG-1-2|d_arm|part1	19	19	4.901	0.257947	0.257947
tRNA-Leu-AAG-1-2|anticodon_arm|part1	17	17	0.369	0.0217059	0.0217059
tRNA-Leu-AAG-1-2|anticodon|part1	3	3	-1.442	-0.480667	-0.480667
tRNA-Leu-AAG-1-2|variable_region|part1	14	14	-4.178	-0.298429	-0.298429
tRNA-Leu-AAG-1-2|t_arm|part1	17	17	5.899	0.347	0.347
tRNA-Leu-AAG-1-2|acceptor_stem_3p|part1	8	8	2.525	0.315625	0.315625
tRNA-Val-CAC-1-3|acceptor_stem_3p|part1	8	8	-2.577	-0.322125	-0.322125
tRNA-Val-CAC-1-3|t_arm|part1	17	17	0.0489999	0.00288235	0.00288235
tRNA-Val-CAC-1-3|variable_region|part1	5	5	-0.846	-0.1692	-0.1692
tRNA-Val-CAC-1-3|anticodon_arm|part1	17	17	0.464	0.0272941	0.0272941
tRNA-Val-CAC-1-3|anticodon|part1	3	3	-0.511	-0.170333	-0.170333
tRNA-Val-CAC-1-3|d_arm|part1	19	19	4.951	0.260579	0.260579
tRNA-Val-CAC-1-3|acceptor_stem_5p|part1	7	7	2.485	0.355	0.355
tRNA-Val-AAC-1-2|acceptor_stem_5p|part1	7	7	-0.086	-0.0122857	-0.0122857
tRNA-Val-AAC-1-2|d_arm|part1	19	19	1.373	0.0722632	0.0722632
tRNA-Val-AAC-1-2|anticodon_arm|part1	17	17	-0.229	-0.0134706	-0.0134706
tRNA-Val-AAC-1-2|anticodon|part1	3	3	-1.262	-0.420667	-0.420667
tRNA-Val-AAC-1-2|variable_region|part1	5	5	1.755	0.351	0.351
tRNA-Val-AAC-1-2|t_arm|part1	17	17	2.858	0.168118	0.168118
tRNA-Val-AAC-1-2|acceptor_stem_3p|part1	8	8	1.377	0.172125	0.172125
tRNA-Leu-AAG-7-1|acceptor_stem_3p|part1	8	8	-4.233	-0.529125	-0.529125
tRNA-Leu-AAG-7-1|t_arm|part1	17	17	2.339	0.137588	0.137588
tRNA-Leu-AAG-7-1|variable_region|part1	8	8	-6.434	-0.80425	-0.80425
tRNA-Leu-AAG-7-1|anticodon_arm|part2	5	5	0.746	0.1492	0.1492
tRNA-Leu-AAG-7-1|intron|part1	9	9	-1.108	-0.123111	-0.123111
tRNA-Leu-AAG-7-1|anticodon_arm|part1	12	12	0.263	0.0219167	0.0219167
tRNA-Leu-AAG-7-1|anticodon|part1	3	3	1.53	0.51	0.51
tRNA-Leu-AAG-7-1|d_arm|part1	19	19	-0.0800002	-0.00421054	-0.00421054
tRNA-Leu-AAG-7-1|acceptor_stem_5p|part1	7	7	-2.901	-0.414429	-0.414429
tRNA-Val-AAC-1-3|acceptor_stem_5p|part1	7	7	1.225	0.175	0.175
tRNA-Val-AAC-1-3|d_arm|part1	19	19	2.038	0.107263	0.107263
tRNA-Val-AAC-1-3|anticodon_arm|part1	17	17	0.18	0.0105882	0.0105882
tRNA-Val-AAC-1-3|anticodon|part1	3	3	0.54	0.18	0.18
tRNA-Val-AAC-1-3|variable_region|part1	5	5	-0.593	-0.1186	-0.1186
tRNA-Val-AAC-1-3|t_arm|part1	17	17	-1.272	-0.0748235	-0.0748235
tRNA-Val-AAC-1-3|acceptor_stem_3p|part1	8	8	-1.382	-0.17275	-0.17275
tRNA-Val-CAC-1-4|acceptor_stem_5p|part1	7	7	1.57	0.224286	0.224286
tRNA-Val-CAC-1-4|d_arm|part1	19	19	2.25	0.118421	0.118421
tRNA-Val-CAC-1-4|anticodon_arm|part1	17	17	2.661	0.156529	0.156529
tRNA-Val-CAC-1-4|anticodon|part1	3	3	-0.517	-0.172333	-0.172333
tRNA-Val-CAC-1-4|variable_region|part1	5	5	1.17	0.234	0.234
tRNA-Val-CAC-1-4|t_arm|part1	17	17	2.864	0.168471	0.168471
tRNA-Val-CAC-1-4|acceptor_stem_3p|part1	8	8	1.888	0.236	0.236
tRNA-Leu-AAG-1-3|acceptor_stem_3p|part1	8	8	0.836	0.1045	0.1045
tRNA-Leu-AAG-1-3|t_arm|part1	17	17	2.849	0.167588	0.167588
tRNA-Leu-AAG-1-3|variable_region|part1	14	14	-0.083	-0.00592857	-0.00592857
tRNA-Leu-AAG-1-3|anticodon_arm|part1	17	17	2.714	0.159647	0.159647
tRNA-Leu-AAG-1-3|anticodon|part1	3	3	0.668	0.222667	0.222667
tRNA-Leu-AAG-1-3|d_arm|part1	19	19	-2.53	-0.133158	-0.133158
tRNA-Leu-AAG-1-3|acceptor_stem_5p|part1	7	7	-1.813	-0.259	-0.259
tRNA-Leu-AAG-2-1|acceptor_stem_5p|part1	7	7	2.86	0.408571	0.408571
tRNA-Leu-AAG-2-1|d_arm|part1	19	19	6.159	0.324158	0.324158
tRNA-Leu-AAG-2-1|anticodon_arm|part1	17	17	6.722	0.395412	0.395412
tRNA-Leu-AAG-2-1|anticodon|part1	3	3	2.109	0.703	0.703
tRNA-Leu-AAG-2-1|variable_region|part1	14	14	0.676	0.0482857	0.0482857
tRNA-Leu-AAG-2-1|t_arm|part1	17	17	3.381	0.198882	0.198882
tRNA-Leu-AAG-2-1|acceptor_stem_3p|part1	8	8	5.994	0.74925	0.74925
tRNA-Val-AAC-2-1|acceptor_stem_3p|part1	8	8	5.308	0.6635	0.6635
tRNA-Val-AAC-2-1|t_arm|part1	17	17	13.477	0.792765	0.792765
tRNA-Val-AAC-2-1|variable_region|part1	5	5	3.162	0.6324	0.6324
tRNA-Val-AAC-2-1|anticodon_arm|part1	17	17	13.453	0.791353	0.791353
tRNA-Val-AAC-2-1|anticodon|part1	3	3	2.115	0.705	0.705
tRNA-Val-AAC-2-1|d_arm|part1	19	19	22.076	1.16189	1.16189
tRNA-Val-AAC-2-1|acceptor_stem_5p|part1	7	7	8.247	1.17814	1.17814
tRNA-Pro-TGG-3-1|acceptor_stem_3p|part1	8	8	19.338	2.41725	2.41725
tRNA-Pro-TGG-3-1|t_arm|part1	17	17	42.481	2.49888	2.49888
tRNA-Pro-TGG-3-1|variable_region|part1	4	4	11.65	2.9125	2.9125
tRNA-Pro-TGG-3-1|anticodon_arm|part1	17	17	38.013	2.23606	2.23606
tRNA-Pro-TGG-3-1|anticodon|part1	3	3	4.113	1.371	1.371
tRNA-Pro-TGG-3-1|d_arm|part1	19	19	45.12	2.37474	2.37474
tRNA-Pro-TGG-3-1|acceptor_stem_5p|part1	7	7	17.351	2.47871	2.47871
tRNA-Thr-TGT-6-1|acceptor_stem_3p|part1	8	8	18.326	2.29075	2.29075
tRNA-Thr-TGT-6-1|t_arm|part1	17	17	44.054	2.59141	2.59141
tRNA-Thr-TGT-6-1|variable_region|part1	4	4	11.368	2.842	2.842
tRNA-Thr-TGT-6-1|anticodon_arm|part1	17	17	49.472	2.91012	2.91012
tRNA-Thr-TGT-6-1|anticodon|part1	3	3	8.12	2.70667	2.70667
tRNA-Thr-TGT-6-1|d_arm|part1	19	19	42.399	2.23153	2.23153
tRNA-Thr-TGT-6-1|acceptor_stem_5p|part1	7	7	17.203	2.45757	2.45757
tRNA-Ala-TGC-3-1|acceptor_stem_5p|part1	7	7	21.605	3.08643	3.08643
tRNA-Ala-TGC-3-1|d_arm|part1	19	19	48.65	2.56053	2.56053
tRNA-Ala-TGC-3-1|anticodon_arm|part1	17	17	42.742	2.51424	2.51424
tRNA-Ala-TGC-3-1|anticodon|part1	3	3	8.038	2.67933	2.67933
tRNA-Ala-TGC-3-1|variable_region|part1	4	4	10.564	2.641	2.641
tRNA-Ala-TGC-3-1|t_arm|part1	17	17	42.593	2.50547	2.50547
tRNA-Ala-TGC-3-1|acceptor_stem_3p|part1	8	8	19.582	2.44775	2.44775
tRNA-Lys-CTT-2-2|acceptor_stem_5p|part1	7	7	11.374	1.62486	1.62486
tRNA-Lys-CTT-2-2|d_arm|part1	19	19	42.596	2.24189	2.24189
tRNA-Lys-CTT-2-2|anticodon_arm|part1	17	17	36.069	2.12171	2.12171
tRNA-Lys-CTT-2-2|anticodon|part1	3	3	4.488	1.496	1.496
tRNA-Lys-CTT-2-2|variable_region|part1	5	5	10.777	2.1554	2.1554
tRNA-Lys-CTT-2-2|t_arm|part1	17	17	38.941	2.29065	2.29065
tRNA-Lys-CTT-2-2|acceptor_stem_3p|part1	8	8	18.055	2.25687	2.25687
tRNA-Val-AAC-1-4|acceptor_stem_3p|part1	8	8	8.208	1.026	1.026
tRNA-Val-AAC-1-4|t_arm|part1	17	17	16.687	0.981588	0.981588
tRNA-Val-AAC-1-4|variable_region|part1	5	5	3.525	0.705	0.705
tRNA-Val-AAC-1-4|anticodon_arm|part1	17	17	12.882	0.757765	0.757765
tRNA-Val-AAC-1-4|anticodon|part1	3	3	1.151	0.383667	0.383667
tRNA-Val-AAC-1-4|d_arm|part1	19	19	27.778	1.462	1.462
tRNA-Val-AAC-1-4|acceptor_stem_5p|part1	7	7	10.776	1.53943	1.53943
tRNA-Lys-CTT-2-3|acceptor_stem_3p|part1	8	8	5.804	0.7255	0.7255
tRNA-Lys-CTT-2-3|t_arm|part1	17	17	13.917	0.818647	0.818647
tRNA-Lys-CTT-2-3|variable_region|part1	5	5	0.727	0.1454	0.1454
tRNA-Lys-CTT-2-3|anticodon_arm|part1	17	17	21.086	1.24035	1.24035
tRNA-Lys-CTT-2-3|anticodon|part1	3	3	3.638	1.21267	1.21267
tRNA-Lys-CTT-2-3|d_arm|part1	19	19	17.92	0.943158	0.943158
tRNA-Lys-CTT-2-3|acceptor_stem_5p|part1	7	7	3.142	0.448857	0.448857
tRNA-Val-CAC-1-5|acceptor_stem_3p|part1	8	8	20.477	2.55962	2.55962
tRNA-Val-CAC-1-5|t_arm|part1	17	17	41.528	2.44282	2.44282
tRNA-Val-CAC-1-5|variable_region|part1	5	5	13.821	2.7642	2.7642
tRNA-Val-CAC-1-5|anticodon_arm|part1	17	17	43.147	2.53806	2.53806
tRNA-Val-CAC-1-5|anticodon|part1	3	3	6.915	2.305	2.305
tRNA-Val-CAC-1-5|d_arm|part1	19	19	48.779	2.56732	2.56732
tRNA-Val-CAC-1-5|acceptor_stem_5p|part1	7	7	17.753	2.53614	2.53614
tRNA-Gln-CTG-1-1|acceptor_stem_5p|part1	7	7	-0.834	-0.119143	-0.119143
tRNA-Gln-CTG-1-1|d_arm|part1	19	19	0.415	0.0218421	0.0218421
tRNA-Gln-CTG-1-1|anticodon_arm|part1	17	17	1.754	0.103176	0.103176
tRNA-Gln-CTG-1-1|anticodon|part1	3	3	0.719	0.239667	0.239667
tRNA-Gln-CTG-1-1|variable_region|part1	4	4	-0.385	-0.09625	-0.09625
tRNA-Gln-CTG-1-1|t_arm|part1	17	17	-2.333	-0.137235	-0.137235
tRNA-Gln-CTG-1-1|acceptor_stem_3p|part1	8	8	-0.488	-0.061	-0.061
tRNA-iMet-CAT-1-2|acceptor_stem_5p|part1	7	7	24.886	3.55514	3.55514
tRNA-iMet-CAT-1-2|d_arm|part1	19	19	65.494	3.44705	3.44705
tRNA-iMet-CAT-1-2|anticodon_arm|part1	17	17	56.646	3.33212	3.33212
tRNA-iMet-CAT-1-2|anticodon|part1	3	3	10.068	3.356	3.356
tRNA-iMet-CAT-1-2|variable_region|part1	4	4	13.548	3.387	3.387
tRNA-iMet-CAT-1-2|t_arm|part1	17	17	57.228	3.36635	3.36635
tRNA-iMet-CAT-1-2|acceptor_stem_3p|part1	8	8	25.29	3.16125	3.16125
tRNA-Arg-TCG-4-1|acceptor_stem_5p|part1	7	7	13.296	1.89943	1.89943
tRNA-Arg-TCG-4-1|d_arm|part1	19	19	34.541	1.81795	1.81795
tRNA-Arg-TCG-4-1|anticodon_arm|part1	17	17	36.742	2.16129	2.16129
tRNA-Arg-TCG-4-1|anticodon|part1	3	3	4.992	1.664	1.664
tRNA-Arg-TCG-4-1|variable_region|part1	5	5	11.486	2.2972	2.2972
tRNA-Arg-TCG-4-1|t_arm|part1	17	17	33.33	1.96059	1.96059
tRNA-Arg-TCG-4-1|acceptor_stem_3p|part1	8	8	16.695	2.08687	2.08687
tRNA-Ser-GCT-6-1|acceptor_stem_3p|part1	8	8	21.222	2.65275	2.65275
tRNA-Ser-GCT-6-1|t_arm|part1	17	17	40.537	2.38453	2.38453
tRNA-Ser-GCT-6-1|variable_region|part1	16	16	37.552	2.347	2.347
tRNA-Ser-GCT-6-1|anticodon_arm|part1	17	17	43.049	2.53229	2.53229
tRNA-Ser-GCT-6-1|anticodon|part1	3	3	7.766	2.58867	2.58867
tRNA-Ser-GCT-6-1|d_arm|part1	19	19	28.458	1.49779	1.49779
tRNA-Ser-GCT-6-1|acceptor_stem_5p|part1	7	7	-23.502	-3.35743	-3.35743
tRNA-Gln-TTG-3-1|acceptor_stem_3p|part1	8	8	16.019	2.00238	2.00238
tRNA-Gln-TTG-3-1|t_arm|part1	17	17	37.778	2.22224	2.22224
tRNA-Gln-TTG-3-1|variable_region|part1	4	4	4.81	1.2025	1.2025
tRNA-Gln-TTG-3-1|anticodon_arm|part1	17	17	41.682	2.45188	2.45188
tRNA-Gln-TTG-3-1|anticodon|part1	3	3	8.735	2.91167	2.91167
tRNA-Gln-TTG-3-1|d_arm|part1	19	19	44.885	2.36237	2.36237
tRNA-Gln-TTG-3-1|acceptor_stem_5p|part1	7	7	13.989	1.99843	1.99843
tRNA-Gln-TTG-3-2|acceptor_stem_3p|part1	8	8	17.294	2.16175	2.16175
tRNA-Gln-TTG-3-2|t_arm|part1	17	17	34.473	2.02782	2.02782
tRNA-Gln-TTG-3-2|variable_region|part1	4	4	4.902	1.2255	1.2255
tRNA-Gln-TTG-3-2|anticodon_arm|part1	17	17	32.842	1.93188	1.93188
tRNA-Gln-TTG-3-2|anticodon|part1	3	3	6.689	2.22967	2.22967
tRNA-Gln-TTG-3-2|d_arm|part1	19	19	39.147	2.06037	2.06037
tRNA-Gln-TTG-3-2|acceptor_stem_5p|part1	7	7	13.429	1.91843	1.91843
tRNA-Ser-TGA-3-1|acceptor_stem_3p|part1	8	8	21.519	2.68988	2.68988
tRNA-Ser-TGA-3-1|t_arm|part1	17	17	49.633	2.91959	2.91959
tRNA-Ser-TGA-3-1|variable_region|part1	14	14	35.068	2.50486	2.50486
tRNA-Ser-TGA-3-1|anticodon_arm|part1	17	17	44.186	2.59918	2.59918
tRNA-Ser-TGA-3-1|anticodon|part1	3	3	5.04	1.68	1.68
tRNA-Ser-TGA-3-1|d_arm|part1	19	19	49.595	2.61026	2.61026
tRNA-Ser-TGA-3-1|acceptor_stem_5p|part1	7	7	19.662	2.80886	2.80886
tRNA-iMet-CAT-1-3|acceptor_stem_3p|part1	8	8	18.768	2.346	2.346
tRNA-iMet-CAT-1-3|t_arm|part1	17	17	38.087	2.24041	2.24041
tRNA-iMet-CAT-1-3|variable_region|part1	4	4	11.391	2.84775	2.84775
tRNA-iMet-CAT-1-3|anticodon_arm|part1	17	17	44.096	2.59388	2.59388
tRNA-iMet-CAT-1-3|anticodon|part1	3	3	8.213	2.73767	2.73767
tRNA-iMet-CAT-1-3|d_arm|part1	19	19	45.352	2.38695	2.38695
tRNA-iMet-CAT-1-3|acceptor_stem_5p|part1	7	7	17.452	2.49314	2.49314
tRNA-Trp-CCA-3-1|acceptor_stem_3p|part1	8	8	12.478	1.55975	1.55975
tRNA-Trp-CCA-3-1|t_arm|part1	17	17	28.03	1.64882	1.64882
tRNA-Trp-CCA-3-1|variable_region|part1	4	4	5.063	1.26575	1.26575
tRNA-Trp-CCA-3-1|anticodon_arm|part1	17	17	29.263	1.72135	1.72135
tRNA-Trp-CCA-3-1|anticodon|part1	3	3	5.868	1.956	1.956
tRNA-Trp-CCA-3-1|d_arm|part1	19	19	22.341	1.17584	1.17584
tRNA-Trp-CCA-3-1|acceptor_stem_5p|part1	7	7	10.054	1.43629	1.43629
tRNA-Arg-TCG-2-1|acceptor_stem_5p|part1	7	7	9.89	1.41286	1.41286
tRNA-Arg-TCG-2-1|d_arm|part1	19	19	31.323	1.64858	1.64858
tRNA-Arg-TCG-2-1|anticodon_arm|part1	17	17	27.792	1.63482	1.63482
tRNA-Arg-TCG-2-1|anticodon|part1	3	3	6.039	2.013	2.013
tRNA-Arg-TCG-2-1|variable_region|part1	5	5	3.99	0.798	0.798
tRNA-Arg-TCG-2-1|t_arm|part1	17	17	22.265	1.30971	1.30971
tRNA-Arg-TCG-2-1|acceptor_stem_3p|part1	8	8	13.101	1.63763	1.63763
tRNA-Ser-AGA-2-1|acceptor_stem_5p|part1	7	7	15.211	2.173	2.173
tRNA-Ser-AGA-2-1|d_arm|part1	19	19	43.941	2.31268	2.31268
tRNA-Ser-AGA-2-1|anticodon_arm|part1	17	17	35.644	2.09671	2.09671
tRNA-Ser-AGA-2-1|anticodon|part1	3	3	7.665	2.555	2.555
tRNA-Ser-AGA-2-1|variable_region|part1	14	14	25.591	1.82793	1.82793
tRNA-Ser-AGA-2-1|t_arm|part1	17	17	35.184	2.06965	2.06965
tRNA-Ser-AGA-2-1|acceptor_stem_3p|part1	8	8	15.936	1.992	1.992
tRNA-Arg-ACG-1-1|acceptor_stem_5p|part1	7	7	16.152	2.30743	2.30743
tRNA-Arg-ACG-1-1|d_arm|part1	19	19	36.338	1.91253	1.91253
tRNA-Arg-ACG-1-1|anticodon_arm|part1	17	17	32.331	1.90182	1.90182
tRNA-Arg-ACG-1-1|anticodon|part1	3	3	6.025	2.00833	2.00833
tRNA-Arg-ACG-1-1|variable_region|part1	5	5	10.23	2.046	2.046
tRNA-Arg-ACG-1-1|t_arm|part1	17	17	29.742	1.74953	1.74953
tRNA-Arg-ACG-1-1|acceptor_stem_3p|part1	8	8	16.233	2.02912	2.02912
tRNA-iMet-CAT-1-4|acceptor_stem_3p|part1	8	8	14.135	1.76687	1.76687
tRNA-iMet-CAT-1-4|t_arm|part1	17	17	26.279	1.54582	1.54582
tRNA-iMet-CAT-1-4|variable_region|part1	4	4	6.966	1.7415	1.7415
tRNA-iMet-CAT-1-4|anticodon_arm|part1	17	17	28.619	1.68347	1.68347
tRNA-iMet-CAT-1-4|anticodon|part1	3	3	6.007	2.00233	2.00233
tRNA-iMet-CAT-1-4|d_arm|part1	19	19	25.648	1.34989	1.34989
tRNA-iMet-CAT-1-4|acceptor_stem_5p|part1	7	7	12.507	1.78671	1.78671
tRNA-Trp-CCA-3-2|acceptor_stem_3p|part1	8	8	18.198	2.27475	2.27475
tRNA-Trp-CCA-3-2|t_arm|part1	17	17	42.226	2.48388	2.48388
tRNA-Trp-CCA-3-2|variable_region|part1	4	4	9.694	2.4235	2.4235
tRNA-Trp-CCA-3-2|anticodon_arm|part1	17	17	40.869	2.40406	2.40406
tRNA-Trp-CCA-3-2|anticodon|part1	3	3	7.279	2.42633	2.42633
tRNA-Trp-CCA-3-2|d_arm|part1	19	19	42.671	2.24584	2.24584
tRNA-Trp-CCA-3-2|acceptor_stem_5p|part1	7	7	15.635	2.23357	2.23357
tRNA-Leu-CAG-1-7|acceptor_stem_5p|part1	7	7	13.506	1.92943	1.92943
tRNA-Leu-CAG-1-7|d_arm|part1	19	19	35.913	1.89016	1.89016
tRNA-Leu-CAG-1-7|anticodon_arm|part1	17	17	31.482	1.85188	1.85188
tRNA-Leu-CAG-1-7|anticodon|part1	3	3	5.307	1.769	1.769
tRNA-Leu-CAG-1-7|variable_region|part1	15	15	27.429	1.8286	1.8286
tRNA-Leu-CAG-1-7|t_arm|part1	17	17	31.353	1.84429	1.84429
tRNA-Leu-CAG-1-7|acceptor_stem_3p|part1	8	8	14.364	1.7955	1.7955
tRNA-Thr-AGT-2-1|acceptor_stem_3p|part1	8	8	24.802	3.10025	3.10025
tRNA-Thr-AGT-2-1|t_arm|part1	17	17	55.749	3.27935	3.27935
tRNA-Thr-AGT-2-1|variable_region|part1	6	6	18.894	3.149	3.149
tRNA-Thr-AGT-2-1|anticodon_arm|part1	17	17	55.042	3.23776	3.23776
tRNA-Thr-AGT-2-1|anticodon|part1	3	3	9.325	3.10833	3.10833
tRNA-Thr-AGT-2-1|d_arm|part1	19	19	61.133	3.21753	3.21753
tRNA-Thr-AGT-2-1|acceptor_stem_5p|part1	7	7	23.298	3.32829	3.32829
tRNA-Arg-ACG-1-2|acceptor_stem_5p|part1	7	7	20.668	2.95257	2.95257
tRNA-Arg-ACG-1-2|d_arm|part1	19	19	54.684	2.87811	2.87811
tRNA-Arg-ACG-1-2|anticodon_arm|part1	17	17	46.376	2.728	2.728
tRNA-Arg-ACG-1-2|anticodon|part1	3	3	8.646	2.882	2.882
tRNA-Arg-ACG-1-2|variable_region|part1	5	5	14.182	2.8364	2.8364
tRNA-Arg-ACG-1-2|t_arm|part1	17	17	47.018	2.76576	2.76576
tRNA-Arg-ACG-1-2|acceptor_stem_3p|part1	8	8	22.125	2.76563	2.76563
tRNA-Val-CAC-1-6|acceptor_stem_5p|part1	7	7	18.967	2.70957	2.70957
tRNA-Val-CAC-1-6|d_arm|part1	19	19	53.627	2.82247	2.82247
tRNA-Val-CAC-1-6|anticodon_arm|part1	17	17	46.518	2.73635	2.73635
tRNA-Val-CAC-1-6|anticodon|part1	3	3	7.978	2.65933	2.65933
tRNA-Val-CAC-1-6|variable_region|part1	5	5	14.34	2.868	2.868
tRNA-Val-CAC-1-6|t_arm|part1	17	17	48.008	2.824	2.824
tRNA-Val-CAC-1-6|acceptor_stem_3p|part1	8	8	23.19	2.89875	2.89875
tRNA-Ala-CGC-1-1|acceptor_stem_5p|part1	7	7	22.585	3.22643	3.22643
tRNA-Ala-CGC-1-1|d_arm|part1	19	19	56.101	2.95268	2.95268
tRNA-Ala-CGC-1-1|anticodon_arm|part1	17	17	50.026	2.94271	2.94271
tRNA-Ala-CGC-1-1|anticodon|part1	3	3	9.141	3.047	3.047
tRNA-Ala-CGC-1-1|variable_region|part1	4	4	10.761	2.69025	2.69025
tRNA-Ala-CGC-1-1|t_arm|part1	17	17	49.888	2.93459	2.93459
tRNA-Ala-CGC-1-1|acceptor_stem_3p|part1	8	8	22.256	2.782	2.782
tRNA-Ile-AAT-5-1|acceptor_stem_5p|part1	7	7	21.091	3.013	3.013
tRNA-Ile-AAT-5-1|d_arm|part1	19	19	54.638	2.87568	2.87568
tRNA-Ile-AAT-5-1|anticodon_arm|part1	17	17	49.919	2.93641	2.93641
tRNA-Ile-AAT-5-1|anticodon|part1	3	3	8.823	2.941	2.941
tRNA-Ile-AAT-5-1|variable_region|part1	6	6	18.045	3.0075	3.0075
tRNA-Ile-AAT-5-1|t_arm|part1	17	17	46.676	2.74565	2.74565
tRNA-Ile-AAT-5-1|acceptor_stem_3p|part1	8	8	22.668	2.8335	2.8335
tRNA-Pro-AGG-2-2|acceptor_stem_5p|part1	7	7	18.59	2.65571	2.65571
tRNA-Pro-AGG-2-2|d_arm|part1	19	19	48.552	2.55537	2.55537
tRNA-Pro-AGG-2-2|anticodon_arm|part1	17	17	45.009	2.64759	2.64759
tRNA-Pro-AGG-2-2|anticodon|part1	3	3	9.006	3.002	3.002
tRNA-Pro-AGG-2-2|variable_region|part1	4	4	10.796	2.699	2.699
tRNA-Pro-AGG-2-2|t_arm|part1	17	17	43.734	2.57259	2.57259
tRNA-Pro-AGG-2-2|acceptor_stem_3p|part1	8	8	19.83	2.47875	2.47875
tRNA-Lys-CTT-2-4|acceptor_stem_5p|part1	7	7	11.916	1.70229	1.70229
tRNA-Lys-CTT-2-4|d_arm|part1	19	19	41.234	2.17021	2.17021
tRNA-Lys-CTT-2-4|anticodon_arm|part1	17	17	28.384	1.66965	1.66965
tRNA-Lys-CTT-2-4|anticodon|part1	3	3	6.324	2.108	2.108
tRNA-Lys-CTT-2-4|variable_region|part1	5	5	10.399	2.0798	2.0798
tRNA-Lys-CTT-2-4|t_arm|part1	17	17	34.885	2.05206	2.05206
tRNA-Lys-CTT-2-4|acceptor_stem_3p|part1	8	8	17.05	2.13125	2.13125
tRNA-Tyr-GTA-1-1|acceptor_stem_5p|part1	7	7	21.78	3.11143	3.11143
tRNA-Tyr-GTA-1-1|d_arm|part1	19	19	60.33	3.17526	3.17526
tRNA-Tyr-GTA-1-1|anticodon_arm|part1	11	11	37.27	3.38818	3.38818
tRNA-Tyr-GTA-1-1|anticodon|part1	3	3	9.997	3.33233	3.33233
tRNA-Tyr-GTA-1-1|intron|part1	18	18	-42.472	-2.35956	-2.35956
tRNA-Tyr-GTA-1-1|anticodon_arm|part2	6	6	18.206	3.03433	3.03433
tRNA-Tyr-GTA-1-1|variable_region|part1	5	5	16.767	3.3534	3.3534
tRNA-Tyr-GTA-1-1|t_arm|part1	17	17	54.283	3.19312	3.19312
tRNA-Tyr-GTA-1-1|acceptor_stem_3p|part1	8	8	26.029	3.25363	3.25363
tRNA-Ala-AGC-11-1|acceptor_stem_3p|part1	8	8	24.066	3.00825	3.00825
tRNA-Ala-AGC-11-1|t_arm|part1	17	17	35.262	2.07424	2.07424
tRNA-Ala-AGC-11-1|variable_region|part1	5	5	12.116	2.4232	2.4232
tRNA-Ala-AGC-11-1|anticodon_arm|part1	17	17	39.705	2.33559	2.33559
tRNA-Ala-AGC-11-1|anticodon|part1	3	3	8.426	2.80867	2.80867
tRNA-Ala-AGC-11-1|d_arm|part1	19	19	46.459	2.44521	2.44521
tRNA-Ala-AGC-11-1|acceptor_stem_5p|part1	7	7	17.292	2.47029	2.47029
tRNA-Tyr-GTA-8-1|acceptor_stem_5p|part1	7	7	2.59	0.37	0.37
tRNA-Tyr-GTA-8-1|d_arm|part1	19	19	7.743	0.407526	0.407526
tRNA-Tyr-GTA-8-1|anticodon_arm|part1	11	11	4.491	0.408273	0.408273
tRNA-Tyr-GTA-8-1|anticodon|part1	3	3	0.63	0.21	0.21
tRNA-Tyr-GTA-8-1|intron|part1	17	17	-12.049	-0.708765	-0.708765
tRNA-Tyr-GTA-8-1|anticodon_arm|part2	6	6	3.351	0.5585	0.5585
tRNA-Tyr-GTA-8-1|variable_region|part1	5	5	2.951	0.5902	0.5902
tRNA-Tyr-GTA-8-1|t_arm|part1	17	17	6.734	0.396118	0.396118
tRNA-Tyr-GTA-8-1|acceptor_stem_3p|part1	8	8	0.695	0.086875	0.086875
tRNA-Tyr-GTA-3-1|acceptor_stem_5p|part1	7	7	14.676	2.09657	2.09657
tRNA-Tyr-GTA-3-1|d_arm|part1	19	19	38.115	2.00605	2.00605
tRNA-Tyr-GTA-3-1|anticodon_arm|part1	11	11	24.195	2.19955	2.19955
tRNA-Tyr-GTA-3-1|anticodon|part1	3	3	6.987	2.329	2.329
tRNA-Tyr-GTA-3-1|intron|part1	16	16	-47.066	-2.94163	-2.94163
tRNA-Tyr-GTA-3-1|anticodon_arm|part2	6	6	11.067	1.8445	1.8445
tRNA-Tyr-GTA-3-1|variable_region|part1	5	5	13.599	2.7198	2.7198
tRNA-Tyr-GTA-3-1|t_arm|part1	17	17	34.745	2.04382	2.04382
tRNA-Tyr-GTA-3-1|acceptor_stem_3p|part1	8	8	15.295	1.91187	1.91187
tRNA-Tyr-GTA-6-1|acceptor_stem_5p|part1	7	7	11.826	1.68943	1.68943
tRNA-Tyr-GTA-6-1|d_arm|part1	19	19	39.791	2.09426	2.09426
tRNA-Tyr-GTA-6-1|anticodon_arm|part1	11	11	24.445	2.22227	2.22227
tRNA-Tyr-GTA-6-1|anticodon|part1	3	3	6.741	2.247	2.247
tRNA-Tyr-GTA-6-1|intron|part1	16	16	-28.114	-1.75712	-1.75712
tRNA-Tyr-GTA-6-1|anticodon_arm|part2	6	6	14.736	2.456	2.456
tRNA-Tyr-GTA-6-1|variable_region|part1	5	5	12.332	2.4664	2.4664
tRNA-Tyr-GTA-6-1|t_arm|part1	17	17	37.633	2.21371	2.21371
tRNA-Tyr-GTA-6-1|acceptor_stem_3p|part1	8	8	16.392	2.049	2.049
tRNA-Ala-AGC-14-1|acceptor_stem_5p|part1	7	7	5.509	0.787	0.787
tRNA-Ala-AGC-14-1|d_arm|part1	19	19	6.761	0.355842	0.355842
tRNA-Ala-AGC-14-1|anticodon_arm|part1	17	17	8.356	0.491529	0.491529
tRNA-Ala-AGC-14-1|anticodon|part1	3	3	2.091	0.697	0.697
tRNA-Ala-AGC-14-1|variable_region|part1	5	5	2.296	0.4592	0.4592
tRNA-Ala-AGC-14-1|t_arm|part1	17	17	6.628	0.389882	0.389882
tRNA-Ala-AGC-14-1|acceptor_stem_3p|part1	8	8	5.981	0.747625	0.747625
tRNA-Ala-AGC-12-1|acceptor_stem_5p|part1	7	7	7.421	1.06014	1.06014
tRNA-Ala-AGC-12-1|d_arm|part1	19	19	17.549	0.923632	0.923632
tRNA-Ala-AGC-12-1|anticodon_arm|part1	17	17	9.37	0.551176	0.551176
tRNA-Ala-AGC-12-1|anticodon|part1	3	3	2.869	0.956333	0.956333
tRNA-Ala-AGC-12-1|variable_region|part1	5	5	4.569	0.9138	0.9138
tRNA-Ala-AGC-12-1|t_arm|part1	17	17	13.219	0.777588	0.777588
tRNA-Ala-AGC-12-1|acceptor_stem_3p|part1	8	8	7.431	0.928875	0.928875
tRNA-Ala-AGC-10-1|acceptor_stem_5p|part1	7	7	4.641	0.663	0.663
tRNA-Ala-AGC-10-1|d_arm|part1	19	19	11.249	0.592053	0.592053
tRNA-Ala-AGC-10-1|anticodon_arm|part1	17	17	8.166	0.480353	0.480353
tRNA-Ala-AGC-10-1|anticodon|part1	3	3	2.25	0.75	0.75
tRNA-Ala-AGC-10-1|variable_region|part1	5	5	3.837	0.7674	0.7674
tRNA-Ala-AGC-10-1|t_arm|part1	17	17	10.13	0.595882	0.595882
tRNA-Ala-AGC-10-1|acceptor_stem_3p|part1	8	8	3.955	0.494375	0.494375
tRNA-Met-CAT-5-1|acceptor_stem_5p|part1	7	7	4.462	0.637429	0.637429
tRNA-Met-CAT-5-1|d_arm|part1	19	19	3.879	0.204158	0.204158
tRNA-Met-CAT-5-1|anticodon_arm|part1	17	17	16.732	0.984235	0.984235
tRNA-Met-CAT-5-1|anticodon|part1	3	3	1.88	0.626667	0.626667
tRNA-Met-CAT-5-1|variable_region|part1	5	5	2.229	0.4458	0.4458
tRNA-Met-CAT-5-1|t_arm|part1	17	17	2.636	0.155059	0.155059
tRNA-Met-CAT-5-1|acceptor_stem_3p|part1	8	8	4.559	0.569875	0.569875
tRNA-Ala-AGC-13-1|acceptor_stem_5p|part1	7	7	6.755	0.965	0.965
tRNA-Ala-AGC-13-1|d_arm|part1	19	19	15.576	0.819789	0.819789
tRNA-Ala-AGC-13-1|anticodon_arm|part1	17	17	15.452	0.908941	0.908941
tRNA-Ala-AGC-13-1|anticodon|part1	3	3	3.714	1.238	1.238
tRNA-Ala-AGC-13-1|variable_region|part1	5	5	5.421	1.0842	1.0842
tRNA-Ala-AGC-13-1|t_arm|part1	17	17	15.52	0.912941	0.912941
tRNA-Ala-AGC-13-1|acceptor_stem_3p|part1	8	8	6.349	0.793625	0.793625
tRNA-Ile-AAT-7-1|acceptor_stem_3p|part1	8	8	2.926	0.36575	0.36575
tRNA-Ile-AAT-7-1|t_arm|part1	17	17	10.256	0.603294	0.603294
tRNA-Ile-AAT-7-1|variable_region|part1	6	6	5.889	0.9815	0.9815
tRNA-Ile-AAT-7-1|anticodon_arm|part1	17	17	13.931	0.819471	0.819471
tRNA-Ile-AAT-7-1|anticodon|part1	3	3	1.547	0.515667	0.515667
tRNA-Ile-AAT-7-1|d_arm|part1	19	19	14.251	0.750053	0.750053
tRNA-Ile-AAT-7-1|acceptor_stem_5p|part1	7	7	0.919	0.131286	0.131286
tRNA-Ala-AGC-9-1|acceptor_stem_5p|part1	7	7	1.879	0.268429	0.268429
tRNA-Ala-AGC-9-1|d_arm|part1	19	19	9.408	0.495158	0.495158
tRNA-Ala-AGC-9-1|anticodon_arm|part1	17	17	2.109	0.124059	0.124059
tRNA-Ala-AGC-9-1|anticodon|part1	3	3	-1.147	-0.382333	-0.382333
tRNA-Ala-AGC-9-1|variable_region|part1	5	5	0.256	0.0512	0.0512
tRNA-Ala-AGC-9-1|t_arm|part1	17	17	-1.652	-0.0971765	-0.0971765
tRNA-Ala-AGC-9-1|acceptor_stem_3p|part1	8	8	1.787	0.223375	0.223375
tRNA-Met-CAT-4-1|acceptor_stem_3p|part1	8	8	10.087	1.26087	1.26087
tRNA-Met-CAT-4-1|t_arm|part1	17	17	15.355	0.903235	0.903235
tRNA-Met-CAT-4-1|variable_region|part1	5	5	5.28	1.056	1.056
tRNA-Met-CAT-4-1|anticodon_arm|part1	17	17	18.533	1.09018	1.09018
tRNA-Met-CAT-4-1|anticodon|part1	3	3	2.672	0.890667	0.890667
tRNA-Met-CAT-4-1|d_arm|part1	19	19	19.256	1.01347	1.01347
tRNA-Met-CAT-4-1|acceptor_stem_5p|part1	7	7	6.166	0.880857	0.880857
tRNA-Met-CAT-4-2|acceptor_stem_5p|part1	7	7	2.899	0.414143	0.414143
tRNA-Met-CAT-4-2|d_arm|part1	19	19	17.655	0.929211	0.929211
tRNA-Met-CAT-4-2|anticodon_arm|part1	17	17	19.016	1.11859	1.11859
tRNA-Met-CAT-4-2|anticodon|part1	3	3	3.168	1.056	1.056
tRNA-Met-CAT-4-2|variable_region|part1	5	5	3.863	0.7726	0.7726
tRNA-Met-CAT-4-2|t_arm|part1	17	17	13.202	0.776588	0.776588
tRNA-Met-CAT-4-2|acceptor_stem_3p|part1	8	8	4.375	0.546875	0.546875
tRNA-Ile-AAT-6-1|acceptor_stem_5p|part1	7	7	2.304	0.329143	0.329143
tRNA-Ile-AAT-6-1|d_arm|part1	19	19	14.655	0.771316	0.771316
tRNA-Ile-AAT-6-1|anticodon_arm|part1	17	17	12.223	0.719	0.719
tRNA-Ile-AAT-6-1|anticodon|part1	3	3	1.46	0.486667	0.486667
tRNA-Ile-AAT-6-1|variable_region|part1	6	6	4.77	0.795	0.795
tRNA-Ile-AAT-6-1|t_arm|part1	17	17	10.743	0.631941	0.631941
tRNA-Ile-AAT-6-1|acceptor_stem_3p|part1	8	8	5.219	0.652375	0.652375
tRNA-Met-CAT-4-3|acceptor_stem_5p|part1	7	7	4.795	0.685	0.685
tRNA-Met-CAT-4-3|d_arm|part1	19	19	20.852	1.09747	1.09747
tRNA-Met-CAT-4-3|anticodon_arm|part1	17	17	18.241	1.073	1.073
tRNA-Met-CAT-4-3|anticodon|part1	3	3	2.616	0.872	0.872
tRNA-Met-CAT-4-3|variable_region|part1	5	5	6.757	1.3514	1.3514
tRNA-Met-CAT-4-3|t_arm|part1	17	17	17.794	1.04671	1.04671
tRNA-Met-CAT-4-3|acceptor_stem_3p|part1	8	8	8.598	1.07475	1.07475
tRNA-Ala-AGC-9-2|acceptor_stem_3p|part1	8	8	-0.537	-0.067125	-0.067125
tRNA-Ala-AGC-9-2|t_arm|part1	17	17	6.752	0.397176	0.397176
tRNA-Ala-AGC-9-2|variable_region|part1	5	5	0.823	0.1646	0.1646
tRNA-Ala-AGC-9-2|anticodon_arm|part1	17	17	5.327	0.313353	0.313353
tRNA-Ala-AGC-9-2|anticodon|part1	3	3	0.443	0.147667	0.147667
tRNA-Ala-AGC-9-2|d_arm|part1	19	19	10.829	0.569947	0.569947
tRNA-Ala-AGC-9-2|acceptor_stem_5p|part1	7	7	1.016	0.145143	0.145143
tRNA-Ile-AAT-7-2|acceptor_stem_5p|part1	7	7	3.655	0.522143	0.522143
tRNA-Ile-AAT-7-2|d_arm|part1	19	19	17.423	0.917	0.917
tRNA-Ile-AAT-7-2|anticodon_arm|part1	17	17	14.903	0.876647	0.876647
tRNA-Ile-AAT-7-2|anticodon|part1	3	3	1.546	0.515333	0.515333
tRNA-Ile-AAT-7-2|variable_region|part1	6	6	5.968	0.994667	0.994667
tRNA-Ile-AAT-7-2|t_arm|part1	17	17	11.83	0.695882	0.695882
tRNA-Ile-AAT-7-2|acceptor_stem_3p|part1	8	8	5.581	0.697625	0.697625
tRNA-Ala-AGC-13-3|acceptor_stem_3p|part1	8	8	8.514	1.06425	1.06425
tRNA-Ala-AGC-13-3|t_arm|part1	17	17	15.482	0.910706	0.910706
tRNA-Ala-AGC-13-3|variable_region|part1	5	5	3.233	0.6466	0.6466
tRNA-Ala-AGC-13-3|anticodon_arm|part1	17	17	17.081	1.00476	1.00476
tRNA-Ala-AGC-13-3|anticodon|part1	3	3	3.684	1.228	1.228
tRNA-Ala-AGC-13-3|d_arm|part1	19	19	16.518	0.869368	0.869368
tRNA-Ala-AGC-13-3|acceptor_stem_5p|part1	7	7	5.944	0.849143	0.849143
tRNA-Met-CAT-5-2|acceptor_stem_3p|part1	8	8	4.126	0.51575	0.51575
tRNA-Met-CAT-5-2|t_arm|part1	17	17	3.921	0.230647	0.230647
tRNA-Met-CAT-5-2|variable_region|part1	5	5	4.971	0.9942	0.9942
tRNA-Met-CAT-5-2|anticodon_arm|part1	17	17	12.378	0.728118	0.728118
tRNA-Met-CAT-5-2|anticodon|part1	3	3	1.149	0.383	0.383
tRNA-Met-CAT-5-2|d_arm|part1	19	19	-2.805	-0.147632	-0.147632
tRNA-Met-CAT-5-2|acceptor_stem_5p|part1	7	7	5.143	0.734714	0.734714
tRNA-Ala-AGC-10-2|acceptor_stem_3p|part1	8	8	4.362	0.54525	0.54525
tRNA-Ala-AGC-10-2|t_arm|part1	17	17	6.648	0.391059	0.391059
tRNA-Ala-AGC-10-2|variable_region|part1	5	5	2.929	0.5858	0.5858
tRNA-Ala-AGC-10-2|anticodon_arm|part1	17	17	0.797	0.0468823	0.0468823
tRNA-Ala-AGC-10-2|anticodon|part1	3	3	1.02	0.34	0.34
tRNA-Ala-AGC-10-2|d_arm|part1	19	19	8.25	0.434211	0.434211
tRNA-Ala-AGC-10-2|acceptor_stem_5p|part1	7	7	3.271	0.467286	0.467286
tRNA-Ala-AGC-12-2|acceptor_stem_3p|part1	8	8	8.376	1.047	1.047
tRNA-Ala-AGC-12-2|t_arm|part1	17	17	15.429	0.907588	0.907588
tRNA-Ala-AGC-12-2|variable_region|part1	5	5	5.053	1.0106	1.0106
tRNA-Ala-AGC-12-2|anticodon_arm|part1	17	17	15.053	0.885471	0.885471
tRNA-Ala-AGC-12-2|anticodon|part1	3	3	3.757	1.25233	1.25233
tRNA-Ala-AGC-12-2|d_arm|part1	19	19	17.493	0.920684	0.920684
tRNA-Ala-AGC-12-2|acceptor_stem_5p|part1	7	7	8.116	1.15943	1.15943
tRNA-Ala-AGC-14-2|acceptor_stem_3p|part1	8	8	6.192	0.774	0.774
tRNA-Ala-AGC-14-2|t_arm|part1	17	17	7.964	0.468471	0.468471
tRNA-Ala-AGC-14-2|variable_region|part1	5	5	3.657	0.7314	0.7314
tRNA-Ala-AGC-14-2|anticodon_arm|part1	17	17	9.629	0.566412	0.566412
tRNA-Ala-AGC-14-2|anticodon|part1	3	3	1.957	0.652333	0.652333
tRNA-Ala-AGC-14-2|d_arm|part1	19	19	9.825	0.517105	0.517105
tRNA-Ala-AGC-14-2|acceptor_stem_5p|part1	7	7	3.699	0.528429	0.528429
tRNA-Ile-TAT-2-2|acceptor_stem_5p|part1	7	7	8.953	1.279	1.279
tRNA-Ile-TAT-2-2|d_arm|part1	19	19	23.257	1.22405	1.22405
tRNA-Ile-TAT-2-2|anticodon_arm|part1	12	12	17.219	1.43492	1.43492
tRNA-Ile-TAT-2-2|anticodon|part1	3	3	4.138	1.37933	1.37933
tRNA-Ile-TAT-2-2|intron|part1	20	20	12.38	0.619	0.619
tRNA-Ile-TAT-2-2|anticodon_arm|part2	5	5	7.033	1.4066	1.4066
tRNA-Ile-TAT-2-2|variable_region|part1	6	6	8.971	1.49517	1.49517
tRNA-Ile-TAT-2-2|t_arm|part1	17	17	20.836	1.22565	1.22565
tRNA-Ile-TAT-2-2|acceptor_stem_3p|part1	8	8	10.689	1.33613	1.33613
tRNA-Pro-CGG-2-1|acceptor_stem_5p|part1	7	7	10.1	1.44286	1.44286
tRNA-Pro-CGG-2-1|d_arm|part1	19	19	27.366	1.44032	1.44032
tRNA-Pro-CGG-2-1|anticodon_arm|part1	17	17	27.774	1.63376	1.63376
tRNA-Pro-CGG-2-1|anticodon|part1	3	3	5.961	1.987	1.987
tRNA-Pro-CGG-2-1|variable_region|part1	4	4	7.176	1.794	1.794
tRNA-Pro-CGG-2-1|t_arm|part1	17	17	26.481	1.55771	1.55771
tRNA-Pro-CGG-2-1|acceptor_stem_3p|part1	8	8	11.825	1.47812	1.47812
tRNA-Ser-GCT-1-1|acceptor_stem_5p|part1	7	7	10.028	1.43257	1.43257
tRNA-Ser-GCT-1-1|d_arm|part1	19	19	26.077	1.37247	1.37247
tRNA-Ser-GCT-1-1|anticodon_arm|part1	17	17	21.136	1.24329	1.24329
tRNA-Ser-GCT-1-1|anticodon|part1	3	3	4.35	1.45	1.45
tRNA-Ser-GCT-1-1|variable_region|part1	14	14	17.826	1.27329	1.27329
tRNA-Ser-GCT-1-1|t_arm|part1	17	17	17.491	1.02888	1.02888
tRNA-Ser-GCT-1-1|acceptor_stem_3p|part1	8	8	5.767	0.720875	0.720875
tRNA-His-GTG-1-5|acceptor_stem_5p|part1	7	7	7.748	1.10686	1.10686
tRNA-His-GTG-1-5|d_arm|part1	19	19	22.84	1.20211	1.20211
tRNA-His-GTG-1-5|anticodon_arm|part1	17	17	22.932	1.34894	1.34894
tRNA-His-GTG-1-5|anticodon|part1	3	3	4.485	1.495	1.495
tRNA-His-GTG-1-5|variable_region|part1	4	4	3.604	0.901	0.901
tRNA-His-GTG-1-5|t_arm|part1	17	17	19.653	1.15606	1.15606
tRNA-His-GTG-1-5|acceptor_stem_3p|part1	8	8	10.264	1.283	1.283
tRNA-Thr-AGT-6-1|acceptor_stem_5p|part1	7	7	13.733	1.96186	1.96186
tRNA-Thr-AGT-6-1|d_arm|part1	19	19	47.093	2.47858	2.47858
tRNA-Thr-AGT-6-1|anticodon_arm|part1	17	17	41.825	2.46029	2.46029
tRNA-Thr-AGT-6-1|anticodon|part1	3	3	8.106	2.702	2.702
tRNA-Thr-AGT-6-1|variable_region|part1	6	6	16.184	2.69733	2.69733
tRNA-Thr-AGT-6-1|t_arm|part1	17	17	43.047	2.53218	2.53218
tRNA-Thr-AGT-6-1|acceptor_stem_3p|part1	8	8	16.923	2.11537	2.11537
tRNA-Ile-AAT-5-2|acceptor_stem_3p|part1	8	8	6.961	0.870125	0.870125
tRNA-Ile-AAT-5-2|t_arm|part1	17	17	17.757	1.04453	1.04453
tRNA-Ile-AAT-5-2|variable_region|part1	6	6	6.179	1.02983	1.02983
tRNA-Ile-AAT-5-2|anticodon_arm|part1	17	17	18.359	1.07994	1.07994
tRNA-Ile-AAT-5-2|anticodon|part1	3	3	3.524	1.17467	1.17467
tRNA-Ile-AAT-5-2|d_arm|part1	19	19	20.982	1.10432	1.10432
tRNA-Ile-AAT-5-2|acceptor_stem_5p|part1	7	7	6.884	0.983429	0.983429
tRNA-Val-CAC-6-1|acceptor_stem_3p|part1	8	8	6.955	0.869375	0.869375
tRNA-Val-CAC-6-1|t_arm|part1	17	17	16.413	0.965471	0.965471
tRNA-Val-CAC-6-1|variable_region|part1	5	5	4.653	0.9306	0.9306
tRNA-Val-CAC-6-1|anticodon_arm|part1	17	17	20.04	1.17882	1.17882
tRNA-Val-CAC-6-1|anticodon|part1	3	3	3.803	1.26767	1.26767
tRNA-Val-CAC-6-1|d_arm|part1	19	19	18.95	0.997368	0.997368
tRNA-Val-CAC-6-1|acceptor_stem_5p|part1	7	7	6.71	0.958571	0.958571
tRNA-Ser-CGA-2-1|acceptor_stem_5p|part1	7	7	8.886	1.26943	1.26943
tRNA-Ser-CGA-2-1|d_arm|part1	19	19	25.325	1.33289	1.33289
tRNA-Ser-CGA-2-1|anticodon_arm|part1	17	17	16.224	0.954353	0.954353
tRNA-Ser-CGA-2-1|anticodon|part1	3	3	3.253	1.08433	1.08433
tRNA-Ser-CGA-2-1|variable_region|part1	14	14	6.674	0.476714	0.476714
tRNA-Ser-CGA-2-1|t_arm|part1	17	17	19.458	1.14459	1.14459
tRNA-Ser-CGA-2-1|acceptor_stem_3p|part1	8	8	10.058	1.25725	1.25725
tRNA-Arg-ACG-2-2|acceptor_stem_3p|part1	8	8	4.278	0.53475	0.53475
tRNA-Arg-ACG-2-2|t_arm|part1	17	17	10.289	0.605235	0.605235
tRNA-Arg-ACG-2-2|variable_region|part1	5	5	2.593	0.5186	0.5186
tRNA-Arg-ACG-2-2|anticodon_arm|part1	17	17	7.439	0.437588	0.437588
tRNA-Arg-ACG-2-2|anticodon|part1	3	3	-0.029	-0.00966666	-0.00966666
tRNA-Arg-ACG-2-2|d_arm|part1	19	19	8.888	0.467789	0.467789
tRNA-Arg-ACG-2-2|acceptor_stem_5p|part1	7	7	2.86	0.408571	0.408571
tRNA-Arg-ACG-2-3|acceptor_stem_5p|part1	7	7	6.076	0.868	0.868
tRNA-Arg-ACG-2-3|d_arm|part1	19	19	12.873	0.677526	0.677526
tRNA-Arg-ACG-2-3|anticodon_arm|part1	17	17	11.282	0.663647	0.663647
tRNA-Arg-ACG-2-3|anticodon|part1	3	3	0.211	0.0703333	0.0703333
tRNA-Arg-ACG-2-3|variable_region|part1	5	5	3.094	0.6188	0.6188
tRNA-Arg-ACG-2-3|t_arm|part1	17	17	13.317	0.783353	0.783353
tRNA-Arg-ACG-2-3|acceptor_stem_3p|part1	8	8	7.006	0.87575	0.87575
tRNA-Leu-TAA-4-1|acceptor_stem_3p|part1	8	8	11.586	1.44825	1.44825
tRNA-Leu-TAA-4-1|t_arm|part1	17	17	22.432	1.31953	1.31953
tRNA-Leu-TAA-4-1|variable_region|part1	15	15	0.829	0.0552667	0.0552667
tRNA-Leu-TAA-4-1|anticodon_arm|part1	17	17	22.369	1.31582	1.31582
tRNA-Leu-TAA-4-1|anticodon|part1	3	3	2.653	0.884333	0.884333
tRNA-Leu-TAA-4-1|d_arm|part1	19	19	22.895	1.205	1.205
tRNA-Leu-TAA-4-1|acceptor_stem_5p|part1	7	7	10.193	1.45614	1.45614
tRNA-Val-AAC-5-1|acceptor_stem_5p|part1	7	7	9.01	1.28714	1.28714
tRNA-Val-AAC-5-1|d_arm|part1	19	19	24.254	1.27653	1.27653
tRNA-Val-AAC-5-1|anticodon_arm|part1	17	17	20.674	1.21612	1.21612
tRNA-Val-AAC-5-1|anticodon|part1	3	3	4.017	1.339	1.339
tRNA-Val-AAC-5-1|variable_region|part1	5	5	6.575	1.315	1.315
tRNA-Val-AAC-5-1|t_arm|part1	17	17	17.593	1.03488	1.03488
tRNA-Val-AAC-5-1|acceptor_stem_3p|part1	8	8	8.789	1.09863	1.09863
tRNA-Ile-AAT-5-3|acceptor_stem_3p|part1	8	8	-0.477	-0.059625	-0.059625
tRNA-Ile-AAT-5-3|t_arm|part1	17	17	3.24	0.190588	0.190588
tRNA-Ile-AAT-5-3|variable_region|part1	6	6	1.012	0.168667	0.168667
tRNA-Ile-AAT-5-3|anticodon_arm|part1	17	17	6.231	0.366529	0.366529
tRNA-Ile-AAT-5-3|anticodon|part1	3	3	0.968	0.322667	0.322667
tRNA-Ile-AAT-5-3|d_arm|part1	19	19	8.443	0.444368	0.444368
tRNA-Ile-AAT-5-3|acceptor_stem_5p|part1	7	7	4.769	0.681286	0.681286
tRNA-Ile-AAT-9-1|acceptor_stem_5p|part1	7	7	1.451	0.207286	0.207286
tRNA-Ile-AAT-9-1|d_arm|part1	19	19	6.995	0.368158	0.368158
tRNA-Ile-AAT-9-1|anticodon_arm|part1	17	17	2.571	0.151235	0.151235
tRNA-Ile-AAT-9-1|anticodon|part1	3	3	0.374	0.124667	0.124667
tRNA-Ile-AAT-9-1|variable_region|part1	6	6	1.442	0.240333	0.240333
tRNA-Ile-AAT-9-1|t_arm|part1	17	17	3.064	0.180235	0.180235
tRNA-Ile-AAT-9-1|acceptor_stem_3p|part1	8	8	2.059	0.257375	0.257375
tRNA-Ile-AAT-3-1|acceptor_stem_3p|part1	8	8	6.863	0.857875	0.857875
tRNA-Ile-AAT-3-1|t_arm|part1	17	17	17.25	1.01471	1.01471
tRNA-Ile-AAT-3-1|variable_region|part1	6	6	6.805	1.13417	1.13417
tRNA-Ile-AAT-3-1|anticodon_arm|part1	17	17	22.819	1.34229	1.34229
tRNA-Ile-AAT-3-1|anticodon|part1	3	3	3.898	1.29933	1.29933
tRNA-Ile-AAT-3-1|d_arm|part1	19	19	22.998	1.21042	1.21042
tRNA-Ile-AAT-3-1|acceptor_stem_5p|part1	7	7	4.914	0.702	0.702
tRNA-Val-CAC-2-1|acceptor_stem_3p|part1	8	8	1.118	0.13975	0.13975
tRNA-Val-CAC-2-1|t_arm|part1	17	17	13.721	0.807118	0.807118
tRNA-Val-CAC-2-1|variable_region|part1	5	5	5.067	1.0134	1.0134
tRNA-Val-CAC-2-1|anticodon_arm|part1	17	17	7.094	0.417294	0.417294
tRNA-Val-CAC-2-1|anticodon|part1	3	3	1.322	0.440667	0.440667
tRNA-Val-CAC-2-1|d_arm|part1	19	19	12.675	0.667105	0.667105
tRNA-Val-CAC-2-1|acceptor_stem_5p|part1	7	7	4.665	0.666429	0.666429
tRNA-Ile-AAT-10-1|acceptor_stem_5p|part1	7	7	-1.789	-0.255571	-0.255571
tRNA-Ile-AAT-10-1|d_arm|part1	19	19	-0.371	-0.0195263	-0.0195263
tRNA-Ile-AAT-10-1|anticodon_arm|part1	17	17	-3.554	-0.209059	-0.209059
tRNA-Ile-AAT-10-1|anticodon|part1	3	3	0.673	0.224333	0.224333
tRNA-Ile-AAT-10-1|variable_region|part1	6	6	0.304	0.0506667	0.0506667
tRNA-Ile-AAT-10-1|t_arm|part1	17	17	-0.849	-0.0499412	-0.0499412
tRNA-Ile-AAT-10-1|acceptor_stem_3p|part1	8	8	-0.471	-0.058875	-0.058875
tRNA-Val-TAC-4-1|acceptor_stem_5p|part1	7	7	4.758	0.679714	0.679714
tRNA-Val-TAC-4-1|d_arm|part1	19	19	10.21	0.537368	0.537368
tRNA-Val-TAC-4-1|anticodon_arm|part1	17	17	7.868	0.462824	0.462824
tRNA-Val-TAC-4-1|anticodon|part1	3	3	0.593	0.197667	0.197667
tRNA-Val-TAC-4-1|variable_region|part1	5	5	2.766	0.5532	0.5532
tRNA-Val-TAC-4-1|t_arm|part1	17	17	5.845	0.343824	0.343824
tRNA-Val-TAC-4-1|acceptor_stem_3p|part1	8	8	4.994	0.62425	0.62425
tRNA-Ser-ACT-1-1|acceptor_stem_5p|part1	7	7	6.062	0.866	0.866
tRNA-Ser-ACT-1-1|d_arm|part1	19	19	13.5	0.710526	0.710526
tRNA-Ser-ACT-1-1|anticodon_arm|part1	17	17	9.692	0.570118	0.570118
tRNA-Ser-ACT-1-1|anticodon|part1	3	3	1.089	0.363	0.363
tRNA-Ser-ACT-1-1|variable_region|part1	6	6	3.063	0.5105	0.5105
tRNA-Ser-ACT-1-1|t_arm|part1	17	17	5.555	0.326765	0.326765
tRNA-Ser-ACT-1-1|acceptor_stem_3p|part1	8	8	3.833	0.479125	0.479125
tRNA-Gln-CTG-5-1|acceptor_stem_5p|part1	7	7	0.271	0.0387143	0.0387143
tRNA-Gln-CTG-5-1|d_arm|part1	19	19	11.418	0.600947	0.600947
tRNA-Gln-CTG-5-1|anticodon_arm|part1	17	17	12.689	0.746412	0.746412
tRNA-Gln-CTG-5-1|anticodon|part1	3	3	1.252	0.417333	0.417333
tRNA-Gln-CTG-5-1|variable_region|part1	4	4	0.757	0.18925	0.18925
tRNA-Gln-CTG-5-1|t_arm|part1	17	17	7.369	0.433471	0.433471
tRNA-Gln-CTG-5-1|acceptor_stem_3p|part1	8	8	4.456	0.557	0.557
tRNA-Ser-GCT-2-1|acceptor_stem_5p|part1	7	7	9.81	1.40143	1.40143
tRNA-Ser-GCT-2-1|d_arm|part1	19	19	22.476	1.18295	1.18295
tRNA-Ser-GCT-2-1|anticodon_arm|part1	17	17	20.069	1.18053	1.18053
tRNA-Ser-GCT-2-1|anticodon|part1	3	3	3.847	1.28233	1.28233
tRNA-Ser-GCT-2-1|variable_region|part1	14	14	14.98	1.07	1.07
tRNA-Ser-GCT-2-1|t_arm|part1	17	17	16.956	0.997412	0.997412
tRNA-Ser-GCT-2-1|acceptor_stem_3p|part1	8	8	9.109	1.13863	1.13863
tRNA-iMet-CAT-1-5|acceptor_stem_3p|part1	8	8	8.253	1.03163	1.03163
tRNA-iMet-CAT-1-5|t_arm|part1	17	17	14.87	0.874706	0.874706
tRNA-iMet-CAT-1-5|variable_region|part1	4	4	3.382	0.8455	0.8455
tRNA-iMet-CAT-1-5|anticodon_arm|part1	17	17	16.103	0.947235	0.947235
tRNA-iMet-CAT-1-5|anticodon|part1	3	3	2.919	0.973	0.973
tRNA-iMet-CAT-1-5|d_arm|part1	19	19	19.662	1.03484	1.03484
tRNA-iMet-CAT-1-5|acceptor_stem_5p|part1	7	7	7.882	1.126	1.126
tRNA-Lys-TTT-6-1|acceptor_stem_3p|part1	8	8	5.974	0.74675	0.74675
tRNA-Lys-TTT-6-1|t_arm|part1	17	17	22.254	1.30906	1.30906
tRNA-Lys-TTT-6-1|variable_region|part1	5	5	3.646	0.7292	0.7292
tRNA-Lys-TTT-6-1|anticodon_arm|part1	17	17	19.483	1.14606	1.14606
tRNA-Lys-TTT-6-1|anticodon|part1	3	3	4.876	1.62533	1.62533
tRNA-Lys-TTT-6-1|d_arm|part1	19	19	15.016	0.790316	0.790316
tRNA-Lys-TTT-6-1|acceptor_stem_5p|part1	7	7	9.141	1.30586	1.30586
tRNA-Ser-AGA-2-2|acceptor_stem_5p|part1	7	7	13.996	1.99943	1.99943
tRNA-Ser-AGA-2-2|d_arm|part1	19	19	38.424	2.02232	2.02232
tRNA-Ser-AGA-2-2|anticodon_arm|part1	17	17	33.468	1.96871	1.96871
tRNA-Ser-AGA-2-2|anticodon|part1	3	3	6.33	2.11	2.11
tRNA-Ser-AGA-2-2|variable_region|part1	14	14	22.174	1.58386	1.58386
tRNA-Ser-AGA-2-2|t_arm|part1	17	17	31.384	1.84612	1.84612
tRNA-Ser-AGA-2-2|acceptor_stem_3p|part1	8	8	15.545	1.94312	1.94312
tRNA-Asp-GTC-2-6|acceptor_stem_5p|part1	7	7	5.786	0.826571	0.826571
tRNA-Asp-GTC-2-6|d_arm|part1	19	19	18.127	0.954053	0.954053
tRNA-Asp-GTC-2-6|anticodon_arm|part1	17	17	16.635	0.978529	0.978529
tRNA-Asp-GTC-2-6|anticodon|part1	3	3	3.567	1.189	1.189
tRNA-Asp-GTC-2-6|variable_region|part1	4	4	5.496	1.374	1.374
tRNA-Asp-GTC-2-6|t_arm|part1	17	17	12.462	0.733059	0.733059
tRNA-Asp-GTC-2-6|acceptor_stem_3p|part1	8	8	10.001	1.25013	1.25013
tRNA-Ser-AGA-2-3|acceptor_stem_5p|part1	7	7	10.106	1.44371	1.44371
tRNA-Ser-AGA-2-3|d_arm|part1	19	19	28.406	1.49505	1.49505
tRNA-Ser-AGA-2-3|anticodon_arm|part1	17	17	23.444	1.37906	1.37906
tRNA-Ser-AGA-2-3|anticodon|part1	3	3	5.026	1.67533	1.67533
tRNA-Ser-AGA-2-3|variable_region|part1	14	14	17.997	1.2855	1.2855
tRNA-Ser-AGA-2-3|t_arm|part1	17	17	21.461	1.26241	1.26241
tRNA-Ser-AGA-2-3|acceptor_stem_3p|part1	8	8	10.264	1.283	1.283
tRNA-Ser-AGA-2-4|acceptor_stem_5p|part1	7	7	8.855	1.265	1.265
tRNA-Ser-AGA-2-4|d_arm|part1	19	19	29.546	1.55505	1.55505
tRNA-Ser-AGA-2-4|anticodon_arm|part1	17	17	30.738	1.80812	1.80812
tRNA-Ser-AGA-2-4|anticodon|part1	3	3	7	2.33333	2.33333
tRNA-Ser-AGA-2-4|variable_region|part1	14	14	20.555	1.46821	1.46821
tRNA-Ser-AGA-2-4|t_arm|part1	17	17	29.568	1.73929	1.73929
tRNA-Ser-AGA-2-4|acceptor_stem_3p|part1	8	8	11.824	1.478	1.478
tRNA-Asp-GTC-2-7|acceptor_stem_5p|part1	7	7	4.568	0.652571	0.652571
tRNA-Asp-GTC-2-7|d_arm|part1	19	19	20.308	1.06884	1.06884
tRNA-Asp-GTC-2-7|anticodon_arm|part1	17	17	14.085	0.828529	0.828529
tRNA-Asp-GTC-2-7|anticodon|part1	3	3	3.649	1.21633	1.21633
tRNA-Asp-GTC-2-7|variable_region|part1	4	4	3.878	0.9695	0.9695
tRNA-Asp-GTC-2-7|t_arm|part1	17	17	16.267	0.956882	0.956882
tRNA-Asp-GTC-2-7|acceptor_stem_3p|part1	8	8	7.34	0.9175	0.9175
tRNA-Ser-TGA-4-1|acceptor_stem_3p|part1	8	8	6.43	0.80375	0.80375
tRNA-Ser-TGA-4-1|t_arm|part1	17	17	14.986	0.881529	0.881529
tRNA-Ser-TGA-4-1|variable_region|part1	14	14	10.301	0.735786	0.735786
tRNA-Ser-TGA-4-1|anticodon_arm|part1	17	17	16.718	0.983412	0.983412
tRNA-Ser-TGA-4-1|anticodon|part1	3	3	3.768	1.256	1.256
tRNA-Ser-TGA-4-1|d_arm|part1	19	19	11.075	0.582895	0.582895
tRNA-Ser-TGA-4-1|acceptor_stem_5p|part1	7	7	6.058	0.865429	0.865429
tRNA-Gln-CTG-1-2|acceptor_stem_5p|part1	7	7	15.067	2.15243	2.15243
tRNA-Gln-CTG-1-2|d_arm|part1	19	19	41.655	2.19237	2.19237
tRNA-Gln-CTG-1-2|anticodon_arm|part1	17	17	36.683	2.15782	2.15782
tRNA-Gln-CTG-1-2|anticodon|part1	3	3	6.385	2.12833	2.12833
tRNA-Gln-CTG-1-2|variable_region|part1	4	4	8.682	2.1705	2.1705
tRNA-Gln-CTG-1-2|t_arm|part1	17	17	36.683	2.15782	2.15782
tRNA-Gln-CTG-1-2|acceptor_stem_3p|part1	8	8	15.599	1.94988	1.94988
tRNA-Ser-AGA-3-1|acceptor_stem_5p|part1	7	7	10.659	1.52271	1.52271
tRNA-Ser-AGA-3-1|d_arm|part1	19	19	31.663	1.66647	1.66647
tRNA-Ser-AGA-3-1|anticodon_arm|part1	17	17	32.161	1.89182	1.89182
tRNA-Ser-AGA-3-1|anticodon|part1	3	3	5.699	1.89967	1.89967
tRNA-Ser-AGA-3-1|variable_region|part1	14	14	23.222	1.65871	1.65871
tRNA-Ser-AGA-3-1|t_arm|part1	17	17	27.149	1.597	1.597
tRNA-Ser-AGA-3-1|acceptor_stem_3p|part1	8	8	11.921	1.49012	1.49012
tRNA-Ser-AGA-1-1|acceptor_stem_3p|part1	8	8	12.992	1.624	1.624
tRNA-Ser-AGA-1-1|t_arm|part1	17	17	28.597	1.68218	1.68218
tRNA-Ser-AGA-1-1|variable_region|part1	14	14	24.193	1.72807	1.72807
tRNA-Ser-AGA-1-1|anticodon_arm|part1	17	17	26.317	1.54806	1.54806
tRNA-Ser-AGA-1-1|anticodon|part1	3	3	4.89	1.63	1.63
tRNA-Ser-AGA-1-1|d_arm|part1	19	19	22.736	1.19663	1.19663
tRNA-Ser-AGA-1-1|acceptor_stem_5p|part1	7	7	7.373	1.05329	1.05329
tRNA-Ser-TGA-2-1|acceptor_stem_5p|part1	7	7	9.757	1.39386	1.39386
tRNA-Ser-TGA-2-1|d_arm|part1	19	19	28.658	1.50832	1.50832
tRNA-Ser-TGA-2-1|anticodon_arm|part1	17	17	23.994	1.41141	1.41141
tRNA-Ser-TGA-2-1|anticodon|part1	3	3	5.156	1.71867	1.71867
tRNA-Ser-TGA-2-1|variable_region|part1	14	14	8.51	0.607857	0.607857
tRNA-Ser-TGA-2-1|t_arm|part1	17	17	20.55	1.20882	1.20882
tRNA-Ser-TGA-2-1|acceptor_stem_3p|part1	8	8	6.749	0.843625	0.843625
tRNA-Gln-CTG-2-1|acceptor_stem_3p|part1	8	8	11.141	1.39262	1.39262
tRNA-Gln-CTG-2-1|t_arm|part1	17	17	23.377	1.37512	1.37512
tRNA-Gln-CTG-2-1|variable_region|part1	4	4	3.799	0.94975	0.94975
tRNA-Gln-CTG-2-1|anticodon_arm|part1	17	17	26.515	1.55971	1.55971
tRNA-Gln-CTG-2-1|anticodon|part1	3	3	6.357	2.119	2.119
tRNA-Gln-CTG-2-1|d_arm|part1	19	19	28.118	1.47989	1.47989
tRNA-Gln-CTG-2-1|acceptor_stem_5p|part1	7	7	10.115	1.445	1.445
tRNA-Ser-AGA-4-1|acceptor_stem_3p|part1	8	8	8.033	1.00413	1.00413
tRNA-Ser-AGA-4-1|t_arm|part1	17	17	29.192	1.71718	1.71718
tRNA-Ser-AGA-4-1|variable_region|part1	14	14	16.313	1.16521	1.16521
tRNA-Ser-AGA-4-1|anticodon_arm|part1	17	17	26.357	1.55041	1.55041
tRNA-Ser-AGA-4-1|anticodon|part1	3	3	4.657	1.55233	1.55233
tRNA-Ser-AGA-4-1|d_arm|part1	19	19	28.205	1.48447	1.48447
tRNA-Ser-AGA-4-1|acceptor_stem_5p|part1	7	7	1.541	0.220143	0.220143
tRNA-Arg-TCT-5-1|acceptor_stem_5p|part1	7	7	10.976	1.568	1.568
tRNA-Arg-TCT-5-1|d_arm|part1	19	19	27.705	1.45816	1.45816
tRNA-Arg-TCT-5-1|anticodon_arm|part1	11	11	20.31	1.84636	1.84636
tRNA-Arg-TCT-5-1|anticodon|part1	3	3	5.159	1.71967	1.71967
tRNA-Arg-TCT-5-1|intron|part1	14	14	-21.928	-1.56629	-1.56629
tRNA-Arg-TCT-5-1|anticodon_arm|part2	6	6	11.159	1.85983	1.85983
tRNA-Arg-TCT-5-1|variable_region|part1	5	5	9.718	1.9436	1.9436
tRNA-Arg-TCT-5-1|t_arm|part1	17	17	26.038	1.53165	1.53165
tRNA-Arg-TCT-5-1|acceptor_stem_3p|part1	8	8	10.787	1.34837	1.34837
tRNA-Asp-GTC-3-1|acceptor_stem_3p|part1	8	8	4.912	0.614	0.614
tRNA-Asp-GTC-3-1|t_arm|part1	17	17	11.249	0.661706	0.661706
tRNA-Asp-GTC-3-1|variable_region|part1	4	4	1.04	0.26	0.26
tRNA-Asp-GTC-3-1|anticodon_arm|part1	17	17	6.026	0.354471	0.354471
tRNA-Asp-GTC-3-1|anticodon|part1	3	3	-0.789	-0.263	-0.263
tRNA-Asp-GTC-3-1|d_arm|part1	19	19	11.928	0.627789	0.627789
tRNA-Asp-GTC-3-1|acceptor_stem_5p|part1	7	7	4.26	0.608571	0.608571
tRNA-Lys-TTT-4-1|acceptor_stem_3p|part1	8	8	5.998	0.74975	0.74975
tRNA-Lys-TTT-4-1|t_arm|part1	17	17	22.094	1.29965	1.29965
tRNA-Lys-TTT-4-1|variable_region|part1	5	5	1.712	0.3424	0.3424
tRNA-Lys-TTT-4-1|anticodon_arm|part1	17	17	14.897	0.876294	0.876294
tRNA-Lys-TTT-4-1|anticodon|part1	3	3	4.012	1.33733	1.33733
tRNA-Lys-TTT-4-1|d_arm|part1	19	19	18.567	0.977211	0.977211
tRNA-Lys-TTT-4-1|acceptor_stem_5p|part1	7	7	3.554	0.507714	0.507714
tRNA-iMet-CAT-1-6|acceptor_stem_3p|part1	8	8	14.439	1.80488	1.80488
tRNA-iMet-CAT-1-6|t_arm|part1	17	17	28.93	1.70176	1.70176
tRNA-iMet-CAT-1-6|variable_region|part1	4	4	6.883	1.72075	1.72075
tRNA-iMet-CAT-1-6|anticodon_arm|part1	17	17	29.421	1.73065	1.73065
tRNA-iMet-CAT-1-6|anticodon|part1	3	3	4.974	1.658	1.658
tRNA-iMet-CAT-1-6|d_arm|part1	19	19	30.03	1.58053	1.58053
tRNA-iMet-CAT-1-6|acceptor_stem_5p|part1	7	7	10.299	1.47129	1.47129
tRNA-Leu-CAA-3-1|acceptor_stem_3p|part1	8	8	2.692	0.3365	0.3365
tRNA-Leu-CAA-3-1|t_arm|part1	17	17	5.662	0.333059	0.333059
tRNA-Leu-CAA-3-1|variable_region|part1	16	16	2.413	0.150813	0.150813
tRNA-Leu-CAA-3-1|anticodon_arm|part2	5	5	1.711	0.3422	0.3422
tRNA-Leu-CAA-3-1|intron|part1	23	23	-5.401	-0.234826	-0.234826
tRNA-Leu-CAA-3-1|anticodon_arm|part1	12	12	3.954	0.3295	0.3295
tRNA-Leu-CAA-3-1|anticodon|part1	3	3	1.02	0.34	0.34
tRNA-Leu-CAA-3-1|d_arm|part1	19	19	6.212	0.326947	0.326947
tRNA-Leu-CAA-3-1|acceptor_stem_5p|part1	7	7	2.243	0.320429	0.320429
tRNA-Leu-CAA-2-1|acceptor_stem_3p|part1	8	8	7.705	0.963125	0.963125
tRNA-Leu-CAA-2-1|t_arm|part1	17	17	22.249	1.30876	1.30876
tRNA-Leu-CAA-2-1|variable_region|part1	16	16	13.374	0.835875	0.835875
tRNA-Leu-CAA-2-1|anticodon_arm|part2	5	5	8.709	1.7418	1.7418
tRNA-Leu-CAA-2-1|intron|part1	24	24	-24.022	-1.00092	-1.00092
tRNA-Leu-CAA-2-1|anticodon_arm|part1	12	12	16.755	1.39625	1.39625
tRNA-Leu-CAA-2-1|anticodon|part1	3	3	5.186	1.72867	1.72867
tRNA-Leu-CAA-2-1|d_arm|part1	19	19	23.088	1.21516	1.21516
tRNA-Leu-CAA-2-1|acceptor_stem_5p|part1	7	7	8.573	1.22471	1.22471
tRNA-Thr-CGT-5-1|acceptor_stem_5p|part1	7	7	2.848	0.406857	0.406857
tRNA-Thr-CGT-5-1|d_arm|part1	19	19	15.462	0.813789	0.813789
tRNA-Thr-CGT-5-1|anticodon_arm|part1	17	17	9.702	0.570706	0.570706
tRNA-Thr-CGT-5-1|anticodon|part1	3	3	-0.319	-0.106333	-0.106333
tRNA-Thr-CGT-5-1|variable_region|part1	6	6	4.004	0.667333	0.667333
tRNA-Thr-CGT-5-1|t_arm|part1	17	17	9.843	0.579	0.579
tRNA-Thr-CGT-5-1|acceptor_stem_3p|part1	8	8	1.562	0.19525	0.19525
tRNA-Ile-TAT-2-3|acceptor_stem_5p|part1	7	7	12.84	1.83429	1.83429
tRNA-Ile-TAT-2-3|d_arm|part1	19	19	40.089	2.10995	2.10995
tRNA-Ile-TAT-2-3|anticodon_arm|part1	12	12	25.151	2.09592	2.09592
tRNA-Ile-TAT-2-3|anticodon|part1	3	3	6.042	2.014	2.014
tRNA-Ile-TAT-2-3|intron|part1	20	20	34.508	1.7254	1.7254
tRNA-Ile-TAT-2-3|anticodon_arm|part2	5	5	10.279	2.0558	2.0558
tRNA-Ile-TAT-2-3|variable_region|part1	6	6	13.152	2.192	2.192
tRNA-Ile-TAT-2-3|t_arm|part1	17	17	35.599	2.09406	2.09406
tRNA-Ile-TAT-2-3|acceptor_stem_3p|part1	8	8	17.239	2.15487	2.15487
tRNA-Val-AAC-3-1|acceptor_stem_3p|part1	8	8	6.399	0.799875	0.799875
tRNA-Val-AAC-3-1|t_arm|part1	17	17	10.683	0.628412	0.628412
tRNA-Val-AAC-3-1|variable_region|part1	5	5	4.291	0.8582	0.8582
tRNA-Val-AAC-3-1|anticodon_arm|part1	17	17	13.027	0.766294	0.766294
tRNA-Val-AAC-3-1|anticodon|part1	3	3	1.806	0.602	0.602
tRNA-Val-AAC-3-1|d_arm|part1	19	19	14.767	0.777211	0.777211
tRNA-Val-AAC-3-1|acceptor_stem_5p|part1	7	7	5.711	0.815857	0.815857
tRNA-Phe-GAA-7-1|acceptor_stem_5p|part1	7	7	2.536	0.362286	0.362286
tRNA-Phe-GAA-7-1|d_arm|part1	19	19	19.063	1.00332	1.00332
tRNA-Phe-GAA-7-1|anticodon_arm|part1	11	11	9.756	0.886909	0.886909
tRNA-Phe-GAA-7-1|anticodon|part1	3	3	1.637	0.545667	0.545667
tRNA-Phe-GAA-7-1|intron|part1	3	3	1.937	0.645667	0.645667
tRNA-Phe-GAA-7-1|anticodon_arm|part2	6	6	3.708	0.618	0.618
tRNA-Phe-GAA-7-1|variable_region|part1	5	5	3.858	0.7716	0.7716
tRNA-Phe-GAA-7-1|t_arm|part1	17	17	9.878	0.581059	0.581059
tRNA-Phe-GAA-7-1|acceptor_stem_3p|part1	8	8	4.849	0.606125	0.606125
tRNA-Ile-AAT-8-1|acceptor_stem_5p|part1	7	7	6.938	0.991143	0.991143
tRNA-Ile-AAT-8-1|d_arm|part1	19	19	22.158	1.16621	1.16621
tRNA-Ile-AAT-8-1|anticodon_arm|part1	17	17	16.645	0.979118	0.979118
tRNA-Ile-AAT-8-1|anticodon|part1	3	3	1.326	0.442	0.442
tRNA-Ile-AAT-8-1|variable_region|part1	6	6	7.794	1.299	1.299
tRNA-Ile-AAT-8-1|t_arm|part1	17	17	20.867	1.22747	1.22747
tRNA-Ile-AAT-8-1|acceptor_stem_3p|part1	8	8	8.211	1.02637	1.02637
tRNA-Arg-ACG-2-4|acceptor_stem_3p|part1	8	8	12.647	1.58088	1.58088
tRNA-Arg-ACG-2-4|t_arm|part1	17	17	22.475	1.32206	1.32206
tRNA-Arg-ACG-2-4|variable_region|part1	5	5	4.261	0.8522	0.8522
tRNA-Arg-ACG-2-4|anticodon_arm|part1	17	17	24.108	1.41812	1.41812
tRNA-Arg-ACG-2-4|anticodon|part1	3	3	3.145	1.04833	1.04833
tRNA-Arg-ACG-2-4|d_arm|part1	19	19	23.125	1.21711	1.21711
tRNA-Arg-ACG-2-4|acceptor_stem_5p|part1	7	7	10.231	1.46157	1.46157
tRNA-Ser-CGA-3-1|acceptor_stem_3p|part1	8	8	7.175	0.896875	0.896875
tRNA-Ser-CGA-3-1|t_arm|part1	17	17	17.316	1.01859	1.01859
tRNA-Ser-CGA-3-1|variable_region|part1	14	14	3.21	0.229286	0.229286
tRNA-Ser-CGA-3-1|anticodon_arm|part1	17	17	13.408	0.788706	0.788706
tRNA-Ser-CGA-3-1|anticodon|part1	3	3	1.752	0.584	0.584
tRNA-Ser-CGA-3-1|d_arm|part1	19	19	22.255	1.17132	1.17132
tRNA-Ser-CGA-3-1|acceptor_stem_5p|part1	7	7	6.705	0.957857	0.957857
tRNA-Val-AAC-4-1|acceptor_stem_3p|part1	8	8	3.927	0.490875	0.490875
tRNA-Val-AAC-4-1|t_arm|part1	17	17	13.367	0.786294	0.786294
tRNA-Val-AAC-4-1|variable_region|part1	5	5	2.678	0.5356	0.5356
tRNA-Val-AAC-4-1|anticodon_arm|part1	17	17	14.412	0.847765	0.847765
tRNA-Val-AAC-4-1|anticodon|part1	3	3	3.295	1.09833	1.09833
tRNA-Val-AAC-4-1|d_arm|part1	19	19	21.787	1.14668	1.14668
tRNA-Val-AAC-4-1|acceptor_stem_5p|part1	7	7	7.128	1.01829	1.01829
tRNA-Thr-AGT-2-2|acceptor_stem_3p|part1	8	8	11.539	1.44238	1.44238
tRNA-Thr-AGT-2-2|t_arm|part1	17	17	19.728	1.16047	1.16047
tRNA-Thr-AGT-2-2|variable_region|part1	6	6	6.903	1.1505	1.1505
tRNA-Thr-AGT-2-2|anticodon_arm|part1	17	17	23.707	1.39453	1.39453
tRNA-Thr-AGT-2-2|anticodon|part1	3	3	3.061	1.02033	1.02033
tRNA-Thr-AGT-2-2|d_arm|part1	19	19	25.678	1.35147	1.35147
tRNA-Thr-AGT-2-2|acceptor_stem_5p|part1	7	7	10.311	1.473	1.473
tRNA-Ile-AAT-2-1|acceptor_stem_5p|part1	7	7	7.12	1.01714	1.01714
tRNA-Ile-AAT-2-1|d_arm|part1	19	19	24.444	1.28653	1.28653
tRNA-Ile-AAT-2-1|anticodon_arm|part1	17	17	12.65	0.744118	0.744118
tRNA-Ile-AAT-2-1|anticodon|part1	3	3	2.816	0.938667	0.938667
tRNA-Ile-AAT-2-1|variable_region|part1	6	6	2.276	0.379333	0.379333
tRNA-Ile-AAT-2-1|t_arm|part1	17	17	13.824	0.813176	0.813176
tRNA-Ile-AAT-2-1|acceptor_stem_3p|part1	8	8	7.113	0.889125	0.889125
tRNA-Leu-TAA-2-1|acceptor_stem_3p|part1	8	8	11.145	1.39313	1.39313
tRNA-Leu-TAA-2-1|t_arm|part1	17	17	23.654	1.39141	1.39141
tRNA-Leu-TAA-2-1|variable_region|part1	15	15	15.989	1.06593	1.06593
tRNA-Leu-TAA-2-1|anticodon_arm|part1	17	17	25.232	1.48424	1.48424
tRNA-Leu-TAA-2-1|anticodon|part1	3	3	4.318	1.43933	1.43933
tRNA-Leu-TAA-2-1|d_arm|part1	19	19	27.664	1.456	1.456
tRNA-Leu-TAA-2-1|acceptor_stem_5p|part1	7	7	9.171	1.31014	1.31014
tRNA-Thr-AGT-4-1|acceptor_stem_5p|part1	7	7	3.963	0.566143	0.566143
tRNA-Thr-AGT-4-1|d_arm|part1	19	19	22.194	1.16811	1.16811
tRNA-Thr-AGT-4-1|anticodon_arm|part1	17	17	23.681	1.393	1.393
tRNA-Thr-AGT-4-1|anticodon|part1	3	3	4.147	1.38233	1.38233
tRNA-Thr-AGT-4-1|variable_region|part1	6	6	6.347	1.05783	1.05783
tRNA-Thr-AGT-4-1|t_arm|part1	17	17	21.047	1.23806	1.23806
tRNA-Thr-AGT-4-1|acceptor_stem_3p|part1	8	8	4.28	0.535	0.535
tRNA-Val-AAC-1-5|acceptor_stem_3p|part1	8	8	6.129	0.766125	0.766125
tRNA-Val-AAC-1-5|t_arm|part1	17	17	11.637	0.684529	0.684529
tRNA-Val-AAC-1-5|variable_region|part1	5	5	3.668	0.7336	0.7336
tRNA-Val-AAC-1-5|anticodon_arm|part1	17	17	13.694	0.805529	0.805529
tRNA-Val-AAC-1-5|anticodon|part1	3	3	2.504	0.834667	0.834667
tRNA-Val-AAC-1-5|d_arm|part1	19	19	18.47	0.972105	0.972105
tRNA-Val-AAC-1-5|acceptor_stem_5p|part1	7	7	7.113	1.01614	1.01614
tRNA-iMet-CAT-2-1|acceptor_stem_5p|part1	7	7	9.849	1.407	1.407
tRNA-iMet-CAT-2-1|d_arm|part1	19	19	22.487	1.18353	1.18353
tRNA-iMet-CAT-2-1|anticodon_arm|part1	17	17	18.246	1.07329	1.07329
tRNA-iMet-CAT-2-1|anticodon|part1	3	3	4.417	1.47233	1.47233
tRNA-iMet-CAT-2-1|variable_region|part1	4	4	2.821	0.70525	0.70525
tRNA-iMet-CAT-2-1|t_arm|part1	17	17	20.651	1.21476	1.21476
tRNA-iMet-CAT-2-1|acceptor_stem_3p|part1	8	8	10.117	1.26463	1.26463
tRNA-Gln-CTG-6-1|acceptor_stem_3p|part1	8	8	6.696	0.837	0.837
tRNA-Gln-CTG-6-1|t_arm|part1	17	17	17.879	1.05171	1.05171
tRNA-Gln-CTG-6-1|variable_region|part1	4	4	3.47	0.8675	0.8675
tRNA-Gln-CTG-6-1|anticodon_arm|part1	17	17	21.953	1.29135	1.29135
tRNA-Gln-CTG-6-1|anticodon|part1	3	3	3.079	1.02633	1.02633
tRNA-Gln-CTG-6-1|d_arm|part1	19	19	27.041	1.42321	1.42321
tRNA-Gln-CTG-6-1|acceptor_stem_5p|part1	7	7	7.345	1.04929	1.04929
tRNA-Gln-TTG-3-3|acceptor_stem_3p|part1	8	8	17.092	2.1365	2.1365
tRNA-Gln-TTG-3-3|t_arm|part1	17	17	34.998	2.05871	2.05871
tRNA-Gln-TTG-3-3|variable_region|part1	4	4	8.557	2.13925	2.13925
tRNA-Gln-TTG-3-3|anticodon_arm|part1	17	17	36.491	2.14653	2.14653
tRNA-Gln-TTG-3-3|anticodon|part1	3	3	6.454	2.15133	2.15133
tRNA-Gln-TTG-3-3|d_arm|part1	19	19	38.849	2.04468	2.04468
tRNA-Gln-TTG-3-3|acceptor_stem_5p|part1	7	7	15.47	2.21	2.21
tRNA-iMet-CAT-1-7|acceptor_stem_3p|part1	8	8	19.416	2.427	2.427
tRNA-iMet-CAT-1-7|t_arm|part1	17	17	35.195	2.07029	2.07029
tRNA-iMet-CAT-1-7|variable_region|part1	4	4	8.088	2.022	2.022
tRNA-iMet-CAT-1-7|anticodon_arm|part1	17	17	39.506	2.32388	2.32388
tRNA-iMet-CAT-1-7|anticodon|part1	3	3	6.67	2.22333	2.22333
tRNA-iMet-CAT-1-7|d_arm|part1	19	19	40.768	2.14568	2.14568
tRNA-iMet-CAT-1-7|acceptor_stem_5p|part1	7	7	14.041	2.00586	2.00586
tRNA-Gly-GCC-2-3|acceptor_stem_3p|part1	8	8	15.814	1.97675	1.97675
tRNA-Gly-GCC-2-3|t_arm|part1	17	17	30.405	1.78853	1.78853
tRNA-Gly-GCC-2-3|variable_region|part1	3	3	4.908	1.636	1.636
tRNA-Gly-GCC-2-3|anticodon_arm|part1	17	17	32.863	1.93312	1.93312
tRNA-Gly-GCC-2-3|anticodon|part1	3	3	7.162	2.38733	2.38733
tRNA-Gly-GCC-2-3|d_arm|part1	19	19	32.523	1.71174	1.71174
tRNA-Gly-GCC-2-3|acceptor_stem_5p|part1	7	7	13.086	1.86943	1.86943
tRNA-Ser-GCT-5-1|acceptor_stem_5p|part1	7	7	13.894	1.98486	1.98486
tRNA-Ser-GCT-5-1|d_arm|part1	19	19	31.906	1.67926	1.67926
tRNA-Ser-GCT-5-1|anticodon_arm|part1	17	17	28.271	1.663	1.663
tRNA-Ser-GCT-5-1|anticodon|part1	3	3	4.817	1.60567	1.60567
tRNA-Ser-GCT-5-1|variable_region|part1	14	14	19.678	1.40557	1.40557
tRNA-Ser-GCT-5-1|t_arm|part1	17	17	26.261	1.54476	1.54476
tRNA-Ser-GCT-5-1|acceptor_stem_3p|part1	8	8	10.623	1.32788	1.32788
tRNA-Thr-TGT-1-1|acceptor_stem_3p|part1	8	8	9.626	1.20325	1.20325
tRNA-Thr-TGT-1-1|t_arm|part1	17	17	24.123	1.419	1.419
tRNA-Thr-TGT-1-1|variable_region|part1	6	6	9.89	1.64833	1.64833
tRNA-Thr-TGT-1-1|anticodon_arm|part1	17	17	29.251	1.72065	1.72065
tRNA-Thr-TGT-1-1|anticodon|part1	3	3	4.555	1.51833	1.51833
tRNA-Thr-TGT-1-1|d_arm|part1	19	19	29.559	1.55574	1.55574
tRNA-Thr-TGT-1-1|acceptor_stem_5p|part1	7	7	4.863	0.694714	0.694714
tRNA-Leu-AAG-4-1|acceptor_stem_3p|part1	8	8	5.525	0.690625	0.690625
tRNA-Leu-AAG-4-1|t_arm|part1	17	17	14.639	0.861118	0.861118
tRNA-Leu-AAG-4-1|variable_region|part1	14	14	9.849	0.7035	0.7035
tRNA-Leu-AAG-4-1|anticodon_arm|part1	17	17	14.803	0.870765	0.870765
tRNA-Leu-AAG-4-1|anticodon|part1	3	3	3.497	1.16567	1.16567
tRNA-Leu-AAG-4-1|d_arm|part1	19	19	16.439	0.865211	0.865211
tRNA-Leu-AAG-4-1|acceptor_stem_5p|part1	7	7	2.828	0.404	0.404
tRX-Met-NNN-1-1|acceptor_stem_5p|part1	7	7	5.396	0.770857	0.770857
tRX-Met-NNN-1-1|d_arm|part1	19	19	9.924	0.522316	0.522316
tRX-Met-NNN-1-1|anticodon_arm|part1	17	17	13.083	0.769588	0.769588
tRX-Met-NNN-1-1|anticodon|part1	3	3	0.333	0.111	0.111
tRX-Met-NNN-1-1|variable_region|part1	5	5	5.938	1.1876	1.1876
tRX-Met-NNN-1-1|t_arm|part1	17	17	13.228	0.778118	0.778118
tRX-Met-NNN-1-1|acceptor_stem_3p|part1	8	8	5.447	0.680875	0.680875
tRNA-Thr-CGT-1-1|acceptor_stem_3p|part1	8	8	11.785	1.47313	1.47313
tRNA-Thr-CGT-1-1|t_arm|part1	17	17	32.134	1.89024	1.89024
tRNA-Thr-CGT-1-1|variable_region|part1	6	6	11.38	1.89667	1.89667
tRNA-Thr-CGT-1-1|anticodon_arm|part1	17	17	33.529	1.97229	1.97229
tRNA-Thr-CGT-1-1|anticodon|part1	3	3	6.045	2.015	2.015
tRNA-Thr-CGT-1-1|d_arm|part1	19	19	30.934	1.62811	1.62811
tRNA-Thr-CGT-1-1|acceptor_stem_5p|part1	7	7	11.518	1.64543	1.64543
tRNA-Ile-TAT-3-1|acceptor_stem_5p|part1	7	7	9.976	1.42514	1.42514
tRNA-Ile-TAT-3-1|d_arm|part1	19	19	30.275	1.59342	1.59342
tRNA-Ile-TAT-3-1|anticodon_arm|part1	12	12	20.214	1.6845	1.6845
tRNA-Ile-TAT-3-1|anticodon|part1	3	3	5.526	1.842	1.842
tRNA-Ile-TAT-3-1|intron|part1	20	20	0.226	0.0113	0.0113
tRNA-Ile-TAT-3-1|anticodon_arm|part2	5	5	7.221	1.4442	1.4442
tRNA-Ile-TAT-3-1|variable_region|part1	6	6	12.015	2.0025	2.0025
tRNA-Ile-TAT-3-1|t_arm|part1	17	17	23.463	1.38018	1.38018
tRNA-Ile-TAT-3-1|acceptor_stem_3p|part1	8	8	12.267	1.53338	1.53338
tRNA-Arg-TCG-5-1|acceptor_stem_3p|part1	8	8	17.337	2.16712	2.16712
tRNA-Arg-TCG-5-1|t_arm|part1	17	17	35.006	2.05918	2.05918
tRNA-Arg-TCG-5-1|variable_region|part1	5	5	10.611	2.1222	2.1222
tRNA-Arg-TCG-5-1|anticodon_arm|part1	17	17	37.4	2.2	2.2
tRNA-Arg-TCG-5-1|anticodon|part1	3	3	6.772	2.25733	2.25733
tRNA-Arg-TCG-5-1|d_arm|part1	19	19	39.293	2.06805	2.06805
tRNA-Arg-TCG-5-1|acceptor_stem_5p|part1	7	7	11.769	1.68129	1.68129
tRNA-Gln-TTG-2-1|acceptor_stem_5p|part1	7	7	2.854	0.407714	0.407714
tRNA-Gln-TTG-2-1|d_arm|part1	19	19	15.724	0.827579	0.827579
tRNA-Gln-TTG-2-1|anticodon_arm|part1	17	17	13.639	0.802294	0.802294
tRNA-Gln-TTG-2-1|anticodon|part1	3	3	4.295	1.43167	1.43167
tRNA-Gln-TTG-2-1|variable_region|part1	4	4	0.661	0.16525	0.16525
tRNA-Gln-TTG-2-1|t_arm|part1	17	17	7.4	0.435294	0.435294
tRNA-Gln-TTG-2-1|acceptor_stem_3p|part1	8	8	6.399	0.799875	0.799875
tRNA-Ser-GCT-4-1|acceptor_stem_3p|part1	8	8	10.01	1.25125	1.25125
tRNA-Ser-GCT-4-1|t_arm|part1	17	17	25.204	1.48259	1.48259
tRNA-Ser-GCT-4-1|variable_region|part1	14	14	27.281	1.94864	1.94864
tRNA-Ser-GCT-4-1|anticodon_arm|part1	17	17	32.443	1.90841	1.90841
tRNA-Ser-GCT-4-1|anticodon|part1	3	3	6.511	2.17033	2.17033
tRNA-Ser-GCT-4-1|d_arm|part1	19	19	28.887	1.52037	1.52037
tRNA-Ser-GCT-4-1|acceptor_stem_5p|part1	7	7	12.699	1.81414	1.81414
tRNA-Ala-AGC-3-1|acceptor_stem_5p|part1	7	7	14.785	2.11214	2.11214
tRNA-Ala-AGC-3-1|d_arm|part1	19	19	34.491	1.81532	1.81532
tRNA-Ala-AGC-3-1|anticodon_arm|part1	17	17	25.638	1.50812	1.50812
tRNA-Ala-AGC-3-1|anticodon|part1	3	3	6.441	2.147	2.147
tRNA-Ala-AGC-3-1|variable_region|part1	4	4	6.243	1.56075	1.56075
tRNA-Ala-AGC-3-1|t_arm|part1	17	17	23.756	1.39741	1.39741
tRNA-Ala-AGC-3-1|acceptor_stem_3p|part1	8	8	11.03	1.37875	1.37875
tRNA-Ala-TGC-9-1|acceptor_stem_3p|part1	8	8	9.842	1.23025	1.23025
tRNA-Ala-TGC-9-1|t_arm|part1	17	17	14.143	0.831941	0.831941
tRNA-Ala-TGC-9-1|variable_region|part1	5	5	3.898	0.7796	0.7796
tRNA-Ala-TGC-9-1|anticodon_arm|part1	17	17	15.264	0.897882	0.897882
tRNA-Ala-TGC-9-1|anticodon|part1	3	3	5.387	1.79567	1.79567
tRNA-Ala-TGC-9-1|d_arm|part1	19	19	18.555	0.976579	0.976579
tRNA-Ala-TGC-9-1|acceptor_stem_5p|part1	7	7	5.299	0.757	0.757
tRNA-Ala-TGC-2-1|acceptor_stem_5p|part1	7	7	8.306	1.18657	1.18657
tRNA-Ala-TGC-2-1|d_arm|part1	19	19	22.495	1.18395	1.18395
tRNA-Ala-TGC-2-1|anticodon_arm|part1	17	17	16.63	0.978235	0.978235
tRNA-Ala-TGC-2-1|anticodon|part1	3	3	4.275	1.425	1.425
tRNA-Ala-TGC-2-1|variable_region|part1	4	4	2.769	0.69225	0.69225
tRNA-Ala-TGC-2-1|t_arm|part1	17	17	5.853	0.344294	0.344294
tRNA-Ala-TGC-2-1|acceptor_stem_3p|part1	8	8	8.974	1.12175	1.12175
tRNA-Thr-CGT-3-1|acceptor_stem_3p|part1	8	8	9.722	1.21525	1.21525
tRNA-Thr-CGT-3-1|t_arm|part1	17	17	25.377	1.49276	1.49276
tRNA-Thr-CGT-3-1|variable_region|part1	6	6	8.694	1.449	1.449
tRNA-Thr-CGT-3-1|anticodon_arm|part1	17	17	22.048	1.29694	1.29694
tRNA-Thr-CGT-3-1|anticodon|part1	3	3	3.199	1.06633	1.06633
tRNA-Thr-CGT-3-1|d_arm|part1	19	19	28.02	1.47474	1.47474
tRNA-Thr-CGT-3-1|acceptor_stem_5p|part1	7	7	9.225	1.31786	1.31786
tRNA-Ala-AGC-4-1|acceptor_stem_3p|part1	8	8	13.135	1.64188	1.64188
tRNA-Ala-AGC-4-1|t_arm|part1	17	17	28.827	1.69571	1.69571
tRNA-Ala-AGC-4-1|variable_region|part1	4	4	7.811	1.95275	1.95275
tRNA-Ala-AGC-4-1|anticodon_arm|part1	17	17	31.701	1.86476	1.86476
tRNA-Ala-AGC-4-1|anticodon|part1	3	3	5.538	1.846	1.846
tRNA-Ala-AGC-4-1|d_arm|part1	19	19	33.614	1.76916	1.76916
tRNA-Ala-AGC-4-1|acceptor_stem_5p|part1	7	7	10.473	1.49614	1.49614
tRNA-Ala-CGC-2-1|acceptor_stem_3p|part1	8	8	17.542	2.19275	2.19275
tRNA-Ala-CGC-2-1|t_arm|part1	17	17	33.253	1.95606	1.95606
tRNA-Ala-CGC-2-1|variable_region|part1	4	4	6.633	1.65825	1.65825
tRNA-Ala-CGC-2-1|anticodon_arm|part1	17	17	34.093	2.00547	2.00547
tRNA-Ala-CGC-2-1|anticodon|part1	3	3	6.102	2.034	2.034
tRNA-Ala-CGC-2-1|d_arm|part1	19	19	38.795	2.04184	2.04184
tRNA-Ala-CGC-2-1|acceptor_stem_5p|part1	7	7	13.43	1.91857	1.91857
tRNA-Lys-TTT-13-1|acceptor_stem_3p|part1	8	8	-2.51	-0.31375	-0.31375
tRNA-Lys-TTT-13-1|t_arm|part1	17	17	8.06	0.474118	0.474118
tRNA-Lys-TTT-13-1|variable_region|part1	6	6	5.276	0.879333	0.879333
tRNA-Lys-TTT-13-1|anticodon_arm|part1	17	17	12.195	0.717353	0.717353
tRNA-Lys-TTT-13-1|anticodon|part1	3	3	2.195	0.731667	0.731667
tRNA-Lys-TTT-13-1|d_arm|part1	19	19	5.215	0.274474	0.274474
tRNA-Lys-TTT-13-1|acceptor_stem_5p|part1	7	7	-2.464	-0.352	-0.352
tRNA-Ala-AGC-5-1|acceptor_stem_5p|part1	7	7	5.887	0.841	0.841
tRNA-Ala-AGC-5-1|d_arm|part1	19	19	16.54	0.870526	0.870526
tRNA-Ala-AGC-5-1|anticodon_arm|part1	17	17	12.417	0.730412	0.730412
tRNA-Ala-AGC-5-1|anticodon|part1	3	3	3.714	1.238	1.238
tRNA-Ala-AGC-5-1|variable_region|part1	4	4	3.047	0.76175	0.76175
tRNA-Ala-AGC-5-1|t_arm|part1	17	17	15.743	0.926059	0.926059
tRNA-Ala-AGC-5-1|acceptor_stem_3p|part1	8	8	7.276	0.9095	0.9095
tRNA-Ala-AGC-7-1|acceptor_stem_5p|part1	7	7	5.68	0.811429	0.811429
tRNA-Ala-AGC-7-1|d_arm|part1	19	19	15.105	0.795	0.795
tRNA-Ala-AGC-7-1|anticodon_arm|part1	17	17	13.263	0.780176	0.780176
tRNA-Ala-AGC-7-1|anticodon|part1	3	3	3.045	1.015	1.015
tRNA-Ala-AGC-7-1|variable_region|part1	4	4	3.989	0.99725	0.99725
tRNA-Ala-AGC-7-1|t_arm|part1	17	17	6.523	0.383706	0.383706
tRNA-Ala-AGC-7-1|acceptor_stem_3p|part1	8	8	4.388	0.5485	0.5485
tRNA-Thr-AGT-3-1|acceptor_stem_5p|part1	7	7	4.486	0.640857	0.640857
tRNA-Thr-AGT-3-1|d_arm|part1	19	19	23.244	1.22337	1.22337
tRNA-Thr-AGT-3-1|anticodon_arm|part1	17	17	19.852	1.16776	1.16776
tRNA-Thr-AGT-3-1|anticodon|part1	3	3	4.363	1.45433	1.45433
tRNA-Thr-AGT-3-1|variable_region|part1	6	6	4.613	0.768833	0.768833
tRNA-Thr-AGT-3-1|t_arm|part1	17	17	15.876	0.933882	0.933882
tRNA-Thr-AGT-3-1|acceptor_stem_3p|part1	8	8	7.3	0.9125	0.9125
tRNA-Phe-GAA-11-1|acceptor_stem_3p|part1	8	8	5.194	0.64925	0.64925
tRNA-Phe-GAA-11-1|t_arm|part1	17	17	10.065	0.592059	0.592059
tRNA-Phe-GAA-11-1|variable_region|part1	5	5	2.216	0.4432	0.4432
tRNA-Phe-GAA-11-1|anticodon_arm|part1	17	17	8.38	0.492941	0.492941
tRNA-Phe-GAA-11-1|anticodon|part1	3	3	1.623	0.541	0.541
tRNA-Phe-GAA-11-1|d_arm|part1	19	19	13.291	0.699526	0.699526
tRNA-Phe-GAA-11-1|acceptor_stem_5p|part1	7	7	2.015	0.287857	0.287857
tRNA-Ala-CGC-4-1|acceptor_stem_5p|part1	7	7	10.348	1.47829	1.47829
tRNA-Ala-CGC-4-1|d_arm|part1	19	19	20.456	1.07663	1.07663
tRNA-Ala-CGC-4-1|anticodon_arm|part1	17	17	15.069	0.886412	0.886412
tRNA-Ala-CGC-4-1|anticodon|part1	3	3	2.793	0.931	0.931
tRNA-Ala-CGC-4-1|variable_region|part1	4	4	2.117	0.52925	0.52925
tRNA-Ala-CGC-4-1|t_arm|part1	17	17	11.795	0.693824	0.693824
tRNA-Ala-CGC-4-1|acceptor_stem_3p|part1	8	8	6.088	0.761	0.761
tRNA-Arg-CCG-1-1|acceptor_stem_3p|part1	8	8	4.865	0.608125	0.608125
tRNA-Arg-CCG-1-1|t_arm|part1	17	17	15.501	0.911824	0.911824
tRNA-Arg-CCG-1-1|variable_region|part1	5	5	3.126	0.6252	0.6252
tRNA-Arg-CCG-1-1|anticodon_arm|part1	17	17	16.862	0.991882	0.991882
tRNA-Arg-CCG-1-1|anticodon|part1	3	3	0.096	0.032	0.032
tRNA-Arg-CCG-1-1|d_arm|part1	19	19	19.101	1.00532	1.00532
tRNA-Arg-CCG-1-1|acceptor_stem_5p|part1	7	7	0.865	0.123571	0.123571
tRNA-Lys-TTT-7-1|acceptor_stem_5p|part1	7	7	2.838	0.405429	0.405429
tRNA-Lys-TTT-7-1|d_arm|part1	19	19	10.958	0.576737	0.576737
tRNA-Lys-TTT-7-1|anticodon_arm|part1	17	17	13.83	0.813529	0.813529
tRNA-Lys-TTT-7-1|anticodon|part1	3	3	2.677	0.892333	0.892333
tRNA-Lys-TTT-7-1|variable_region|part1	5	5	3.86	0.772	0.772
tRNA-Lys-TTT-7-1|t_arm|part1	17	17	18.148	1.06753	1.06753
tRNA-Lys-TTT-7-1|acceptor_stem_3p|part1	8	8	6.342	0.79275	0.79275
tRNA-Ala-TGC-6-1|acceptor_stem_3p|part1	8	8	9.031	1.12887	1.12887
tRNA-Ala-TGC-6-1|t_arm|part1	17	17	15.255	0.897353	0.897353
tRNA-Ala-TGC-6-1|variable_region|part1	4	4	4.175	1.04375	1.04375
tRNA-Ala-TGC-6-1|anticodon_arm|part1	17	17	19.897	1.17041	1.17041
tRNA-Ala-TGC-6-1|anticodon|part1	3	3	3.625	1.20833	1.20833
tRNA-Ala-TGC-6-1|d_arm|part1	19	19	20.549	1.08153	1.08153
tRNA-Ala-TGC-6-1|acceptor_stem_5p|part1	7	7	6.777	0.968143	0.968143
tRNA-Phe-GAA-6-1|acceptor_stem_3p|part1	8	8	3.712	0.464	0.464
tRNA-Phe-GAA-6-1|t_arm|part1	17	17	14.44	0.849412	0.849412
tRNA-Phe-GAA-6-1|variable_region|part1	6	6	5.529	0.9215	0.9215
tRNA-Phe-GAA-6-1|anticodon_arm|part1	17	17	17.424	1.02494	1.02494
tRNA-Phe-GAA-6-1|anticodon|part1	3	3	3.519	1.173	1.173
tRNA-Phe-GAA-6-1|d_arm|part1	19	19	16.8	0.884211	0.884211
tRNA-Phe-GAA-6-1|acceptor_stem_5p|part1	7	7	7.284	1.04057	1.04057
tRNA-Ala-AGC-23-1|acceptor_stem_3p|part1	8	8	3.545	0.443125	0.443125
tRNA-Ala-AGC-23-1|t_arm|part1	17	17	6.258	0.368118	0.368118
tRNA-Ala-AGC-23-1|variable_region|part1	4	4	-0.214	-0.0535	-0.0535
tRNA-Ala-AGC-23-1|anticodon_arm|part1	17	17	1.424	0.0837647	0.0837647
tRNA-Ala-AGC-23-1|anticodon|part1	3	3	1.578	0.526	0.526
tRNA-Ala-AGC-23-1|d_arm|part1	19	19	5.908	0.310947	0.310947
tRNA-Ala-AGC-23-1|acceptor_stem_5p|part1	7	7	3.413	0.487571	0.487571
tRNA-Ala-TGC-1-1|acceptor_stem_3p|part1	8	8	5.052	0.6315	0.6315
tRNA-Ala-TGC-1-1|t_arm|part1	17	17	10.874	0.639647	0.639647
tRNA-Ala-TGC-1-1|variable_region|part1	4	4	2.333	0.58325	0.58325
tRNA-Ala-TGC-1-1|anticodon_arm|part1	17	17	12.445	0.732059	0.732059
tRNA-Ala-TGC-1-1|anticodon|part1	3	3	1.292	0.430667	0.430667
tRNA-Ala-TGC-1-1|d_arm|part1	19	19	16.685	0.878158	0.878158
tRNA-Ala-TGC-1-1|acceptor_stem_5p|part1	7	7	3.784	0.540571	0.540571
tRNA-Phe-GAA-1-1|acceptor_stem_3p|part1	8	8	7.816	0.977	0.977
tRNA-Phe-GAA-1-1|t_arm|part1	17	17	15.964	0.939059	0.939059
tRNA-Phe-GAA-1-1|variable_region|part1	5	5	3.928	0.7856	0.7856
tRNA-Phe-GAA-1-1|anticodon_arm|part1	17	17	16.926	0.995647	0.995647
tRNA-Phe-GAA-1-1|anticodon|part1	3	3	3.551	1.18367	1.18367
tRNA-Phe-GAA-1-1|d_arm|part1	19	19	21.832	1.14905	1.14905
tRNA-Phe-GAA-1-1|acceptor_stem_5p|part1	7	7	5.855	0.836429	0.836429
tRNA-Ala-AGC-1-1|acceptor_stem_3p|part1	8	8	3.552	0.444	0.444
tRNA-Ala-AGC-1-1|t_arm|part1	17	17	3.889	0.228765	0.228765
tRNA-Ala-AGC-1-1|variable_region|part1	4	4	-1.044	-0.261	-0.261
tRNA-Ala-AGC-1-1|anticodon_arm|part1	17	17	9.451	0.555941	0.555941
tRNA-Ala-AGC-1-1|anticodon|part1	3	3	2.829	0.943	0.943
tRNA-Ala-AGC-1-1|d_arm|part1	19	19	7.438	0.391474	0.391474
tRNA-Ala-AGC-1-1|acceptor_stem_5p|part1	7	7	2.373	0.339	0.339
tRNA-Ala-TGC-7-1|acceptor_stem_3p|part1	8	8	9.04	1.13	1.13
tRNA-Ala-TGC-7-1|t_arm|part1	17	17	11.726	0.689765	0.689765
tRNA-Ala-TGC-7-1|variable_region|part1	3	3	2.783	0.927667	0.927667
tRNA-Ala-TGC-7-1|anticodon_arm|part1	17	17	16.029	0.942882	0.942882
tRNA-Ala-TGC-7-1|anticodon|part1	3	3	2.224	0.741333	0.741333
tRNA-Ala-TGC-7-1|d_arm|part1	19	19	21.704	1.14232	1.14232
tRNA-Ala-TGC-7-1|acceptor_stem_5p|part1	7	7	4.627	0.661	0.661
tRNA-Phe-GAA-3-1|acceptor_stem_3p|part1	8	8	6.02	0.7525	0.7525
tRNA-Phe-GAA-3-1|t_arm|part1	17	17	15.115	0.889118	0.889118
tRNA-Phe-GAA-3-1|variable_region|part1	5	5	5.976	1.1952	1.1952
tRNA-Phe-GAA-3-1|anticodon_arm|part1	17	17	17.599	1.03524	1.03524
tRNA-Phe-GAA-3-1|anticodon|part1	3	3	0.899	0.299667	0.299667
tRNA-Phe-GAA-3-1|d_arm|part1	19	19	20.965	1.10342	1.10342
tRNA-Phe-GAA-3-1|acceptor_stem_5p|part1	7	7	5.896	0.842286	0.842286
tRNA-Ala-AGC-6-1|acceptor_stem_3p|part1	8	8	4.551	0.568875	0.568875
tRNA-Ala-AGC-6-1|t_arm|part1	17	17	7.548	0.444	0.444
tRNA-Ala-AGC-6-1|variable_region|part1	4	4	0.906	0.2265	0.2265
tRNA-Ala-AGC-6-1|anticodon_arm|part1	17	17	8.745	0.514412	0.514412
tRNA-Ala-AGC-6-1|anticodon|part1	3	3	3.616	1.20533	1.20533
tRNA-Ala-AGC-6-1|d_arm|part1	19	19	10.75	0.565789	0.565789
tRNA-Ala-AGC-6-1|acceptor_stem_5p|part1	7	7	-0.632	-0.0902857	-0.0902857
tRNA-Ala-TGC-5-1|acceptor_stem_3p|part1	8	8	7.306	0.91325	0.91325
tRNA-Ala-TGC-5-1|t_arm|part1	17	17	16.683	0.981353	0.981353
tRNA-Ala-TGC-5-1|variable_region|part1	4	4	5.016	1.254	1.254
tRNA-Ala-TGC-5-1|anticodon_arm|part1	17	17	22.604	1.32965	1.32965
tRNA-Ala-TGC-5-1|anticodon|part1	3	3	3.766	1.25533	1.25533
tRNA-Ala-TGC-5-1|d_arm|part1	19	19	26.179	1.37784	1.37784
tRNA-Ala-TGC-5-1|acceptor_stem_5p|part1	7	7	9.503	1.35757	1.35757
tRNA-Phe-GAA-4-1|acceptor_stem_3p|part1	8	8	4.383	0.547875	0.547875
tRNA-Phe-GAA-4-1|t_arm|part1	17	17	11.953	0.703118	0.703118
tRNA-Phe-GAA-4-1|variable_region|part1	6	6	2.935	0.489167	0.489167
tRNA-Phe-GAA-4-1|anticodon_arm|part1	17	17	6.384	0.375529	0.375529
tRNA-Phe-GAA-4-1|anticodon|part1	3	3	2.265	0.755	0.755
tRNA-Phe-GAA-4-1|d_arm|part1	19	19	14.943	0.786474	0.786474
tRNA-Phe-GAA-4-1|acceptor_stem_5p|part1	7	7	3.739	0.534143	0.534143
tRNA-Ala-AGC-2-1|acceptor_stem_3p|part1	8	8	13.162	1.64525	1.64525
tRNA-Ala-AGC-2-1|t_arm|part1	17	17	25.845	1.52029	1.52029
tRNA-Ala-AGC-2-1|variable_region|part1	4	4	6.772	1.693	1.693
tRNA-Ala-AGC-2-1|anticodon_arm|part1	17	17	27.902	1.64129	1.64129
tRNA-Ala-AGC-2-1|anticodon|part1	3	3	4.91	1.63667	1.63667
tRNA-Ala-AGC-2-1|d_arm|part1	19	19	30.031	1.58058	1.58058
tRNA-Ala-AGC-2-1|acceptor_stem_5p|part1	7	7	10.707	1.52957	1.52957
tRNA-Ala-AGC-2-2|acceptor_stem_3p|part1	8	8	16.341	2.04263	2.04263
tRNA-Ala-AGC-2-2|t_arm|part1	17	17	33.368	1.96282	1.96282
tRNA-Ala-AGC-2-2|variable_region|part1	4	4	7.784	1.946	1.946
tRNA-Ala-AGC-2-2|anticodon_arm|part1	17	17	32.459	1.90935	1.90935
tRNA-Ala-AGC-2-2|anticodon|part1	3	3	5.654	1.88467	1.88467
tRNA-Ala-AGC-2-2|d_arm|part1	19	19	35.947	1.89195	1.89195
tRNA-Ala-AGC-2-2|acceptor_stem_5p|part1	7	7	12.431	1.77586	1.77586
tRNA-Arg-CCG-1-2|acceptor_stem_5p|part1	7	7	6.847	0.978143	0.978143
tRNA-Arg-CCG-1-2|d_arm|part1	19	19	24.192	1.27326	1.27326
tRNA-Arg-CCG-1-2|anticodon_arm|part1	17	17	17.515	1.03029	1.03029
tRNA-Arg-CCG-1-2|anticodon|part1	3	3	2.198	0.732667	0.732667
tRNA-Arg-CCG-1-2|variable_region|part1	5	5	8.223	1.6446	1.6446
tRNA-Arg-CCG-1-2|t_arm|part1	17	17	22.675	1.33382	1.33382
tRNA-Arg-CCG-1-2|acceptor_stem_3p|part1	8	8	6.8	0.85	0.85
tRNA-Leu-CAA-1-1|acceptor_stem_3p|part1	8	8	15.555	1.94437	1.94437
tRNA-Leu-CAA-1-1|t_arm|part1	17	17	35.861	2.10947	2.10947
tRNA-Leu-CAA-1-1|variable_region|part1	15	15	22.376	1.49173	1.49173
tRNA-Leu-CAA-1-1|anticodon_arm|part2	5	5	9.752	1.9504	1.9504
tRNA-Leu-CAA-1-1|intron|part1	23	23	3.47	0.15087	0.15087
tRNA-Leu-CAA-1-1|anticodon_arm|part1	12	12	21.853	1.82108	1.82108
tRNA-Leu-CAA-1-1|anticodon|part1	3	3	4.692	1.564	1.564
tRNA-Leu-CAA-1-1|d_arm|part1	19	19	34.771	1.83005	1.83005
tRNA-Leu-CAA-1-1|acceptor_stem_5p|part1	7	7	13.291	1.89871	1.89871
tRNA-Leu-CAA-1-2|acceptor_stem_5p|part1	7	7	11.909	1.70129	1.70129
tRNA-Leu-CAA-1-2|d_arm|part1	19	19	36.229	1.90679	1.90679
tRNA-Leu-CAA-1-2|anticodon_arm|part1	12	12	20.966	1.74717	1.74717
tRNA-Leu-CAA-1-2|anticodon|part1	3	3	4.935	1.645	1.645
tRNA-Leu-CAA-1-2|intron|part1	22	22	-10.001	-0.454591	-0.454591
tRNA-Leu-CAA-1-2|anticodon_arm|part2	5	5	7.765	1.553	1.553
tRNA-Leu-CAA-1-2|variable_region|part1	15	15	19.113	1.2742	1.2742
tRNA-Leu-CAA-1-2|t_arm|part1	17	17	28.653	1.68547	1.68547
tRNA-Leu-CAA-1-2|acceptor_stem_3p|part1	8	8	12.481	1.56013	1.56013
tRNA-Gln-CTG-1-3|acceptor_stem_3p|part1	8	8	16.572	2.0715	2.0715
tRNA-Gln-CTG-1-3|t_arm|part1	17	17	35.484	2.08729	2.08729
tRNA-Gln-CTG-1-3|variable_region|part1	4	4	8.286	2.0715	2.0715
tRNA-Gln-CTG-1-3|anticodon_arm|part1	17	17	35.484	2.08729	2.08729
tRNA-Gln-CTG-1-3|anticodon|part1	3	3	6.398	2.13267	2.13267
tRNA-Gln-CTG-1-3|d_arm|part1	19	19	37.547	1.97616	1.97616
tRNA-Gln-CTG-1-3|acceptor_stem_5p|part1	7	7	14.684	2.09771	2.09771
tRNA-Leu-AAG-2-2|acceptor_stem_3p|part1	8	8	15.118	1.88975	1.88975
tRNA-Leu-AAG-2-2|t_arm|part1	17	17	30.291	1.78182	1.78182
tRNA-Leu-AAG-2-2|variable_region|part1	14	14	10.719	0.765643	0.765643
tRNA-Leu-AAG-2-2|anticodon_arm|part1	17	17	17.344	1.02024	1.02024
tRNA-Leu-AAG-2-2|anticodon|part1	3	3	4.449	1.483	1.483
tRNA-Leu-AAG-2-2|d_arm|part1	19	19	28.41	1.49526	1.49526
tRNA-Leu-AAG-2-2|acceptor_stem_5p|part1	7	7	7.975	1.13929	1.13929
tRNA-Met-CAT-3-1|acceptor_stem_5p|part1	7	7	11.888	1.69829	1.69829
tRNA-Met-CAT-3-1|d_arm|part1	19	19	42.319	2.22732	2.22732
tRNA-Met-CAT-3-1|anticodon_arm|part1	17	17	35.887	2.111	2.111
tRNA-Met-CAT-3-1|anticodon|part1	3	3	6.197	2.06567	2.06567
tRNA-Met-CAT-3-1|variable_region|part1	5	5	11.077	2.2154	2.2154
tRNA-Met-CAT-3-1|t_arm|part1	17	17	33.503	1.97076	1.97076
tRNA-Met-CAT-3-1|acceptor_stem_3p|part1	8	8	17.477	2.18463	2.18463
tRNA-Lys-TTT-3-3|acceptor_stem_5p|part1	7	7	1.49	0.212857	0.212857
tRNA-Lys-TTT-3-3|d_arm|part1	19	19	13.206	0.695053	0.695053
tRNA-Lys-TTT-3-3|anticodon_arm|part1	17	17	16.661	0.980059	0.980059
tRNA-Lys-TTT-3-3|anticodon|part1	3	3	2.667	0.889	0.889
tRNA-Lys-TTT-3-3|variable_region|part1	5	5	6.093	1.2186	1.2186
tRNA-Lys-TTT-3-3|t_arm|part1	17	17	15.543	0.914294	0.914294
tRNA-Lys-TTT-3-3|acceptor_stem_3p|part1	8	8	3.578	0.44725	0.44725
tRNA-Met-CAT-3-2|acceptor_stem_3p|part1	8	8	14.722	1.84025	1.84025
tRNA-Met-CAT-3-2|t_arm|part1	17	17	31.697	1.86453	1.86453
tRNA-Met-CAT-3-2|variable_region|part1	5	5	9.675	1.935	1.935
tRNA-Met-CAT-3-2|anticodon_arm|part1	17	17	34.003	2.00018	2.00018
tRNA-Met-CAT-3-2|anticodon|part1	3	3	6.117	2.039	2.039
tRNA-Met-CAT-3-2|d_arm|part1	19	19	36.751	1.93426	1.93426
tRNA-Met-CAT-3-2|acceptor_stem_5p|part1	7	7	14.873	2.12471	2.12471
tRNA-Phe-GAA-1-2|acceptor_stem_3p|part1	8	8	11.114	1.38925	1.38925
tRNA-Phe-GAA-1-2|t_arm|part1	17	17	22.851	1.34418	1.34418
tRNA-Phe-GAA-1-2|variable_region|part1	5	5	5.543	1.1086	1.1086
tRNA-Phe-GAA-1-2|anticodon_arm|part1	17	17	18.81	1.10647	1.10647
tRNA-Phe-GAA-1-2|anticodon|part1	3	3	3.766	1.25533	1.25533
tRNA-Phe-GAA-1-2|d_arm|part1	19	19	23.611	1.24268	1.24268
tRNA-Phe-GAA-1-2|acceptor_stem_5p|part1	7	7	6.685	0.955	0.955
tRNA-Glu-CTC-1-6|acceptor_stem_5p|part1	7	7	11.716	1.67371	1.67371
tRNA-Glu-CTC-1-6|d_arm|part1	19	19	35.592	1.87326	1.87326
tRNA-Glu-CTC-1-6|anticodon_arm|part1	17	17	27.997	1.64688	1.64688
tRNA-Glu-CTC-1-6|anticodon|part1	3	3	5.313	1.771	1.771
tRNA-Glu-CTC-1-6|variable_region|part1	4	4	7.948	1.987	1.987
tRNA-Glu-CTC-1-6|t_arm|part1	17	17	28.652	1.68541	1.68541
tRNA-Glu-CTC-1-6|acceptor_stem_3p|part1	8	8	13.784	1.723	1.723
tRNA-Leu-AAG-3-1|acceptor_stem_5p|part1	7	7	10	1.42857	1.42857
tRNA-Leu-AAG-3-1|d_arm|part1	19	19	28.959	1.52416	1.52416
tRNA-Leu-AAG-3-1|anticodon_arm|part1	17	17	21.092	1.24071	1.24071
tRNA-Leu-AAG-3-1|anticodon|part1	3	3	1.532	0.510667	0.510667
tRNA-Leu-AAG-3-1|variable_region|part1	14	14	19.389	1.38493	1.38493
tRNA-Leu-AAG-3-1|t_arm|part1	17	17	21.994	1.29376	1.29376
tRNA-Leu-AAG-3-1|acceptor_stem_3p|part1	8	8	7.541	0.942625	0.942625
tRNA-Gln-TTG-10-1|acceptor_stem_5p|part1	7	7	-2.534	-0.362	-0.362
tRNA-Gln-TTG-10-1|d_arm|part1	19	19	-0.601	-0.0316316	-0.0316316
tRNA-Gln-TTG-10-1|anticodon_arm|part1	17	17	-8.451	-0.497118	-0.497118
tRNA-Gln-TTG-10-1|anticodon|part1	3	3	2.018	0.672667	0.672667
tRNA-Gln-TTG-10-1|variable_region|part1	5	5	1.934	0.3868	0.3868
tRNA-Gln-TTG-10-1|t_arm|part1	17	17	-1.922	-0.113059	-0.113059
tRNA-Gln-TTG-10-1|acceptor_stem_3p|part1	8	8	3.247	0.405875	0.405875
tRNA-Ile-AAT-12-1|acceptor_stem_5p|part1	7	0	0	0	0
tRNA-Ile-AAT-12-1|d_arm|part1	19	0	0	0	0
tRNA-Ile-AAT-12-1|anticodon_arm|part1	17	0	0	0	0
tRNA-Ile-AAT-12-1|anticodon|part1	3	0	0	0	0
tRNA-Ile-AAT-12-1|variable_region|part1	6	0	0	0	0
tRNA-Ile-AAT-12-1|t_arm|part1	17	0	0	0	0
tRNA-Ile-AAT-12-1|acceptor_stem_3p|part1	8	0	0	0	0
tRX-Met-NNN-2-1|acceptor_stem_5p|part1	7	7	2.632	0.376	0.376
tRX-Met-NNN-2-1|d_arm|part1	19	19	17.507	0.921421	0.921421
tRX-Met-NNN-2-1|anticodon_arm|part1	17	17	15.641	0.920059	0.920059
tRX-Met-NNN-2-1|anticodon|part1	3	3	2.707	0.902333	0.902333
tRX-Met-NNN-2-1|variable_region|part1	6	6	5.66	0.943333	0.943333
tRX-Met-NNN-2-1|t_arm|part1	17	17	14.253	0.838412	0.838412
tRX-Met-NNN-2-1|acceptor_stem_3p|part1	8	8	5.309	0.663625	0.663625
tRNA-Ala-AGC-24-1|acceptor_stem_3p|part1	8	8	5.803	0.725375	0.725375
tRNA-Ala-AGC-24-1|t_arm|part1	17	17	2.574	0.151412	0.151412
tRNA-Ala-AGC-24-1|variable_region|part1	5	5	-0.123	-0.0246	-0.0246
tRNA-Ala-AGC-24-1|anticodon_arm|part1	17	17	8.309	0.488765	0.488765
tRNA-Ala-AGC-24-1|anticodon|part1	3	3	2.688	0.896	0.896
tRNA-Ala-AGC-24-1|d_arm|part1	19	19	8.418	0.443053	0.443053
tRNA-Ala-AGC-24-1|acceptor_stem_5p|part1	7	7	5.945	0.849286	0.849286
tRNA-Ile-AAT-1-1|acceptor_stem_5p|part1	7	7	4.837	0.691	0.691
tRNA-Ile-AAT-1-1|d_arm|part1	19	19	13.975	0.735526	0.735526
tRNA-Ile-AAT-1-1|anticodon_arm|part1	17	17	14.184	0.834353	0.834353
tRNA-Ile-AAT-1-1|anticodon|part1	3	3	2.801	0.933667	0.933667
tRNA-Ile-AAT-1-1|variable_region|part1	6	6	5.712	0.952	0.952
tRNA-Ile-AAT-1-1|t_arm|part1	17	17	10.552	0.620706	0.620706
tRNA-Ile-AAT-1-1|acceptor_stem_3p|part1	8	8	5.016	0.627	0.627
tRNA-Ala-AGC-13-2|acceptor_stem_3p|part1	8	8	5.568	0.696	0.696
tRNA-Ala-AGC-13-2|t_arm|part1	17	17	10.906	0.641529	0.641529
tRNA-Ala-AGC-13-2|variable_region|part1	5	5	2.747	0.5494	0.5494
tRNA-Ala-AGC-13-2|anticodon_arm|part1	17	17	13.697	0.805706	0.805706
tRNA-Ala-AGC-13-2|anticodon|part1	3	3	3.076	1.02533	1.02533
tRNA-Ala-AGC-13-2|d_arm|part1	19	19	14.138	0.744105	0.744105
tRNA-Ala-AGC-13-2|acceptor_stem_5p|part1	7	7	5.597	0.799571	0.799571
tRNA-Met-CAT-7-1|acceptor_stem_3p|part1	8	8	3.018	0.37725	0.37725
tRNA-Met-CAT-7-1|t_arm|part1	17	17	2.786	0.163882	0.163882
tRNA-Met-CAT-7-1|variable_region|part1	5	5	3.689	0.7378	0.7378
tRNA-Met-CAT-7-1|anticodon_arm|part1	17	17	12.013	0.706647	0.706647
tRNA-Met-CAT-7-1|anticodon|part1	3	3	2.558	0.852667	0.852667
tRNA-Met-CAT-7-1|d_arm|part1	19	19	-4.215	-0.221842	-0.221842
tRNA-Met-CAT-7-1|acceptor_stem_5p|part1	7	7	4.254	0.607714	0.607714
tRNA-Ala-AGC-12-3|acceptor_stem_3p|part1	8	8	3.49	0.43625	0.43625
tRNA-Ala-AGC-12-3|t_arm|part1	17	17	7.216	0.424471	0.424471
tRNA-Ala-AGC-12-3|variable_region|part1	5	5	2.461	0.4922	0.4922
tRNA-Ala-AGC-12-3|anticodon_arm|part1	17	17	5.619	0.330529	0.330529
tRNA-Ala-AGC-12-3|anticodon|part1	3	3	1.532	0.510667	0.510667
tRNA-Ala-AGC-12-3|d_arm|part1	19	19	6.949	0.365737	0.365737
tRNA-Ala-AGC-12-3|acceptor_stem_5p|part1	7	7	3.415	0.487857	0.487857
tRNA-Ala-AGC-16-1|acceptor_stem_3p|part1	8	8	3.969	0.496125	0.496125
tRNA-Ala-AGC-16-1|t_arm|part1	17	17	5.339	0.314059	0.314059
tRNA-Ala-AGC-16-1|variable_region|part1	5	5	1.423	0.2846	0.2846
tRNA-Ala-AGC-16-1|anticodon_arm|part1	17	17	6.498	0.382235	0.382235
tRNA-Ala-AGC-16-1|anticodon|part1	3	3	1.411	0.470333	0.470333
tRNA-Ala-AGC-16-1|d_arm|part1	19	19	7.21	0.379474	0.379474
tRNA-Ala-AGC-16-1|acceptor_stem_5p|part1	7	7	1.312	0.187429	0.187429
tRNA-Leu-TAA-5-1|acceptor_stem_5p|part1	7	7	-8.455	-1.20786	-1.20786
tRNA-Leu-TAA-5-1|d_arm|part1	19	19	0.219	0.0115263	0.0115263
tRNA-Leu-TAA-5-1|anticodon_arm|part1	17	17	-6.183	-0.363706	-0.363706
tRNA-Leu-TAA-5-1|anticodon|part1	3	3	-0.134	-0.0446667	-0.0446667
tRNA-Leu-TAA-5-1|variable_region|part1	15	15	-10.349	-0.689933	-0.689933
tRNA-Leu-TAA-5-1|t_arm|part1	17	17	-3.76	-0.221176	-0.221176
tRNA-Leu-TAA-5-1|acceptor_stem_3p|part1	8	8	-1.124	-0.1405	-0.1405
tRNA-Phe-GAA-8-1|acceptor_stem_3p|part1	8	8	0.333	0.041625	0.041625
tRNA-Phe-GAA-8-1|t_arm|part1	17	17	-1.999	-0.117588	-0.117588
tRNA-Phe-GAA-8-1|variable_region|part1	5	5	-4.712	-0.9424	-0.9424
tRNA-Phe-GAA-8-1|anticodon_arm|part1	17	17	-9.171	-0.539471	-0.539471
tRNA-Phe-GAA-8-1|anticodon|part1	3	3	-4.248	-1.416	-1.416
tRNA-Phe-GAA-8-1|d_arm|part1	19	19	-10.342	-0.544316	-0.544316
tRNA-Phe-GAA-8-1|acceptor_stem_5p|part1	7	7	-4.479	-0.639857	-0.639857
tRNA-Glu-CTC-1-7|acceptor_stem_3p|part1	8	8	16.675	2.08438	2.08438
tRNA-Glu-CTC-1-7|t_arm|part1	17	17	49.669	2.92171	2.92171
tRNA-Glu-CTC-1-7|variable_region|part1	4	4	12.906	3.2265	3.2265
tRNA-Glu-CTC-1-7|anticodon_arm|part1	17	17	48.447	2.84982	2.84982
tRNA-Glu-CTC-1-7|anticodon|part1	3	3	7.936	2.64533	2.64533
tRNA-Glu-CTC-1-7|d_arm|part1	19	19	52.649	2.771	2.771
tRNA-Glu-CTC-1-7|acceptor_stem_5p|part1	7	7	22.87	3.26714	3.26714
tRNA-Leu-TAA-1-1|acceptor_stem_5p|part1	7	7	18.886	2.698	2.698
tRNA-Leu-TAA-1-1|d_arm|part1	19	19	54.932	2.89116	2.89116
tRNA-Leu-TAA-1-1|anticodon_arm|part1	17	17	47.365	2.78618	2.78618
tRNA-Leu-TAA-1-1|anticodon|part1	3	3	8.439	2.813	2.813
tRNA-Leu-TAA-1-1|variable_region|part1	15	15	33.231	2.2154	2.2154
tRNA-Leu-TAA-1-1|t_arm|part1	17	17	47.267	2.78041	2.78041
tRNA-Leu-TAA-1-1|acceptor_stem_3p|part1	8	8	21.871	2.73388	2.73388
tRNA-Gln-TTG-4-1|acceptor_stem_5p|part1	7	7	1.344	0.192	0.192
tRNA-Gln-TTG-4-1|d_arm|part1	19	19	1.149	0.0604737	0.0604737
tRNA-Gln-TTG-4-1|anticodon_arm|part1	17	17	0.717	0.0421765	0.0421765
tRNA-Gln-TTG-4-1|anticodon|part1	3	3	0.574	0.191333	0.191333
tRNA-Gln-TTG-4-1|variable_region|part1	4	4	0.764	0.191	0.191
tRNA-Gln-TTG-4-1|t_arm|part1	17	17	-4.781	-0.281235	-0.281235
tRNA-Gln-TTG-4-1|acceptor_stem_3p|part1	8	8	-2.054	-0.25675	-0.25675
tRX-Lys-NNN-5-1|acceptor_stem_5p|part1	7	7	1.897	0.271	0.271
tRX-Lys-NNN-5-1|d_arm|part1	19	19	-0.405	-0.0213158	-0.0213158
tRX-Lys-NNN-5-1|anticodon_arm|part1	17	17	1.015	0.0597059	0.0597059
tRX-Lys-NNN-5-1|anticodon|part1	3	3	0.652	0.217333	0.217333
tRX-Lys-NNN-5-1|variable_region|part1	16	16	2.164	0.13525	0.13525
tRX-Lys-NNN-5-1|t_arm|part1	17	17	-1.07	-0.0629412	-0.0629412
tRX-Lys-NNN-5-1|acceptor_stem_3p|part1	8	8	-2.951	-0.368875	-0.368875
tRX-Trp-NNN-1-1|acceptor_stem_3p|part1	8	8	-2.115	-0.264375	-0.264375
tRX-Trp-NNN-1-1|t_arm|part1	17	17	0.69	0.0405882	0.0405882
tRX-Trp-NNN-1-1|variable_region|part1	4	4	0.521	0.13025	0.13025
tRX-Trp-NNN-1-1|anticodon_arm|part1	17	17	0.315	0.0185294	0.0185294
tRX-Trp-NNN-1-1|anticodon|part1	3	3	-0.935	-0.311667	-0.311667
tRX-Trp-NNN-1-1|d_arm|part1	19	19	-1.842	-0.0969474	-0.0969474
tRX-Trp-NNN-1-1|acceptor_stem_5p|part1	7	7	-0.476	-0.068	-0.068
tRX-Lys-NNN-4-1|acceptor_stem_3p|part1	8	8	-0.197	-0.024625	-0.024625
tRX-Lys-NNN-4-1|t_arm|part1	17	17	-6.137	-0.361	-0.361
tRX-Lys-NNN-4-1|variable_region|part1	5	5	0.789	0.1578	0.1578
tRX-Lys-NNN-4-1|anticodon_arm|part1	17	17	2.672	0.157176	0.157176
tRX-Lys-NNN-4-1|anticodon|part1	3	3	0.458	0.152667	0.152667
tRX-Lys-NNN-4-1|d_arm|part1	19	19	-7.241	-0.381105	-0.381105
tRX-Lys-NNN-4-1|acceptor_stem_5p|part1	7	7	1.475	0.210714	0.210714
tRNA-Trp-CCA-5-1|acceptor_stem_5p|part1	7	7	3.875	0.553571	0.553571
tRNA-Trp-CCA-5-1|d_arm|part1	19	19	16.669	0.877316	0.877316
tRNA-Trp-CCA-5-1|anticodon_arm|part1	17	17	20.127	1.18394	1.18394
tRNA-Trp-CCA-5-1|anticodon|part1	3	3	2.973	0.991	0.991
tRNA-Trp-CCA-5-1|variable_region|part1	4	4	4.378	1.0945	1.0945
tRNA-Trp-CCA-5-1|t_arm|part1	17	17	9.173	0.539588	0.539588
tRNA-Trp-CCA-5-1|acceptor_stem_3p|part1	8	8	7.276	0.9095	0.9095
tRNA-Pro-AGG-2-3|acceptor_stem_5p|part1	7	7	21.536	3.07657	3.07657
tRNA-Pro-AGG-2-3|d_arm|part1	19	19	68.457	3.603	3.603
tRNA-Pro-AGG-2-3|anticodon_arm|part1	17	17	49.629	2.91935	2.91935
tRNA-Pro-AGG-2-3|anticodon|part1	3	3	11.157	3.719	3.719
tRNA-Pro-AGG-2-3|variable_region|part1	4	4	13.615	3.40375	3.40375
tRNA-Pro-AGG-2-3|t_arm|part1	17	17	50.969	2.99818	2.99818
tRNA-Pro-AGG-2-3|acceptor_stem_3p|part1	8	8	23.102	2.88775	2.88775
tRNA-Arg-CCT-4-1|acceptor_stem_5p|part1	7	7	27.54	3.93429	3.93429
tRNA-Arg-CCT-4-1|d_arm|part1	19	19	77.578	4.08305	4.08305
tRNA-Arg-CCT-4-1|anticodon_arm|part1	17	17	66.624	3.91906	3.91906
tRNA-Arg-CCT-4-1|anticodon|part1	3	3	10.767	3.589	3.589
tRNA-Arg-CCT-4-1|variable_region|part1	5	5	20.482	4.0964	4.0964
tRNA-Arg-CCT-4-1|t_arm|part1	17	17	67.907	3.99453	3.99453
tRNA-Arg-CCT-4-1|acceptor_stem_3p|part1	8	8	33.382	4.17275	4.17275
tRNA-Cys-GCA-1-1|acceptor_stem_5p|part1	7	7	5.611	0.801571	0.801571
tRNA-Cys-GCA-1-1|d_arm|part1	19	19	18.946	0.997158	0.997158
tRNA-Cys-GCA-1-1|anticodon_arm|part1	17	17	22.733	1.33724	1.33724
tRNA-Cys-GCA-1-1|anticodon|part1	3	3	3.189	1.063	1.063
tRNA-Cys-GCA-1-1|variable_region|part1	4	4	5.383	1.34575	1.34575
tRNA-Cys-GCA-1-1|t_arm|part1	17	17	14.636	0.860941	0.860941
tRNA-Cys-GCA-1-1|acceptor_stem_3p|part1	8	8	12.066	1.50825	1.50825
tRNA-Cys-GCA-9-2|acceptor_stem_5p|part1	7	7	5.886	0.840857	0.840857
tRNA-Cys-GCA-9-2|d_arm|part1	19	19	25.61	1.34789	1.34789
tRNA-Cys-GCA-9-2|anticodon_arm|part1	17	17	27.92	1.64235	1.64235
tRNA-Cys-GCA-9-2|anticodon|part1	3	3	4.281	1.427	1.427
tRNA-Cys-GCA-9-2|variable_region|part1	4	4	6.085	1.52125	1.52125
tRNA-Cys-GCA-9-2|t_arm|part1	17	17	11.58	0.681176	0.681176
tRNA-Cys-GCA-9-2|acceptor_stem_3p|part1	8	8	8.354	1.04425	1.04425
tRNA-Cys-GCA-13-1|acceptor_stem_3p|part1	8	8	15.385	1.92313	1.92313
tRNA-Cys-GCA-13-1|t_arm|part1	17	17	23.935	1.40794	1.40794
tRNA-Cys-GCA-13-1|variable_region|part1	4	4	6.971	1.74275	1.74275
tRNA-Cys-GCA-13-1|anticodon_arm|part1	17	17	30.332	1.78424	1.78424
tRNA-Cys-GCA-13-1|anticodon|part1	3	3	6.658	2.21933	2.21933
tRNA-Cys-GCA-13-1|d_arm|part1	19	19	29.889	1.57311	1.57311
tRNA-Cys-GCA-13-1|acceptor_stem_5p|part1	7	7	5.593	0.799	0.799
tRNA-Tyr-GTA-11-1|acceptor_stem_3p|part1	8	8	-3.162	-0.39525	-0.39525
tRNA-Tyr-GTA-11-1|t_arm|part1	17	17	3.467	0.203941	0.203941
tRNA-Tyr-GTA-11-1|variable_region|part1	9	9	8.831	0.981222	0.981222
tRNA-Tyr-GTA-11-1|anticodon_arm|part1	17	17	12.511	0.735941	0.735941
tRNA-Tyr-GTA-11-1|anticodon|part1	3	3	1.948	0.649333	0.649333
tRNA-Tyr-GTA-11-1|d_arm|part1	19	19	17.337	0.912474	0.912474
tRNA-Tyr-GTA-11-1|acceptor_stem_5p|part1	7	7	-7.475	-1.06786	-1.06786
tRNA-Cys-GCA-18-1|acceptor_stem_3p|part1	8	8	5.089	0.636125	0.636125
tRNA-Cys-GCA-18-1|t_arm|part1	17	17	16.013	0.941941	0.941941
tRNA-Cys-GCA-18-1|variable_region|part1	4	4	5.352	1.338	1.338
tRNA-Cys-GCA-18-1|anticodon_arm|part1	17	17	18.794	1.10553	1.10553
tRNA-Cys-GCA-18-1|anticodon|part1	3	3	2.041	0.680333	0.680333
tRNA-Cys-GCA-18-1|d_arm|part1	19	19	16.83	0.885789	0.885789
tRNA-Cys-GCA-18-1|acceptor_stem_5p|part1	7	7	4.265	0.609286	0.609286
tRNA-Cys-GCA-10-1|acceptor_stem_3p|part1	8	8	3.777	0.472125	0.472125
tRNA-Cys-GCA-10-1|t_arm|part1	17	17	10.398	0.611647	0.611647
tRNA-Cys-GCA-10-1|variable_region|part1	4	4	2.426	0.6065	0.6065
tRNA-Cys-GCA-10-1|anticodon_arm|part1	17	17	10.174	0.598471	0.598471
tRNA-Cys-GCA-10-1|anticodon|part1	3	3	1.793	0.597667	0.597667
tRNA-Cys-GCA-10-1|d_arm|part1	19	19	9.702	0.510632	0.510632
tRNA-Cys-GCA-10-1|acceptor_stem_5p|part1	7	7	2.404	0.343429	0.343429
tRNA-Cys-GCA-11-1|acceptor_stem_3p|part1	8	8	7.809	0.976125	0.976125
tRNA-Cys-GCA-11-1|t_arm|part1	17	17	17.509	1.02994	1.02994
tRNA-Cys-GCA-11-1|variable_region|part1	4	4	6.307	1.57675	1.57675
tRNA-Cys-GCA-11-1|anticodon_arm|part1	17	17	20.043	1.179	1.179
tRNA-Cys-GCA-11-1|anticodon|part1	3	3	3.544	1.18133	1.18133
tRNA-Cys-GCA-11-1|d_arm|part1	19	19	22.043	1.16016	1.16016
tRNA-Cys-GCA-11-1|acceptor_stem_5p|part1	7	7	6.692	0.956	0.956
tRNA-Cys-GCA-16-1|acceptor_stem_5p|part1	7	7	5.012	0.716	0.716
tRNA-Cys-GCA-16-1|d_arm|part1	19	19	20.852	1.09747	1.09747
tRNA-Cys-GCA-16-1|anticodon_arm|part1	17	17	18.342	1.07894	1.07894
tRNA-Cys-GCA-16-1|anticodon|part1	3	3	3.754	1.25133	1.25133
tRNA-Cys-GCA-16-1|variable_region|part1	4	4	5.147	1.28675	1.28675
tRNA-Cys-GCA-16-1|t_arm|part1	17	17	13.831	0.813588	0.813588
tRNA-Cys-GCA-16-1|acceptor_stem_3p|part1	8	8	3.649	0.456125	0.456125
tRNA-Cys-GCA-22-1|acceptor_stem_5p|part1	7	7	2.236	0.319429	0.319429
tRNA-Cys-GCA-22-1|d_arm|part1	19	19	20.769	1.09311	1.09311
tRNA-Cys-GCA-22-1|anticodon_arm|part1	17	17	15.591	0.917118	0.917118
tRNA-Cys-GCA-22-1|anticodon|part1	3	3	3.99	1.33	1.33
tRNA-Cys-GCA-22-1|variable_region|part1	2	2	3.469	1.7345	1.7345
tRNA-Cys-GCA-22-1|t_arm|part1	17	17	7.881	0.463588	0.463588
tRNA-Cys-GCA-22-1|acceptor_stem_3p|part1	8	8	2.98	0.3725	0.3725
tRNA-Cys-GCA-15-1|acceptor_stem_5p|part1	7	7	5.916	0.845143	0.845143
tRNA-Cys-GCA-15-1|d_arm|part1	19	19	19.407	1.02142	1.02142
tRNA-Cys-GCA-15-1|anticodon_arm|part1	17	17	14.564	0.856706	0.856706
tRNA-Cys-GCA-15-1|anticodon|part1	3	3	0.872	0.290667	0.290667
tRNA-Cys-GCA-15-1|variable_region|part1	4	4	3.9	0.975	0.975
tRNA-Cys-GCA-15-1|t_arm|part1	17	17	14.816	0.871529	0.871529
tRNA-Cys-GCA-15-1|acceptor_stem_3p|part1	8	8	7.297	0.912125	0.912125
tRNA-Cys-GCA-3-1|acceptor_stem_3p|part1	8	8	19.504	2.438	2.438
tRNA-Cys-GCA-3-1|t_arm|part1	17	17	33.244	1.95553	1.95553
tRNA-Cys-GCA-3-1|variable_region|part1	4	4	11.87	2.9675	2.9675
tRNA-Cys-GCA-3-1|anticodon_arm|part1	17	17	50.543	2.97312	2.97312
tRNA-Cys-GCA-3-1|anticodon|part1	3	3	9.767	3.25567	3.25567
tRNA-Cys-GCA-3-1|d_arm|part1	19	19	48.091	2.53111	2.53111
tRNA-Cys-GCA-3-1|acceptor_stem_5p|part1	7	7	11.446	1.63514	1.63514
tRNA-Cys-GCA-23-1|acceptor_stem_3p|part1	8	8	6.366	0.79575	0.79575
tRNA-Cys-GCA-23-1|t_arm|part1	17	17	4.419	0.259941	0.259941
tRNA-Cys-GCA-23-1|variable_region|part1	4	4	2.293	0.57325	0.57325
tRNA-Cys-GCA-23-1|anticodon_arm|part1	17	17	15.649	0.920529	0.920529
tRNA-Cys-GCA-23-1|anticodon|part1	3	3	1.651	0.550333	0.550333
tRNA-Cys-GCA-23-1|d_arm|part1	19	19	19.228	1.012	1.012
tRNA-Cys-GCA-23-1|acceptor_stem_5p|part1	7	7	4.035	0.576429	0.576429
tRNA-Cys-GCA-20-1|acceptor_stem_5p|part1	7	7	4.79	0.684286	0.684286
tRNA-Cys-GCA-20-1|d_arm|part1	19	19	16.563	0.871737	0.871737
tRNA-Cys-GCA-20-1|anticodon_arm|part1	17	17	15.169	0.892294	0.892294
tRNA-Cys-GCA-20-1|anticodon|part1	3	3	3.845	1.28167	1.28167
tRNA-Cys-GCA-20-1|variable_region|part1	4	4	6.052	1.513	1.513
tRNA-Cys-GCA-20-1|t_arm|part1	17	17	9.17	0.539412	0.539412
tRNA-Cys-GCA-20-1|acceptor_stem_3p|part1	8	8	3.79	0.47375	0.47375
tRNA-Cys-GCA-19-1|acceptor_stem_3p|part1	8	8	11.548	1.4435	1.4435
tRNA-Cys-GCA-19-1|t_arm|part1	17	17	19.068	1.12165	1.12165
tRNA-Cys-GCA-19-1|variable_region|part1	4	4	6.321	1.58025	1.58025
tRNA-Cys-GCA-19-1|anticodon_arm|part1	17	17	25.707	1.51218	1.51218
tRNA-Cys-GCA-19-1|anticodon|part1	3	3	3.939	1.313	1.313
tRNA-Cys-GCA-19-1|d_arm|part1	19	19	30.67	1.61421	1.61421
tRNA-Cys-GCA-19-1|acceptor_stem_5p|part1	7	7	4.677	0.668143	0.668143
tRNA-Cys-GCA-9-3|acceptor_stem_5p|part1	7	7	7.145	1.02071	1.02071
tRNA-Cys-GCA-9-3|d_arm|part1	19	19	23.297	1.22616	1.22616
tRNA-Cys-GCA-9-3|anticodon_arm|part1	17	17	24.202	1.42365	1.42365
tRNA-Cys-GCA-9-3|anticodon|part1	3	3	2.958	0.986	0.986
tRNA-Cys-GCA-9-3|variable_region|part1	4	4	5.452	1.363	1.363
tRNA-Cys-GCA-9-3|t_arm|part1	17	17	20.47	1.20412	1.20412
tRNA-Cys-GCA-9-3|acceptor_stem_3p|part1	8	8	7.869	0.983625	0.983625
tRNA-Cys-GCA-12-1|acceptor_stem_3p|part1	8	8	10.131	1.26638	1.26638
tRNA-Cys-GCA-12-1|t_arm|part1	17	17	19.036	1.11976	1.11976
tRNA-Cys-GCA-12-1|variable_region|part1	4	4	6.435	1.60875	1.60875
tRNA-Cys-GCA-12-1|anticodon_arm|part1	17	17	31.859	1.87406	1.87406
tRNA-Cys-GCA-12-1|anticodon|part1	3	3	5.328	1.776	1.776
tRNA-Cys-GCA-12-1|d_arm|part1	19	19	32.817	1.72721	1.72721
tRNA-Cys-GCA-12-1|acceptor_stem_5p|part1	7	7	5.577	0.796714	0.796714
tRNA-Cys-GCA-21-1|acceptor_stem_5p|part1	7	7	7.285	1.04071	1.04071
tRNA-Cys-GCA-21-1|d_arm|part1	19	19	29.925	1.575	1.575
tRNA-Cys-GCA-21-1|anticodon_arm|part1	17	17	14.359	0.844647	0.844647
tRNA-Cys-GCA-21-1|anticodon|part1	3	3	2.174	0.724667	0.724667
tRNA-Cys-GCA-21-1|variable_region|part1	4	4	3.585	0.89625	0.89625
tRNA-Cys-GCA-21-1|t_arm|part1	17	17	10.399	0.611706	0.611706
tRNA-Cys-GCA-21-1|acceptor_stem_3p|part1	8	8	6.689	0.836125	0.836125
tRNA-Cys-GCA-17-1|acceptor_stem_3p|part1	8	8	3.756	0.4695	0.4695
tRNA-Cys-GCA-17-1|t_arm|part1	17	17	8.269	0.486412	0.486412
tRNA-Cys-GCA-17-1|variable_region|part1	4	4	4.442	1.1105	1.1105
tRNA-Cys-GCA-17-1|anticodon_arm|part1	17	17	14.854	0.873765	0.873765
tRNA-Cys-GCA-17-1|anticodon|part1	3	3	3.171	1.057	1.057
tRNA-Cys-GCA-17-1|d_arm|part1	19	19	23.884	1.25705	1.25705
tRNA-Cys-GCA-17-1|acceptor_stem_5p|part1	7	7	6.267	0.895286	0.895286
tRNA-Cys-GCA-9-4|acceptor_stem_5p|part1	7	7	10.993	1.57043	1.57043
tRNA-Cys-GCA-9-4|d_arm|part1	19	19	24.507	1.28984	1.28984
tRNA-Cys-GCA-9-4|anticodon_arm|part1	17	17	29.34	1.72588	1.72588
tRNA-Cys-GCA-9-4|anticodon|part1	3	3	5.528	1.84267	1.84267
tRNA-Cys-GCA-9-4|variable_region|part1	4	4	6.236	1.559	1.559
tRNA-Cys-GCA-9-4|t_arm|part1	17	17	19.274	1.13376	1.13376
tRNA-Cys-GCA-9-4|acceptor_stem_3p|part1	8	8	10.945	1.36812	1.36812
tRNA-Tyr-GTA-9-1|acceptor_stem_3p|part1	8	8	1.511	0.188875	0.188875
tRNA-Tyr-GTA-9-1|t_arm|part1	17	17	-2.479	-0.145824	-0.145824
tRNA-Tyr-GTA-9-1|variable_region|part1	4	4	1.265	0.31625	0.31625
tRNA-Tyr-GTA-9-1|anticodon_arm|part2	6	6	-1.898	-0.316333	-0.316333
tRNA-Tyr-GTA-9-1|intron|part1	16	16	-1.972	-0.12325	-0.12325
tRNA-Tyr-GTA-9-1|anticodon_arm|part1	11	11	-1.896	-0.172364	-0.172364
tRNA-Tyr-GTA-9-1|anticodon|part1	3	3	-1.154	-0.384667	-0.384667
tRNA-Tyr-GTA-9-1|d_arm|part1	19	19	3.254	0.171263	0.171263
tRNA-Tyr-GTA-9-1|acceptor_stem_5p|part1	7	7	-0.421	-0.0601429	-0.0601429
tRX-Arg-NNN-1-1|acceptor_stem_3p|part1	8	8	13.252	1.6565	1.6565
tRX-Arg-NNN-1-1|t_arm|part1	17	17	29.771	1.75124	1.75124
tRX-Arg-NNN-1-1|variable_region|part1	5	5	6.225	1.245	1.245
tRX-Arg-NNN-1-1|anticodon_arm|part1	17	17	26.049	1.53229	1.53229
tRX-Arg-NNN-1-1|anticodon|part1	3	3	4.282	1.42733	1.42733
tRX-Arg-NNN-1-1|d_arm|part1	19	19	36.27	1.90895	1.90895
tRX-Arg-NNN-1-1|acceptor_stem_5p|part1	7	7	7.159	1.02271	1.02271
tRNA-Tyr-GTA-5-1|acceptor_stem_5p|part1	7	7	9.998	1.42829	1.42829
tRNA-Tyr-GTA-5-1|d_arm|part1	19	19	35.439	1.86521	1.86521
tRNA-Tyr-GTA-5-1|anticodon_arm|part1	11	11	20.037	1.82155	1.82155
tRNA-Tyr-GTA-5-1|anticodon|part1	3	3	5.347	1.78233	1.78233
tRNA-Tyr-GTA-5-1|intron|part1	20	20	-29.239	-1.46195	-1.46195
tRNA-Tyr-GTA-5-1|anticodon_arm|part2	6	6	6.072	1.012	1.012
tRNA-Tyr-GTA-5-1|variable_region|part1	5	5	10.414	2.0828	2.0828
tRNA-Tyr-GTA-5-1|t_arm|part1	17	17	35.726	2.10153	2.10153
tRNA-Tyr-GTA-5-1|acceptor_stem_3p|part1	8	8	13.874	1.73425	1.73425
tRNA-Tyr-GTA-5-2|acceptor_stem_5p|part1	7	7	14.722	2.10314	2.10314
tRNA-Tyr-GTA-5-2|d_arm|part1	19	19	41.963	2.20858	2.20858
tRNA-Tyr-GTA-5-2|anticodon_arm|part1	11	11	30.393	2.763	2.763
tRNA-Tyr-GTA-5-2|anticodon|part1	3	3	8.172	2.724	2.724
tRNA-Tyr-GTA-5-2|intron|part1	16	16	-22.198	-1.38738	-1.38738
tRNA-Tyr-GTA-5-2|anticodon_arm|part2	6	6	10.286	1.71433	1.71433
tRNA-Tyr-GTA-5-2|variable_region|part1	5	5	13.566	2.7132	2.7132
tRNA-Tyr-GTA-5-2|t_arm|part1	17	17	44.24	2.60235	2.60235
tRNA-Tyr-GTA-5-2|acceptor_stem_3p|part1	8	8	18.626	2.32825	2.32825
tRNA-Ala-AGC-8-2|acceptor_stem_5p|part1	7	7	25.092	3.58457	3.58457
tRNA-Ala-AGC-8-2|d_arm|part1	19	19	63.973	3.367	3.367
tRNA-Ala-AGC-8-2|anticodon_arm|part1	17	17	55.688	3.27576	3.27576
tRNA-Ala-AGC-8-2|anticodon|part1	3	3	10.148	3.38267	3.38267
tRNA-Ala-AGC-8-2|variable_region|part1	5	5	17.391	3.4782	3.4782
tRNA-Ala-AGC-8-2|t_arm|part1	17	17	56.649	3.33229	3.33229
tRNA-Ala-AGC-8-2|acceptor_stem_3p|part1	8	8	24.678	3.08475	3.08475
tRNA-Ser-AGA-2-5|acceptor_stem_3p|part1	8	8	32.976	4.122	4.122
tRNA-Ser-AGA-2-5|t_arm|part1	17	17	73.736	4.33741	4.33741
tRNA-Ser-AGA-2-5|variable_region|part1	14	14	62.235	4.44536	4.44536
tRNA-Ser-AGA-2-5|anticodon_arm|part1	17	17	72.054	4.23847	4.23847
tRNA-Ser-AGA-2-5|anticodon|part1	3	3	11.786	3.92867	3.92867
tRNA-Ser-AGA-2-5|d_arm|part1	19	19	79.634	4.19126	4.19126
tRNA-Ser-AGA-2-5|acceptor_stem_5p|part1	7	7	27.914	3.98771	3.98771
tRNA-Met-CAT-1-1|acceptor_stem_3p|part1	8	8	15.49	1.93625	1.93625
tRNA-Met-CAT-1-1|t_arm|part1	17	17	33.644	1.97906	1.97906
tRNA-Met-CAT-1-1|variable_region|part1	5	5	9.878	1.9756	1.9756
tRNA-Met-CAT-1-1|anticodon_arm|part1	17	17	34.727	2.04276	2.04276
tRNA-Met-CAT-1-1|anticodon|part1	3	3	6.246	2.082	2.082
tRNA-Met-CAT-1-1|d_arm|part1	19	19	35.698	1.87884	1.87884
tRNA-Met-CAT-1-1|acceptor_stem_5p|part1	7	7	13.576	1.93943	1.93943
tRNA-Phe-GAA-12-1|acceptor_stem_3p|part1	8	8	0.0369999	0.00462499	0.00462499
tRNA-Phe-GAA-12-1|t_arm|part1	17	17	3.804	0.223765	0.223765
tRNA-Phe-GAA-12-1|variable_region|part1	8	8	5.389	0.673625	0.673625
tRNA-Phe-GAA-12-1|anticodon_arm|part1	17	17	8.292	0.487765	0.487765
tRNA-Phe-GAA-12-1|anticodon|part1	3	3	1.189	0.396333	0.396333
tRNA-Phe-GAA-12-1|d_arm|part1	19	19	-0.9	-0.0473684	-0.0473684
tRNA-Phe-GAA-12-1|acceptor_stem_5p|part1	7	7	2.875	0.410714	0.410714
tRX-Und-NNN-6-1|acceptor_stem_5p|part1	7	7	-4.039	-0.577	-0.577
tRX-Und-NNN-6-1|d_arm|part1	19	19	-7.7	-0.405263	-0.405263
tRX-Und-NNN-6-1|anticodon_arm|part1	17	17	8.57	0.504118	0.504118
tRX-Und-NNN-6-1|anticodon|part1	3	3	2.249	0.749667	0.749667
tRX-Und-NNN-6-1|variable_region|part1	11	11	0.0689999	0.00627272	0.00627272
tRX-Und-NNN-6-1|t_arm|part1	17	17	4.031	0.237118	0.237118
tRX-Und-NNN-6-1|acceptor_stem_3p|part1	8	8	-4	-0.5	-0.5
tRNA-His-GTG-1-6|acceptor_stem_3p|part1	8	8	31.326	3.91575	3.91575
tRNA-His-GTG-1-6|t_arm|part1	17	17	61.445	3.61441	3.61441
tRNA-His-GTG-1-6|variable_region|part1	4	4	19.34	4.835	4.835
tRNA-His-GTG-1-6|anticodon_arm|part1	17	17	58.074	3.41612	3.41612
tRNA-His-GTG-1-6|anticodon|part1	3	3	12.183	4.061	4.061
tRNA-His-GTG-1-6|d_arm|part1	19	19	69.436	3.65453	3.65453
tRNA-His-GTG-1-6|acceptor_stem_5p|part1	7	7	19.929	2.847	2.847
tRNA-iMet-CAT-3-1|acceptor_stem_5p|part1	7	7	3.147	0.449571	0.449571
tRNA-iMet-CAT-3-1|d_arm|part1	19	19	-0.943	-0.0496316	-0.0496316
tRNA-iMet-CAT-3-1|anticodon_arm|part1	17	17	-1.362	-0.0801176	-0.0801176
tRNA-iMet-CAT-3-1|anticodon|part1	3	3	-0.052	-0.0173333	-0.0173333
tRNA-iMet-CAT-3-1|variable_region|part1	7	7	-0.386	-0.0551429	-0.0551429
tRNA-iMet-CAT-3-1|t_arm|part1	17	17	5.036	0.296235	0.296235
tRNA-iMet-CAT-3-1|acceptor_stem_3p|part1	8	8	1.12	0.14	0.14
tRNA-Arg-TCG-6-1|acceptor_stem_5p|part1	7	7	-1.969	-0.281286	-0.281286
tRNA-Arg-TCG-6-1|d_arm|part1	19	19	1.161	0.0611053	0.0611053
tRNA-Arg-TCG-6-1|anticodon_arm|part1	17	17	-0.568	-0.0334118	-0.0334118
tRNA-Arg-TCG-6-1|anticodon|part1	3	3	-2.732	-0.910667	-0.910667
tRNA-Arg-TCG-6-1|variable_region|part1	5	5	1.16	0.232	0.232
tRNA-Arg-TCG-6-1|t_arm|part1	17	17	0.305	0.0179412	0.0179412
tRNA-Arg-TCG-6-1|acceptor_stem_3p|part1	8	8	-5.851	-0.731375	-0.731375
tRX-Leu-NNN-1-1|acceptor_stem_3p|part1	8	8	-5.796	-0.7245	-0.7245
tRX-Leu-NNN-1-1|t_arm|part1	17	17	-2.02	-0.118824	-0.118824
tRX-Leu-NNN-1-1|variable_region|part1	15	15	-8.481	-0.5654	-0.5654
tRX-Leu-NNN-1-1|anticodon_arm|part1	17	17	-9.095	-0.535	-0.535
tRX-Leu-NNN-1-1|anticodon|part1	3	3	-1.55	-0.516667	-0.516667
tRX-Leu-NNN-1-1|d_arm|part1	19	19	-12.447	-0.655105	-0.655105
tRX-Leu-NNN-1-1|acceptor_stem_5p|part1	7	7	-2.194	-0.313429	-0.313429
tRNA-Arg-TCT-3-1|acceptor_stem_3p|part1	8	8	11.001	1.37512	1.37512
tRNA-Arg-TCT-3-1|t_arm|part1	17	17	24.56	1.44471	1.44471
tRNA-Arg-TCT-3-1|variable_region|part1	5	5	4.897	0.9794	0.9794
tRNA-Arg-TCT-3-1|anticodon_arm|part2	6	6	8.034	1.339	1.339
tRNA-Arg-TCT-3-1|intron|part1	18	18	-11.298	-0.627667	-0.627667
tRNA-Arg-TCT-3-1|anticodon_arm|part1	11	11	17.047	1.54973	1.54973
tRNA-Arg-TCT-3-1|anticodon|part1	3	3	3.184	1.06133	1.06133
tRNA-Arg-TCT-3-1|d_arm|part1	19	19	20.72	1.09053	1.09053
tRNA-Arg-TCT-3-1|acceptor_stem_5p|part1	7	7	8.396	1.19943	1.19943
tRNA-Ile-GAT-1-1|acceptor_stem_3p|part1	8	8	-0.259	-0.032375	-0.032375
tRNA-Ile-GAT-1-1|t_arm|part1	17	17	-1.069	-0.0628823	-0.0628823
tRNA-Ile-GAT-1-1|variable_region|part1	6	6	0.812	0.135333	0.135333
tRNA-Ile-GAT-1-1|anticodon_arm|part1	17	17	0.6	0.0352941	0.0352941
tRNA-Ile-GAT-1-1|anticodon|part1	3	3	0.865	0.288333	0.288333
tRNA-Ile-GAT-1-1|d_arm|part1	19	19	3.618	0.190421	0.190421
tRNA-Ile-GAT-1-1|acceptor_stem_5p|part1	7	7	0.091	0.013	0.013
tRX-Ile-NNN-2-1|acceptor_stem_3p|part1	8	8	-3.07	-0.38375	-0.38375
tRX-Ile-NNN-2-1|t_arm|part1	17	17	-1.804	-0.106118	-0.106118
tRX-Ile-NNN-2-1|variable_region|part1	6	6	-3.951	-0.6585	-0.6585
tRX-Ile-NNN-2-1|anticodon_arm|part1	17	17	-2.419	-0.142294	-0.142294
tRX-Ile-NNN-2-1|anticodon|part1	3	3	-0.201	-0.067	-0.067
tRX-Ile-NNN-2-1|d_arm|part1	19	19	-6.312	-0.332211	-0.332211
tRX-Ile-NNN-2-1|acceptor_stem_5p|part1	7	7	0.189	0.027	0.027
tRNA-Ile-GAT-1-2|acceptor_stem_3p|part1	8	8	-1.655	-0.206875	-0.206875
tRNA-Ile-GAT-1-2|t_arm|part1	17	17	-0.043	-0.00252941	-0.00252941
tRNA-Ile-GAT-1-2|variable_region|part1	6	6	-0.248	-0.0413333	-0.0413333
tRNA-Ile-GAT-1-2|anticodon_arm|part1	17	17	-0.149	-0.00876471	-0.00876471
tRNA-Ile-GAT-1-2|anticodon|part1	3	3	0.868	0.289333	0.289333
tRNA-Ile-GAT-1-2|d_arm|part1	19	19	1.541	0.0811053	0.0811053
tRNA-Ile-GAT-1-2|acceptor_stem_5p|part1	7	7	1.108	0.158286	0.158286
tRNA-Ile-GAT-1-3|acceptor_stem_3p|part1	8	8	-5.137	-0.642125	-0.642125
tRNA-Ile-GAT-1-3|t_arm|part1	17	17	-2.195	-0.129118	-0.129118
tRNA-Ile-GAT-1-3|variable_region|part1	6	6	0.744	0.124	0.124
tRNA-Ile-GAT-1-3|anticodon_arm|part1	17	17	1.98	0.116471	0.116471
tRNA-Ile-GAT-1-3|anticodon|part1	3	3	0.863	0.287667	0.287667
tRNA-Ile-GAT-1-3|d_arm|part1	19	19	0.066	0.00347368	0.00347368
tRNA-Ile-GAT-1-3|acceptor_stem_5p|part1	7	7	0.034	0.00485714	0.00485714
tRNA-Val-TAC-1-2|acceptor_stem_3p|part1	8	8	18.676	2.3345	2.3345
tRNA-Val-TAC-1-2|t_arm|part1	17	17	49.093	2.88782	2.88782
tRNA-Val-TAC-1-2|variable_region|part1	5	5	10.53	2.106	2.106
tRNA-Val-TAC-1-2|anticodon_arm|part1	17	17	53.679	3.15759	3.15759
tRNA-Val-TAC-1-2|anticodon|part1	3	3	10.097	3.36567	3.36567
tRNA-Val-TAC-1-2|d_arm|part1	19	19	49.291	2.59426	2.59426
tRNA-Val-TAC-1-2|acceptor_stem_5p|part1	7	7	13.724	1.96057	1.96057
tRX-Pro-NNN-1-1|acceptor_stem_5p|part1	7	7	6.433	0.919	0.919
tRX-Pro-NNN-1-1|d_arm|part1	19	19	8.6	0.452632	0.452632
tRX-Pro-NNN-1-1|anticodon_arm|part1	17	17	5.013	0.294882	0.294882
tRX-Pro-NNN-1-1|anticodon|part1	3	3	1.051	0.350333	0.350333
tRX-Pro-NNN-1-1|variable_region|part1	1	1	1.621	1.621	1.621
tRX-Pro-NNN-1-1|t_arm|part1	17	17	0.951	0.0559412	0.0559412
tRX-Pro-NNN-1-1|acceptor_stem_3p|part1	8	8	3.252	0.4065	0.4065
tRNA-Und-NNN-4-1	70	70	-13.564	-0.193771	-0.193771
tRNA-Asn-GTT-5-1	74	74	33.3	0.45	0.45
tRNA-Glu-TTC-4-1	72	72	15.824	0.219778	0.219778
tRNA-Gly-CCC-1-1	71	71	19.658	0.276873	0.276873
tRNA-Val-CAC-11-1	73	73	-30.63	-0.419589	-0.419589
tRNA-Val-CAC-11-2	73	73	-17.78	-0.243562	-0.243562
tRNA-Gly-CCC-1-2	71	71	19.436	0.273746	0.273746
tRNA-Glu-TTC-3-1	72	72	19.227	0.267042	0.267042
tRNA-Asn-GTT-4-1	74	74	32.808	0.443351	0.443351
tRNA-Lys-CTT-12-1	76	76	-8.047	-0.105882	-0.105882
tRNA-Lys-CTT-7-1	73	73	-3.964	-0.0543014	-0.0543014
tRNA-Cys-GCA-7-1	73	73	4.86	0.0665753	0.0665753
tRNA-Arg-TCT-1-1	85	85	275.492	3.24108	3.24108
tRNA-Asn-GTT-7-1	74	74	4.4	0.0594595	0.0594595
tRNA-Asn-GTT-11-1	74	74	35.403	0.478419	0.478419
tRX-Phe-NNN-2-1	80	80	11.881	0.148512	0.148512
tRNA-Val-CAC-5-1	73	73	26.25	0.359589	0.359589
tRNA-Asn-GTT-27-1	74	74	47.571	0.642851	0.642851
tRNA-Gln-CTG-11-1	72	72	10.994	0.152694	0.152694
tRNA-Glu-TTC-7-1	72	72	-15.022	-0.208639	-0.208639
tRNA-Gln-CTG-4-2	72	72	48.286	0.670639	0.670639
tRNA-Asn-GTT-22-1	74	74	30.338	0.409973	0.409973
tRNA-Asn-GTT-6-1	74	74	43.145	0.583041	0.583041
tRNA-Glu-TTC-10-1	73	73	-4.848	-0.066411	-0.066411
tRNA-Phe-GAA-9-1	80	80	20.694	0.258675	0.258675
tRNA-Val-CAC-4-1	73	73	28.535	0.39089	0.39089
tRNA-Asn-GTT-12-1	74	74	49.329	0.666608	0.666608
tRNA-Arg-CCT-7-1	71	71	39.675	0.558803	0.558803
tRNA-Asn-GTT-3-1	74	74	-7.235	-0.0977703	-0.0977703
tRNA-Asn-GTT-2-8	74	74	-3.027	-0.0409054	-0.0409054
tRNA-Asn-GTT-10-1	74	74	39.421	0.532716	0.532716
tRNA-Val-CAC-14-1	73	73	18.183	0.249082	0.249082
tRX-Phe-NNN-1-1	80	80	-15.607	-0.195087	-0.195087
tRNA-Glu-TTC-10-2	73	73	-25.898	-0.354767	-0.354767
tRNA-Asn-GTT-2-7	74	74	9.907	0.133878	0.133878
tRX-Gly-NNN-3-1	71	71	-9.853	-0.138775	-0.138775
tRNA-Gln-CTG-3-1	72	72	32.826	0.455917	0.455917
tRNA-Asn-GTT-9-1	74	74	8.341	0.112716	0.112716
tRNA-Glu-CTC-1-1	72	72	137.915	1.91549	1.91549
tRNA-Gly-TCC-2-1	72	72	167.131	2.32126	2.32126
tRNA-His-GTG-1-1	72	72	153.931	2.13793	2.13793
tRNA-Lys-CTT-2-1	73	73	143.151	1.96097	1.96097
tRNA-Asn-GTT-24-1	74	74	2.034	0.0274865	0.0274865
tRNA-Gly-CCC-8-1	71	71	-27.644	-0.389352	-0.389352
tRNA-His-GTG-1-2	72	72	33.953	0.471569	0.471569
tRNA-Arg-CCT-6-1	71	71	15.601	0.219732	0.219732
tRX-Gly-NNN-1-2	71	71	2.893	0.0407465	0.0407465
tRNA-Gln-CTG-3-2	72	72	47.211	0.655708	0.655708
tRNA-Asn-GTT-9-2	74	74	9.545	0.128986	0.128986
tRX-Gly-NNN-2-1	72	72	-14.1	-0.195833	-0.195833
tRNA-Gln-CTG-4-1	72	72	38.365	0.532847	0.532847
tRNA-His-GTG-1-3	72	72	49.713	0.690458	0.690458
tRNA-His-GTG-1-4	72	72	29.181	0.405292	0.405292
tRNA-Glu-TTC-6-1	72	72	7.086	0.0984167	0.0984167
tRNA-Gln-CTG-7-1	72	72	55.885	0.776181	0.776181
tRNA-Gln-CTG-9-1	72	72	27.211	0.377931	0.377931
tRNA-Asn-GTT-21-1	74	74	29.631	0.400419	0.400419
tRNA-Asn-GTT-2-1	74	74	34.822	0.470568	0.470568
tRNA-Asn-GTT-25-1	75	75	28.104	0.37472	0.37472
tRNA-Asn-GTT-16-5	74	74	58.392	0.789081	0.789081
tRNA-Asn-GTT-11-2	74	74	50.964	0.688703	0.688703
tRNA-Glu-TTC-8-1	73	73	-1.216	-0.0166575	-0.0166575
tRNA-Phe-GAA-10-1	80	80	18.482	0.231025	0.231025
tRX-Val-NNN-4-1	71	71	25.498	0.359127	0.359127
tRNA-Val-CAC-1-7	73	73	25.784	0.353205	0.353205
tRNA-Asn-GTT-8-1	74	74	48.532	0.655838	0.655838
tRNA-iMet-CAT-1-1	72	72	287.023	3.98643	3.98643
tRNA-Arg-TCT-4-1	74	74	389.408	5.26227	5.26227
tRNA-Val-CAC-1-1	73	73	160.479	2.19834	2.19834
tRNA-Und-NNN-3-1	73	73	47.582	0.651808	0.651808
tRNA-Glu-TTC-4-2	72	72	18.517	0.257181	0.257181
tRNA-Asn-GTT-2-2	74	74	65.281	0.882176	0.882176
tRNA-Gly-TCC-4-1	72	72	17.841	0.247792	0.247792
tRNA-Asp-GTC-2-1	72	72	13.824	0.192	0.192
tRNA-Leu-CAG-1-1	83	83	21.189	0.255289	0.255289
tRNA-Gly-GCC-1-1	71	71	48.605	0.684577	0.684577
tRNA-Glu-CTC-1-2	72	72	9.623	0.133653	0.133653
tRNA-Gly-TCC-2-2	72	72	-4.983	-0.0692083	-0.0692083
tRNA-Asp-GTC-2-2	72	72	6.019	0.0835972	0.0835972
tRNA-Leu-CAG-1-2	83	83	7.478	0.0900964	0.0900964
tRNA-Gly-GCC-1-2	71	71	46.778	0.658845	0.658845
tRNA-Glu-CTC-1-3	72	72	-10.947	-0.152042	-0.152042
tRNA-Gly-TCC-2-3	72	72	-24.959	-0.346653	-0.346653
tRNA-Asp-GTC-2-3	72	72	-16.247	-0.225653	-0.225653
tRNA-Leu-CAG-1-3	83	83	34.138	0.411301	0.411301
tRNA-Gly-GCC-1-3	71	71	42.372	0.596789	0.596789
tRNA-Glu-CTC-1-4	72	72	5.425	0.0753472	0.0753472
tRNA-Gly-TCC-2-4	72	72	-14.575	-0.202431	-0.202431
tRNA-Asp-GTC-2-4	72	72	-15.091	-0.209597	-0.209597
tRNA-Leu-CAG-1-4	83	83	7.348	0.0885301	0.0885301
tRNA-Gly-GCC-1-4	71	71	27.743	0.390746	0.390746
tRNA-Glu-CTC-1-5	72	72	9.647	0.133986	0.133986
tRNA-Gly-TCC-2-5	72	72	-11.772	-0.1635	-0.1635
tRNA-Asp-GTC-2-5	72	72	-12.873	-0.178792	-0.178792
tRNA-Leu-CAG-1-5	83	83	9.028	0.108771	0.108771
tRNA-Gly-GCC-4-1	71	71	16.318	0.229831	0.229831
tRNA-Gly-GCC-2-1	71	71	189.927	2.67503	2.67503
tRNA-Leu-CAG-1-6	83	83	181.355	2.185	2.185
tRNA-Gly-TCC-2-6	72	72	180.001	2.50001	2.50001
tRNA-Asn-GTT-1-1	74	74	172.032	2.32476	2.32476
tRX-Cys-NNN-3-1	71	71	169.767	2.39108	2.39108
tRNA-Leu-CAA-6-1	84	84	185.353	2.20658	2.20658
tRNA-Lys-CTT-13-1	73	73	-10.202	-0.139753	-0.139753
tRNA-Pro-CGG-1-1	72	72	202.246	2.80897	2.80897
tRNA-Pro-AGG-2-1	72	72	212.407	2.9501	2.9501
tRNA-Glu-TTC-12-1	76	76	-2.721	-0.0358026	-0.0358026
tRNA-Lys-TTT-3-1	73	73	206.583	2.8299	2.8299
tRNA-Lys-TTT-3-2	73	73	167.539	2.29505	2.29505
tRNA-Pro-TGG-5-1	77	77	-8.422	-0.109377	-0.109377
tRNA-Thr-TGT-2-1	73	73	73.489	1.0067	1.0067
tRNA-Leu-CAA-4-1	106	106	143.356	1.35242	1.35242
tRNA-Glu-CTC-2-1	72	72	121.94	1.69361	1.69361
tRNA-Val-TAC-3-1	73	73	-4.352	-0.0596164	-0.0596164
tRNA-Asn-GTT-2-3	74	74	286.778	3.87538	3.87538
tRX-Und-NNN-8-1	74	74	5.063	0.0684189	0.0684189
tRNA-Ser-TGA-1-1	82	82	271.176	3.30702	3.30702
tRX-Gln-NNN-2-1	78	78	8.631	0.110654	0.110654
tRNA-Lys-CTT-15-1	73	0	0	0	0
tRNA-Val-TAC-1-1	73	73	121.926	1.67022	1.67022
tRNA-Val-TAC-2-1	73	73	113.383	1.55319	1.55319
tRNA-Arg-TCT-3-2	86	86	168.945	1.96448	1.96448
tRNA-Leu-TAA-3-1	83	83	50.398	0.607205	0.607205
tRNA-Lys-TTT-5-1	73	73	136.456	1.86926	1.86926
tRNA-Phe-GAA-1-3	73	73	146.421	2.00577	2.00577
tRNA-Lys-TTT-3-4	73	73	183.782	2.51756	2.51756
tRNA-Phe-GAA-2-1	73	73	97.736	1.33885	1.33885
tRNA-Ser-GCT-3-1	82	82	306.235	3.73457	3.73457
tRNA-Pro-AGG-2-4	72	72	192.27	2.67042	2.67042
tRNA-Pro-TGG-2-1	72	72	224.324	3.11561	3.11561
tRX-Arg-NNN-2-1	79	79	-2.163	-0.0273797	-0.0273797
tRNA-Lys-TTT-2-1	73	73	-8.299	-0.113685	-0.113685
tRNA-Lys-TTT-11-1	73	73	3.649	0.0499863	0.0499863
tRNA-Ser-CGA-4-1	82	82	287.425	3.50518	3.50518
tRNA-Asp-GTC-2-8	72	72	243.615	3.38354	3.38354
tRNA-Asp-GTC-1-1	72	72	184.392	2.561	2.561
tRNA-Trp-CCA-4-1	72	72	225.902	3.13753	3.13753
tRNA-Glu-CTC-16-1	71	71	-30.934	-0.43569	-0.43569
tRNA-Ala-TGC-3-2	72	72	140.802	1.95558	1.95558
tRNA-Asp-GTC-2-9	72	72	164.403	2.28338	2.28338
tRNA-Phe-GAA-1-4	73	73	176.617	2.41941	2.41941
tRNA-Asp-GTC-2-10	72	72	102.508	1.42372	1.42372
tRNA-Ala-TGC-4-1	72	72	106.44	1.47833	1.47833
tRNA-Ile-AAT-11-1	75	75	-21.823	-0.290973	-0.290973
tRNA-Asn-GTT-2-4	74	74	208.83	2.82203	2.82203
tRNA-Glu-TTC-1-2	72	72	248.224	3.44756	3.44756
tRNA-Glu-TTC-2-1	72	72	245.26	3.40639	3.40639
tRNA-Phe-GAA-1-5	73	73	197.045	2.69925	2.69925
tRX-Ser-NNN-1-1	76	76	3.215	0.0423026	0.0423026
tRNA-Pro-AGG-2-5	72	72	176.283	2.44838	2.44838
tRNA-Leu-AAG-2-3	82	82	244.758	2.98485	2.98485
tRNA-Pro-AGG-2-6	72	72	176.275	2.44826	2.44826
tRNA-Thr-TGT-3-1	73	73	212.562	2.91181	2.91181
tRNA-Leu-TAG-2-1	82	82	157.066	1.91544	1.91544
tRNA-Thr-TGT-4-1	73	73	88.359	1.2104	1.2104
tRNA-Pro-TGG-1-1	72	72	96.487	1.3401	1.3401
tRNA-Tyr-GTA-5-3	94	94	49.722	0.528957	0.528957
tRNA-Tyr-GTA-4-1	94	94	66.608	0.708596	0.708596
tRNA-Tyr-GTA-7-1	94	94	35.236	0.374851	0.374851
tRNA-Tyr-GTA-5-4	94	94	47.435	0.504628	0.504628
tRNA-Leu-TAG-4-1	82	82	50.221	0.612451	0.612451
tRNA-Thr-TGT-5-1	73	73	234.482	3.21208	3.21208
tRNA-Tyr-GTA-5-5	89	89	137.948	1.54998	1.54998
tRNA-Pro-TGG-3-2	72	72	222.555	3.09104	3.09104
tRNA-Arg-ACG-1-3	73	73	327.849	4.49108	4.49108
tRNA-Glu-TTC-11-1	75	75	7.284	0.09712	0.09712
tRNA-Lys-CTT-1-1	73	73	217.356	2.97748	2.97748
tRNA-Cys-GCA-8-1	72	72	60.248	0.836778	0.836778
tRNA-Ala-AGC-15-1	73	73	-4.433	-0.060726	-0.060726
tRNA-Ile-AAT-5-4	74	74	201.889	2.72823	2.72823
tRNA-Glu-TTC-2-2	72	72	188.011	2.61126	2.61126
tRNA-Ser-GCT-4-2	82	82	295.149	3.59938	3.59938
tRNA-His-GTG-1-7	72	72	274.312	3.80989	3.80989
tRNA-His-GTG-1-8	72	72	264.048	3.66733	3.66733
tRNA-His-GTG-1-9	72	72	242.154	3.36325	3.36325
tRNA-Gln-CTG-1-4	72	72	287.939	3.99915	3.99915
tRNA-Lys-CTT-16-1	74	74	-11.778	-0.159162	-0.159162
tRNA-Lys-CTT-1-2	73	73	141.014	1.9317	1.9317
tRNA-Cys-GCA-5-1	73	73	48.972	0.670849	0.670849
tRNA-Arg-TCG-1-1	73	73	246.024	3.37019	3.37019
tRX-Lys-NNN-3-1	73	73	2.365	0.0323973	0.0323973
tRNA-Gly-CCC-2-2	71	71	253.677	3.57292	3.57292
tRNA-Arg-CCG-1-3	73	73	168.624	2.30992	2.30992
tRNA-Arg-CCT-3-1	73	73	134.51	1.8426	1.8426
tRNA-Lys-CTT-3-1	73	73	78.163	1.07073	1.07073
tRNA-Pro-TGG-3-3	72	72	120.545	1.67424	1.67424
tRNA-Lys-CTT-8-1	73	73	27.589	0.377932	0.377932
tRNA-Pro-TGG-4-1	71	71	0.408	0.00574648	0.00574648
tRNA-Pro-CGG-1-2	72	72	61.054	0.847972	0.847972
tRNA-Lys-CTT-2-5	73	73	40.884	0.560055	0.560055
tRNA-Lys-CTT-5-1	73	73	29.237	0.400507	0.400507
tRNA-Pro-AGG-2-7	72	72	61.749	0.857625	0.857625
tRNA-Pro-TGG-3-4	72	72	26.74	0.371389	0.371389
tRNA-Pro-TGG-3-5	72	72	45.932	0.637944	0.637944
tRNA-Pro-AGG-2-8	72	72	80.121	1.11279	1.11279
tRNA-Lys-CTT-4-1	73	73	60.991	0.835493	0.835493
tRNA-Pro-AGG-1-1	72	72	47.15	0.654861	0.654861
tRNA-Arg-CCT-5-1	73	73	74.883	1.02579	1.02579
tRNA-Lys-CTT-14-1	73	73	13.58	0.186027	0.186027
tRNA-Thr-CGT-2-1	72	72	265.561	3.68835	3.68835
tRNA-Leu-TAG-3-1	82	82	265.957	3.24338	3.24338
tRNA-Leu-AAG-2-4	82	82	318.851	3.88843	3.88843
tRNA-Leu-CAG-2-1	83	83	261.533	3.151	3.151
tRNA-Leu-CAG-2-2	83	83	242.693	2.92401	2.92401
tRNA-Gly-GCC-3-1	71	71	117.869	1.66013	1.66013
tRNA-Gly-GCC-2-4	71	71	164.873	2.32215	2.32215
tRNA-Gly-GCC-5-1	71	71	193.589	2.72661	2.72661
tRNA-Gly-GCC-2-5	71	71	222.558	3.13462	3.13462
tRNA-Met-CAT-2-1	73	73	83.438	1.14299	1.14299
tRNA-Lys-TTT-1-1	73	73	17.888	0.245041	0.245041
tRNA-Met-CAT-6-1	73	73	41.112	0.563178	0.563178
tRNA-Lys-TTT-3-5	73	73	248.148	3.39929	3.39929
tRNA-Gln-CTG-1-5	72	72	241.899	3.35971	3.35971
tRNA-Leu-TAG-1-1	82	82	274.239	3.34438	3.34438
tRNA-Arg-TCT-2-1	88	88	300.182	3.41116	3.41116
tRNA-Gly-GCC-2-6	71	71	129.371	1.82213	1.82213
tRNA-Ser-CGA-1-1	82	82	269.684	3.28883	3.28883
tRNA-Thr-AGT-5-1	74	74	152.694	2.06343	2.06343
tRNA-Trp-CCA-3-3	72	72	217.989	3.02763	3.02763
tRNA-Ser-GCT-4-3	82	82	251.771	3.07038	3.07038
tRNA-Thr-AGT-1-1	74	74	119.994	1.62154	1.62154
tRNA-Ile-AAT-5-5	74	74	207.253	2.80072	2.80072
tRX-Ile-NNN-4-1	87	87	-35.564	-0.408782	-0.408782
tRNA-Trp-CCA-1-1	72	72	159.021	2.20863	2.20863
tRNA-Gly-TCC-3-1	72	72	140.003	1.94449	1.94449
tRNA-Asp-GTC-2-11	72	72	228.23	3.16986	3.16986
tRNA-Pro-CGG-1-3	72	72	259.055	3.59799	3.59799
tRNA-Thr-AGT-1-2	74	74	245.737	3.32077	3.32077
tRNA-Ser-AGA-2-6	82	82	269.107	3.28179	3.28179
tRNA-Ile-AAT-4-1	74	74	235.725	3.18547	3.18547
tRNA-Trp-CCA-2-1	72	72	115.011	1.59737	1.59737
tRNA-Gly-CCC-3-1	71	71	3.229	0.0454789	0.0454789
tRNA-Thr-CGT-4-1	72	72	182.865	2.53979	2.53979
tRNA-Asn-GTT-2-5	74	74	248.21	3.35419	3.35419
tRNA-Cys-GCA-14-1	72	72	108.02	1.50028	1.50028
tRNA-Cys-GCA-2-2	72	72	216.586	3.00814	3.00814
tRNA-Cys-GCA-4-1	72	72	224.505	3.11813	3.11813
tRNA-Cys-GCA-2-3	72	72	204.247	2.83676	2.83676
tRNA-Cys-GCA-2-4	72	72	224.208	3.114	3.114
tRX-Val-NNN-3-1	73	73	-11.019	-0.150945	-0.150945
tRNA-Gln-TTG-1-1	72	72	260.279	3.61499	3.61499
tRNA-Arg-CCG-2-1	73	73	230.185	3.15322	3.15322
tRNA-Arg-CCT-1-1	73	73	180.65	2.47466	2.47466
tRNA-Arg-CCT-2-1	73	73	110.853	1.51853	1.51853
tRNA-Arg-TCG-3-1	73	73	73.164	1.00225	1.00225
tRNA-iMet-CAT-1-8	72	72	38.177	0.530236	0.530236
tRNA-Gly-TCC-5-1	72	0	0	0	0
tRNA-Gly-TCC-6-1	72	72	2.704	0.0375556	0.0375556
tRNA-Phe-GAA-1-6	73	73	114.67	1.57082	1.57082
tRNA-Asn-GTT-2-6	74	74	246.656	3.33319	3.33319
tRNA-Gly-TCC-1-1	72	72	172.761	2.39946	2.39946
tRNA-Val-CAC-3-1	73	73	23.41	0.320685	0.320685
tRNA-Thr-AGT-1-3	74	74	200.662	2.71165	2.71165
tRNA-Lys-CTT-10-1	73	73	-4.58	-0.0627397	-0.0627397
tRNA-Ile-TAT-1-1	93	93	252.342	2.71335	2.71335
tRNA-Lys-TTT-10-1	73	73	-23.671	-0.32426	-0.32426
tRNA-SeC-TCA-1-1	87	87	298.397	3.42985	3.42985
tRNA-Lys-TTT-12-1	73	73	14.504	0.198685	0.198685
tRNA-Lys-CTT-11-1	74	74	-4.578	-0.0618649	-0.0618649
tRNA-Asn-GTT-26-1	74	74	13.737	0.185635	0.185635
tRNA-Glu-TTC-14-1	72	72	26.311	0.365431	0.365431
tRNA-Tyr-GTA-2-1	89	89	250.203	2.81127	2.81127
tRNA-Ala-AGC-8-1	73	73	271.68	3.72164	3.72164
tRNA-Ile-TAT-2-1	93	93	201.115	2.16253	2.16253
tRNA-Gln-TTG-5-1	73	73	14.164	0.194027	0.194027
tRNA-Gly-CCC-2-1	71	71	571.212	8.04524	8.04524
tRNA-Glu-TTC-13-1	73	73	4.093	0.0560685	0.0560685
tRNA-Pro-AGG-4-1	72	0	0	0	0
tRNA-Glu-TTC-1-1	72	72	113.242	1.57281	1.57281
tRNA-Ala-CGC-3-1	72	72	235.944	3.277	3.277
tRNA-Gly-GCC-2-2	71	71	164.453	2.31624	2.31624
tRNA-Glu-CTC-7-1	73	73	-19.826	-0.271589	-0.271589
tRNA-Glu-TTC-9-1	73	73	-8.528	-0.116822	-0.116822
tRNA-Gln-CTG-16-1	68	68	9.056	0.133176	0.133176
tRNA-Lys-TTT-15-1	73	73	2.15	0.0294521	0.0294521
tRNA-Gln-CTG-17-1	78	78	-11.948	-0.153179	-0.153179
tRNA-Leu-AAG-6-1	82	82	-1.4	-0.0170732	-0.0170732
tRNA-Gly-GCC-1-5	71	71	5.562	0.078338	0.078338
tRX-Und-NNN-9-1	79	79	18.61	0.23557	0.23557
tRNA-Cys-GCA-25-1	80	80	40.148	0.50185	0.50185
tRNA-Arg-ACG-2-1	73	73	243.977	3.34215	3.34215
tRX-Und-NNN-7-1	75	75	1.056	0.01408	0.01408
tRX-Pro-NNN-2-1	73	73	3.721	0.0509726	0.0509726
tRNA-Cys-GCA-6-1	72	72	191.21	2.65569	2.65569
tRNA-Cys-GCA-9-1	72	72	217.593	3.02212	3.02212
tRNA-Val-AAC-1-1	73	73	222.015	3.0413	3.0413
tRNA-Gln-TTG-6-1	73	73	12.723	0.174288	0.174288
tRNA-Cys-GCA-2-1	72	72	-6.422	-0.0891944	-0.0891944
tRNA-Lys-CTT-9-1	73	73	-2.416	-0.0330959	-0.0330959
tRNA-Gln-CTG-13-1	72	72	23.32	0.323889	0.323889
tRNA-Cys-ACA-1-1	176	176	-19.992	-0.113591	-0.113591
tRNA-Val-CAC-1-2	73	73	1.419	0.0194383	0.0194383
tRNA-Leu-AAG-1-1	82	82	13.259	0.161695	0.161695
tRNA-Leu-AAG-1-2	82	82	9.5	0.115854	0.115854
tRNA-Val-CAC-1-3	73	73	4.526	0.062	0.062
tRNA-Val-AAC-1-2	73	73	7.048	0.0965479	0.0965479
tRNA-Leu-AAG-7-1	85	85	-11.408	-0.134212	-0.134212
tRNA-Val-AAC-1-3	73	73	0.196	0.00268493	0.00268493
tRNA-Val-CAC-1-4	73	73	12.403	0.169904	0.169904
tRNA-Leu-AAG-1-3	82	82	1.973	0.024061	0.024061
tRNA-Leu-AAG-2-1	82	82	25.792	0.314537	0.314537
tRNA-Val-AAC-2-1	73	73	65.723	0.900315	0.900315
tRNA-Pro-TGG-3-1	72	72	173.953	2.41601	2.41601
tRNA-Thr-TGT-6-1	72	72	182.822	2.53919	2.53919
tRNA-Ala-TGC-3-1	72	72	185.736	2.57967	2.57967
tRNA-Lys-CTT-2-2	73	73	157.812	2.16181	2.16181
tRNA-Val-AAC-1-4	73	73	79.856	1.09392	1.09392
tRNA-Lys-CTT-2-3	73	73	62.596	0.857479	0.857479
tRNA-Val-CAC-1-5	73	73	185.505	2.54116	2.54116
tRNA-Gln-CTG-1-1	72	72	-1.871	-0.0259861	-0.0259861
tRNA-iMet-CAT-1-2	72	72	243.092	3.37628	3.37628
tRNA-Arg-TCG-4-1	73	73	146.09	2.00123	2.00123
tRNA-Ser-GCT-6-1	84	84	147.316	1.75376	1.75376
tRNA-Gln-TTG-3-1	72	72	159.163	2.2106	2.2106
tRNA-Gln-TTG-3-2	72	72	142.087	1.97343	1.97343
tRNA-Ser-TGA-3-1	82	82	219.663	2.67882	2.67882
tRNA-iMet-CAT-1-3	72	72	175.146	2.43258	2.43258
tRNA-Trp-CCA-3-1	72	72	107.229	1.48929	1.48929
tRNA-Arg-TCG-2-1	73	73	108.361	1.4844	1.4844
tRNA-Ser-AGA-2-1	82	82	171.507	2.09155	2.09155
tRNA-Arg-ACG-1-1	73	73	141.026	1.93186	1.93186
tRNA-iMet-CAT-1-4	72	72	114.154	1.58547	1.58547
tRNA-Trp-CCA-3-2	72	72	169.293	2.35129	2.35129
tRNA-Leu-CAG-1-7	83	83	154.047	1.85599	1.85599
tRNA-Thr-AGT-2-1	74	74	238.918	3.22862	3.22862
tRNA-Arg-ACG-1-2	73	73	205.053	2.80895	2.80895
tRNA-Val-CAC-1-6	73	73	204.65	2.80342	2.80342
tRNA-Ala-CGC-1-1	72	72	211.617	2.93913	2.93913
tRNA-Ile-AAT-5-1	74	74	213.037	2.87888	2.87888
tRNA-Pro-AGG-2-2	72	72	186.511	2.59043	2.59043
tRNA-Lys-CTT-2-4	73	73	143.868	1.97079	1.97079
tRNA-Tyr-GTA-1-1	91	91	192.193	2.11201	2.11201
tRNA-Ala-AGC-11-1	73	73	174.9	2.39589	2.39589
tRNA-Tyr-GTA-8-1	90	90	16.506	0.1834	0.1834
tRNA-Tyr-GTA-3-1	89	89	104.626	1.17557	1.17557
tRNA-Tyr-GTA-6-1	89	89	129.041	1.4499	1.4499
tRNA-Ala-AGC-14-1	73	73	35.531	0.486726	0.486726
tRNA-Ala-AGC-12-1	73	73	59.559	0.815877	0.815877
tRNA-Ala-AGC-10-1	73	73	41.978	0.575041	0.575041
tRNA-Met-CAT-5-1	73	73	34.497	0.472562	0.472562
tRNA-Ala-AGC-13-1	73	73	65.073	0.891411	0.891411
tRNA-Ile-AAT-7-1	74	74	48.172	0.650973	0.650973
tRNA-Ala-AGC-9-1	73	73	13.787	0.188863	0.188863
tRNA-Met-CAT-4-1	73	73	74.677	1.02297	1.02297
tRNA-Met-CAT-4-2	73	73	61.01	0.835753	0.835753
tRNA-Ile-AAT-6-1	74	74	49.914	0.674514	0.674514
tRNA-Met-CAT-4-3	73	73	77.037	1.0553	1.0553
tRNA-Ala-AGC-9-2	73	73	24.21	0.331644	0.331644
tRNA-Ile-AAT-7-2	74	74	59.36	0.802162	0.802162
tRNA-Ala-AGC-13-3	73	73	66.772	0.914685	0.914685
tRNA-Met-CAT-5-2	73	73	27.734	0.379918	0.379918
tRNA-Ala-AGC-10-2	73	73	26.257	0.359685	0.359685
tRNA-Ala-AGC-12-2	73	73	69.52	0.952329	0.952329
tRNA-Ala-AGC-14-2	73	73	40.966	0.561178	0.561178
tRNA-Ile-TAT-2-2	94	94	109.338	1.16317	1.16317
tRNA-Pro-CGG-2-1	72	72	110.722	1.53781	1.53781
tRNA-Ser-GCT-1-1	82	82	98.325	1.19909	1.19909
tRNA-His-GTG-1-5	72	72	87.041	1.2089	1.2089
tRNA-Thr-AGT-6-1	74	74	178.805	2.41628	2.41628
tRNA-Ile-AAT-5-2	74	74	77.122	1.04219	1.04219
tRNA-Val-CAC-6-1	73	73	73.721	1.00988	1.00988
tRNA-Ser-CGA-2-1	82	82	86.625	1.0564	1.0564
tRNA-Arg-ACG-2-2	73	73	36.347	0.497904	0.497904
tRNA-Arg-ACG-2-3	73	73	53.648	0.734904	0.734904
tRNA-Leu-TAA-4-1	83	83	90.304	1.088	1.088
tRNA-Val-AAC-5-1	73	73	86.895	1.19034	1.19034
tRNA-Ile-AAT-5-3	74	74	23.218	0.313757	0.313757
tRNA-Ile-AAT-9-1	74	74	17.582	0.237595	0.237595
tRNA-Ile-AAT-3-1	74	74	81.649	1.10336	1.10336
tRNA-Val-CAC-2-1	73	73	44.34	0.607397	0.607397
tRNA-Ile-AAT-10-1	74	74	-6.73	-0.0909459	-0.0909459
tRNA-Val-TAC-4-1	73	73	36.441	0.499192	0.499192
tRNA-Ser-ACT-1-1	74	74	41.705	0.563581	0.563581
tRNA-Gln-CTG-5-1	72	72	36.96	0.513333	0.513333
tRNA-Ser-GCT-2-1	82	82	93.4	1.13902	1.13902
tRNA-iMet-CAT-1-5	72	72	70.152	0.974333	0.974333
tRNA-Lys-TTT-6-1	73	73	75.514	1.03444	1.03444
tRNA-Ser-AGA-2-2	82	82	154.991	1.89013	1.89013
tRNA-Asp-GTC-2-6	72	72	68.507	0.951486	0.951486
tRNA-Ser-AGA-2-3	82	82	111.678	1.36193	1.36193
tRNA-Ser-AGA-2-4	82	82	131.086	1.59861	1.59861
tRNA-Asp-GTC-2-7	72	72	66.446	0.922861	0.922861
tRNA-Ser-TGA-4-1	82	82	65.568	0.79961	0.79961
tRNA-Gln-CTG-1-2	72	72	154.369	2.14401	2.14401
tRNA-Ser-AGA-3-1	82	82	136.775	1.66799	1.66799
tRNA-Ser-AGA-1-1	82	82	122.208	1.49034	1.49034
tRNA-Ser-TGA-2-1	82	82	98.218	1.19778	1.19778
tRNA-Gln-CTG-2-1	72	72	103.065	1.43146	1.43146
tRNA-Ser-AGA-4-1	82	82	109.641	1.33709	1.33709
tRNA-Arg-TCT-5-1	87	87	94.765	1.08925	1.08925
tRNA-Asp-GTC-3-1	72	72	39.415	0.547431	0.547431
tRNA-Lys-TTT-4-1	73	73	66.822	0.91537	0.91537
tRNA-iMet-CAT-1-6	72	72	120.002	1.66669	1.66669
tRNA-Leu-CAA-3-1	107	107	19.486	0.182112	0.182112
tRNA-Leu-CAA-2-1	108	108	76.431	0.707694	0.707694
tRNA-Thr-CGT-5-1	74	74	43.421	0.58677	0.58677
tRNA-Ile-TAT-2-3	94	94	188.857	2.00912	2.00912
tRNA-Val-AAC-3-1	73	73	54.878	0.751753	0.751753
tRNA-Phe-GAA-7-1	76	76	55.585	0.731382	0.731382
tRNA-Ile-AAT-8-1	74	74	82.613	1.11639	1.11639
tRNA-Arg-ACG-2-4	73	73	96.847	1.32667	1.32667
tRNA-Ser-CGA-3-1	82	82	70.069	0.8545	0.8545
tRNA-Val-AAC-4-1	73	73	63.299	0.86711	0.86711
tRNA-Thr-AGT-2-2	74	74	97.866	1.32251	1.32251
tRNA-Ile-AAT-2-1	74	74	67.427	0.911176	0.911176
tRNA-Leu-TAA-2-1	83	83	112.855	1.3597	1.3597
tRNA-Thr-AGT-4-1	74	74	81.512	1.10151	1.10151
tRNA-Val-AAC-1-5	73	73	60.711	0.831658	0.831658
tRNA-iMet-CAT-2-1	72	72	84.171	1.16904	1.16904
tRNA-Gln-CTG-6-1	72	72	84.384	1.172	1.172
tRNA-Gln-TTG-3-3	72	72	151.457	2.10357	2.10357
tRNA-iMet-CAT-1-7	72	72	157.014	2.18075	2.18075
tRNA-Gly-GCC-2-3	71	71	129.599	1.82534	1.82534
tRNA-Ser-GCT-5-1	82	82	130.633	1.59309	1.59309
tRNA-Thr-TGT-1-1	74	74	107.312	1.45016	1.45016
tRNA-Leu-AAG-4-1	82	82	64.083	0.7815	0.7815
tRX-Met-NNN-1-1	73	73	53.016	0.726247	0.726247
tRNA-Thr-CGT-1-1	74	74	131.28	1.77405	1.77405
tRNA-Ile-TAT-3-1	94	94	115.657	1.23039	1.23039
tRNA-Arg-TCG-5-1	73	73	151.416	2.07419	2.07419
tRNA-Gln-TTG-2-1	72	72	46.677	0.648292	0.648292
tRNA-Ser-GCT-4-1	82	82	136.524	1.66493	1.66493
tRNA-Ala-AGC-3-1	72	72	115.943	1.61032	1.61032
tRNA-Ala-TGC-9-1	73	73	67.001	0.917822	0.917822
tRNA-Ala-TGC-2-1	72	72	65.027	0.903153	0.903153
tRNA-Thr-CGT-3-1	74	74	103.086	1.39305	1.39305
tRNA-Ala-AGC-4-1	72	72	125.561	1.7439	1.7439
tRNA-Ala-CGC-2-1	72	72	143.746	1.99647	1.99647
tRNA-Lys-TTT-13-1	74	74	25.772	0.34827	0.34827
tRNA-Ala-AGC-5-1	72	72	60.91	0.845972	0.845972
tRNA-Ala-AGC-7-1	72	72	48.948	0.679833	0.679833
tRNA-Thr-AGT-3-1	74	74	75.371	1.01853	1.01853
tRNA-Phe-GAA-11-1	73	73	41.161	0.563849	0.563849
tRNA-Ala-CGC-4-1	72	72	65.873	0.914903	0.914903
tRNA-Arg-CCG-1-1	73	73	60.32	0.826301	0.826301
tRNA-Lys-TTT-7-1	73	73	55.976	0.766795	0.766795
tRNA-Ala-TGC-6-1	72	72	75.684	1.05117	1.05117
tRNA-Phe-GAA-6-1	74	74	65.189	0.880932	0.880932
tRNA-Ala-AGC-23-1	72	72	20.334	0.282417	0.282417
tRNA-Ala-TGC-1-1	72	72	51.173	0.710736	0.710736
tRNA-Phe-GAA-1-1	73	73	72.321	0.990699	0.990699
tRNA-Ala-AGC-1-1	72	72	25.659	0.356375	0.356375
tRNA-Ala-TGC-7-1	71	71	65.909	0.928296	0.928296
tRNA-Phe-GAA-3-1	73	73	71.571	0.980425	0.980425
tRNA-Ala-AGC-6-1	72	72	31.868	0.442611	0.442611
tRNA-Ala-TGC-5-1	72	72	87.291	1.21238	1.21238
tRNA-Phe-GAA-4-1	74	74	44.337	0.599149	0.599149
tRNA-Ala-AGC-2-1	72	72	114.419	1.58915	1.58915
tRNA-Ala-AGC-2-2	72	72	138.33	1.92125	1.92125
tRNA-Arg-CCG-1-2	73	73	86.252	1.18153	1.18153
tRNA-Leu-CAA-1-1	106	106	156.929	1.48046	1.48046
tRNA-Leu-CAA-1-2	105	105	127.115	1.21062	1.21062
tRNA-Gln-CTG-1-3	72	72	148.057	2.05635	2.05635
tRNA-Leu-AAG-2-2	82	82	109.857	1.33972	1.33972
tRNA-Met-CAT-3-1	73	73	152.151	2.08426	2.08426
tRNA-Lys-TTT-3-3	73	73	56.571	0.774945	0.774945
tRNA-Met-CAT-3-2	73	73	141.721	1.94138	1.94138
tRNA-Phe-GAA-1-2	73	73	88.614	1.21389	1.21389
tRNA-Glu-CTC-1-6	72	72	125.689	1.74568	1.74568
tRNA-Leu-AAG-3-1	82	82	108.975	1.32896	1.32896
tRNA-Gln-TTG-10-1	73	73	-8.327	-0.114068	-0.114068
tRNA-Ile-AAT-12-1	74	0	0	0	0
tRX-Met-NNN-2-1	74	74	61.002	0.824351	0.824351
tRNA-Ala-AGC-24-1	73	73	30.926	0.423644	0.423644
tRNA-Ile-AAT-1-1	74	74	54.276	0.733459	0.733459
tRNA-Ala-AGC-13-2	73	73	52.653	0.721274	0.721274
tRNA-Met-CAT-7-1	73	73	21.545	0.295137	0.295137
tRNA-Ala-AGC-12-3	73	73	29.15	0.399315	0.399315
tRNA-Ala-AGC-16-1	73	73	25.751	0.352753	0.352753
tRNA-Leu-TAA-5-1	83	83	-29.652	-0.357253	-0.357253
tRNA-Phe-GAA-8-1	73	73	-30.37	-0.416027	-0.416027
tRNA-Glu-CTC-1-7	72	72	203.216	2.82244	2.82244
tRNA-Leu-TAA-1-1	83	83	223.552	2.6934	2.6934
tRNA-Gln-TTG-4-1	72	72	-2.861	-0.0397361	-0.0397361
tRX-Lys-NNN-5-1	84	84	0.65	0.0077381	0.0077381
tRX-Trp-NNN-1-1	72	72	-2.907	-0.040375	-0.040375
tRX-Lys-NNN-4-1	73	73	-8.639	-0.118342	-0.118342
tRNA-Trp-CCA-5-1	72	72	61.498	0.854139	0.854139
tRNA-Pro-AGG-2-3	72	72	227.308	3.15706	3.15706
tRNA-Arg-CCT-4-1	73	73	293.513	4.02073	4.02073
tRNA-Cys-GCA-1-1	72	72	79.375	1.10243	1.10243
tRNA-Cys-GCA-9-2	72	72	85.435	1.1866	1.1866
tRNA-Cys-GCA-13-1	72	72	112.105	1.55701	1.55701
tRNA-Tyr-GTA-11-1	77	77	31.509	0.409208	0.409208
tRNA-Cys-GCA-18-1	72	72	66.343	0.921431	0.921431
tRNA-Cys-GCA-10-1	72	72	38.881	0.540014	0.540014
tRNA-Cys-GCA-11-1	72	72	80.403	1.11671	1.11671
tRNA-Cys-GCA-16-1	72	72	66.833	0.928236	0.928236
tRNA-Cys-GCA-22-1	70	70	52.926	0.756086	0.756086
tRNA-Cys-GCA-15-1	72	72	65.9	0.915278	0.915278
tRNA-Cys-GCA-3-1	72	72	174.698	2.42636	2.42636
tRNA-Cys-GCA-23-1	72	72	51.99	0.722083	0.722083
tRNA-Cys-GCA-20-1	72	72	55.534	0.771306	0.771306
tRNA-Cys-GCA-19-1	72	72	97.991	1.36099	1.36099
tRNA-Cys-GCA-9-3	72	72	88.435	1.22826	1.22826
tRNA-Cys-GCA-12-1	72	72	105.855	1.47021	1.47021
tRNA-Cys-GCA-21-1	72	72	72.242	1.00336	1.00336
tRNA-Cys-GCA-17-1	72	72	61.472	0.853778	0.853778
tRNA-Cys-GCA-9-4	72	72	101.295	1.40687	1.40687
tRNA-Tyr-GTA-9-1	88	88	-2.636	-0.0299545	-0.0299545
tRX-Arg-NNN-1-1	73	73	118.726	1.62638	1.62638
tRNA-Tyr-GTA-5-1	93	93	102.321	1.10023	1.10023
tRNA-Tyr-GTA-5-2	89	89	151.598	1.70335	1.70335
tRNA-Ala-AGC-8-2	73	73	243.471	3.33522	3.33522
tRNA-Ser-AGA-2-5	82	82	348.549	4.2506	4.2506
tRNA-Met-CAT-1-1	73	73	143.013	1.95908	1.95908
tRNA-Phe-GAA-12-1	76	76	19.497	0.256539	0.256539
tRX-Und-NNN-6-1	79	79	-3.069	-0.0388481	-0.0388481
tRNA-His-GTG-1-6	72	72	259.55	3.60486	3.60486
tRNA-iMet-CAT-3-1	75	75	6.612	0.08816	0.08816
tRNA-Arg-TCG-6-1	73	73	-5.762	-0.0789315	-0.0789315
tRX-Leu-NNN-1-1	83	83	-40.033	-0.482325	-0.482325
tRNA-Arg-TCT-3-1	91	91	83.357	0.916011	0.916011
tRNA-Ile-GAT-1-1	74	74	3.793	0.0512568	0.0512568
tRX-Ile-NNN-2-1	74	74	-17.367	-0.234689	-0.234689
tRNA-Ile-GAT-1-2	74	74	0.554	0.00748649	0.00748649
tRNA-Ile-GAT-1-3	74	74	-4.508	-0.0609189	-0.0609189
tRNA-Val-TAC-1-2	73	73	194.993	2.67114	2.67114
tRX-Pro-NNN-1-1	69	69	25.87	0.374928	0.374928
