tRNA-Und-NNN-4-1|acceptor_stem_3p|part1	8	8	0	0	0
tRNA-Und-NNN-4-1|t_arm|part1	17	17	0	0	0
tRNA-Und-NNN-4-1|variable_region|part1	2	2	0	0	0
tRNA-Und-NNN-4-1|anticodon_arm|part1	17	17	0	0	0
tRNA-Und-NNN-4-1|anticodon|part1	3	3	0	0	0
tRNA-Und-NNN-4-1|d_arm|part1	19	19	0	0	0
tRNA-Und-NNN-4-1|acceptor_stem_5p|part1	7	7	0	0	0
tRNA-Asn-GTT-5-1|acceptor_stem_3p|part1	8	8	0	0	0
tRNA-Asn-GTT-5-1|t_arm|part1	17	17	0	0	0
tRNA-Asn-GTT-5-1|variable_region|part1	6	6	0	0	0
tRNA-Asn-GTT-5-1|anticodon_arm|part1	17	17	0	0	0
tRNA-Asn-GTT-5-1|anticodon|part1	3	3	0	0	0
tRNA-Asn-GTT-5-1|d_arm|part1	19	19	0	0	0
tRNA-Asn-GTT-5-1|acceptor_stem_5p|part1	7	7	0	0	0
tRNA-Glu-TTC-4-1|acceptor_stem_3p|part1	8	8	0	0	0
tRNA-Glu-TTC-4-1|t_arm|part1	17	17	0	0	0
tRNA-Glu-TTC-4-1|variable_region|part1	4	4	0	0	0
tRNA-Glu-TTC-4-1|anticodon_arm|part1	17	17	0	0	0
tRNA-Glu-TTC-4-1|anticodon|part1	3	3	0	0	0
tRNA-Glu-TTC-4-1|d_arm|part1	19	19	0	0	0
tRNA-Glu-TTC-4-1|acceptor_stem_5p|part1	7	7	0	0	0
tRNA-Gly-CCC-1-1|acceptor_stem_3p|part1	8	8	0.781064	0.097633	0.097633
tRNA-Gly-CCC-1-1|t_arm|part1	17	17	1.65976	0.097633	0.097633
tRNA-Gly-CCC-1-1|variable_region|part1	3	3	0.292899	0.097633	0.097633
tRNA-Gly-CCC-1-1|anticodon_arm|part1	17	17	1.65976	0.097633	0.097633
tRNA-Gly-CCC-1-1|anticodon|part1	3	3	0.292899	0.097633	0.097633
tRNA-Gly-CCC-1-1|d_arm|part1	19	19	1.85503	0.097633	0.097633
tRNA-Gly-CCC-1-1|acceptor_stem_5p|part1	7	7	1.07396	0.153423	0.153423
tRNA-Val-CAC-11-1|acceptor_stem_3p|part1	8	8	0	0	0
tRNA-Val-CAC-11-1|t_arm|part1	17	17	0	0	0
tRNA-Val-CAC-11-1|variable_region|part1	5	5	0	0	0
tRNA-Val-CAC-11-1|anticodon_arm|part1	17	17	0	0	0
tRNA-Val-CAC-11-1|anticodon|part1	3	3	0	0	0
tRNA-Val-CAC-11-1|d_arm|part1	19	19	0	0	0
tRNA-Val-CAC-11-1|acceptor_stem_5p|part1	7	7	0	0	0
tRNA-Val-CAC-11-2|acceptor_stem_5p|part1	7	7	0	0	0
tRNA-Val-CAC-11-2|d_arm|part1	19	19	0	0	0
tRNA-Val-CAC-11-2|anticodon_arm|part1	17	17	0	0	0
tRNA-Val-CAC-11-2|anticodon|part1	3	3	0	0	0
tRNA-Val-CAC-11-2|variable_region|part1	5	5	0	0	0
tRNA-Val-CAC-11-2|t_arm|part1	17	17	0	0	0
tRNA-Val-CAC-11-2|acceptor_stem_3p|part1	8	8	0	0	0
tRNA-Gly-CCC-1-2|acceptor_stem_5p|part1	7	7	0.683431	0.097633	0.097633
tRNA-Gly-CCC-1-2|d_arm|part1	19	19	1.85503	0.097633	0.097633
tRNA-Gly-CCC-1-2|anticodon_arm|part1	17	17	1.65976	0.097633	0.097633
tRNA-Gly-CCC-1-2|anticodon|part1	3	3	0.292899	0.097633	0.097633
tRNA-Gly-CCC-1-2|variable_region|part1	3	3	0.292899	0.097633	0.097633
tRNA-Gly-CCC-1-2|t_arm|part1	17	17	1.65976	0.097633	0.097633
tRNA-Gly-CCC-1-2|acceptor_stem_3p|part1	8	8	0.781064	0.097633	0.097633
tRNA-Glu-TTC-3-1|acceptor_stem_5p|part1	7	7	0.683431	0.097633	0.097633
tRNA-Glu-TTC-3-1|d_arm|part1	19	19	1.85503	0.097633	0.097633
tRNA-Glu-TTC-3-1|anticodon_arm|part1	17	17	1.65976	0.097633	0.097633
tRNA-Glu-TTC-3-1|anticodon|part1	3	3	0.292899	0.097633	0.097633
tRNA-Glu-TTC-3-1|variable_region|part1	4	4	0.390532	0.097633	0.097633
tRNA-Glu-TTC-3-1|t_arm|part1	17	17	1.65976	0.097633	0.097633
tRNA-Glu-TTC-3-1|acceptor_stem_3p|part1	8	8	0.781064	0.097633	0.097633
tRNA-Asn-GTT-4-1|acceptor_stem_5p|part1	7	7	0.683431	0.097633	0.097633
tRNA-Asn-GTT-4-1|d_arm|part1	19	19	1.85503	0.097633	0.097633
tRNA-Asn-GTT-4-1|anticodon_arm|part1	17	17	1.65976	0.097633	0.097633
tRNA-Asn-GTT-4-1|anticodon|part1	3	3	0.292899	0.097633	0.097633
tRNA-Asn-GTT-4-1|variable_region|part1	6	6	0.585798	0.097633	0.097633
tRNA-Asn-GTT-4-1|t_arm|part1	17	17	1.65976	0.097633	0.097633
tRNA-Asn-GTT-4-1|acceptor_stem_3p|part1	8	8	0.781064	0.097633	0.097633
tRNA-Lys-CTT-12-1|acceptor_stem_5p|part1	7	7	0	0	0
tRNA-Lys-CTT-12-1|d_arm|part1	19	19	0	0	0
tRNA-Lys-CTT-12-1|anticodon_arm|part1	17	17	0	0	0
tRNA-Lys-CTT-12-1|anticodon|part1	3	3	0	0	0
tRNA-Lys-CTT-12-1|variable_region|part1	8	8	0	0	0
tRNA-Lys-CTT-12-1|t_arm|part1	17	17	0	0	0
tRNA-Lys-CTT-12-1|acceptor_stem_3p|part1	8	8	0	0	0
tRNA-Lys-CTT-7-1|acceptor_stem_3p|part1	8	8	0	0	0
tRNA-Lys-CTT-7-1|t_arm|part1	17	17	0	0	0
tRNA-Lys-CTT-7-1|variable_region|part1	5	5	0	0	0
tRNA-Lys-CTT-7-1|anticodon_arm|part1	17	17	0	0	0
tRNA-Lys-CTT-7-1|anticodon|part1	3	3	0	0	0
tRNA-Lys-CTT-7-1|d_arm|part1	19	19	0	0	0
tRNA-Lys-CTT-7-1|acceptor_stem_5p|part1	7	7	0	0	0
tRNA-Cys-GCA-7-1|acceptor_stem_3p|part1	8	8	0	0	0
tRNA-Cys-GCA-7-1|t_arm|part1	17	17	0	0	0
tRNA-Cys-GCA-7-1|variable_region|part1	5	5	0	0	0
tRNA-Cys-GCA-7-1|anticodon_arm|part1	17	17	0	0	0
tRNA-Cys-GCA-7-1|anticodon|part1	3	3	0	0	0
tRNA-Cys-GCA-7-1|d_arm|part1	19	19	0	0	0
tRNA-Cys-GCA-7-1|acceptor_stem_5p|part1	7	7	0	0	0
tRNA-Arg-TCT-1-1|acceptor_stem_5p|part1	7	7	28.7041	4.10059	4.10059
tRNA-Arg-TCT-1-1|d_arm|part1	19	19	76.349	4.01837	4.01837
tRNA-Arg-TCT-1-1|anticodon_arm|part1	11	11	40.8106	3.71005	3.71005
tRNA-Arg-TCT-1-1|anticodon|part1	3	3	11.1302	3.71005	3.71005
tRNA-Arg-TCT-1-1|intron|part1	12	12	44.5206	3.71005	3.71005
tRNA-Arg-TCT-1-1|anticodon_arm|part2	6	6	22.2603	3.71005	3.71005
tRNA-Arg-TCT-1-1|variable_region|part1	5	5	18.5503	3.71005	3.71005
tRNA-Arg-TCT-1-1|t_arm|part1	17	17	57.7011	3.39418	3.39418
tRNA-Arg-TCT-1-1|acceptor_stem_3p|part1	8	8	21.0887	2.63609	2.63609
tRNA-Asn-GTT-7-1|acceptor_stem_3p|part1	8	8	10.1538	1.26923	1.26923
tRNA-Asn-GTT-7-1|t_arm|part1	17	17	21.5769	1.26923	1.26923
tRNA-Asn-GTT-7-1|variable_region|part1	6	6	6.93194	1.15532	1.15532
tRNA-Asn-GTT-7-1|anticodon_arm|part1	17	17	26.5562	1.56213	1.56213
tRNA-Asn-GTT-7-1|anticodon|part1	3	3	4.68638	1.56213	1.56213
tRNA-Asn-GTT-7-1|d_arm|part1	19	19	29.6804	1.56213	1.56213
tRNA-Asn-GTT-7-1|acceptor_stem_5p|part1	7	7	10.9349	1.56213	1.56213
tRNA-Asn-GTT-11-1|acceptor_stem_3p|part1	8	8	0	0	0
tRNA-Asn-GTT-11-1|t_arm|part1	17	17	0	0	0
tRNA-Asn-GTT-11-1|variable_region|part1	6	6	0	0	0
tRNA-Asn-GTT-11-1|anticodon_arm|part1	17	17	0	0	0
tRNA-Asn-GTT-11-1|anticodon|part1	3	3	0	0	0
tRNA-Asn-GTT-11-1|d_arm|part1	19	19	0	0	0
tRNA-Asn-GTT-11-1|acceptor_stem_5p|part1	7	7	0	0	0
tRX-Phe-NNN-2-1|acceptor_stem_3p|part1	8	8	0	0	0
tRX-Phe-NNN-2-1|t_arm|part1	17	17	0	0	0
tRX-Phe-NNN-2-1|variable_region|part1	12	12	0	0	0
tRX-Phe-NNN-2-1|anticodon_arm|part1	17	17	0	0	0
tRX-Phe-NNN-2-1|anticodon|part1	3	3	0	0	0
tRX-Phe-NNN-2-1|d_arm|part1	19	19	0	0	0
tRX-Phe-NNN-2-1|acceptor_stem_5p|part1	7	7	0	0	0
tRNA-Val-CAC-5-1|acceptor_stem_3p|part1	8	8	1.56213	0.195266	0.195266
tRNA-Val-CAC-5-1|t_arm|part1	17	17	3.31952	0.195266	0.195266
tRNA-Val-CAC-5-1|variable_region|part1	5	5	0.97633	0.195266	0.195266
tRNA-Val-CAC-5-1|anticodon_arm|part1	17	17	3.31952	0.195266	0.195266
tRNA-Val-CAC-5-1|anticodon|part1	3	3	0.585798	0.195266	0.195266
tRNA-Val-CAC-5-1|d_arm|part1	19	19	4.10059	0.21582	0.21582
tRNA-Val-CAC-5-1|acceptor_stem_5p|part1	7	7	2.05029	0.292899	0.292899
tRNA-Asn-GTT-27-1|acceptor_stem_3p|part1	8	8	0	0	0
tRNA-Asn-GTT-27-1|t_arm|part1	17	17	0	0	0
tRNA-Asn-GTT-27-1|variable_region|part1	6	6	0	0	0
tRNA-Asn-GTT-27-1|anticodon_arm|part1	17	17	0	0	0
tRNA-Asn-GTT-27-1|anticodon|part1	3	3	0	0	0
tRNA-Asn-GTT-27-1|d_arm|part1	19	19	0	0	0
tRNA-Asn-GTT-27-1|acceptor_stem_5p|part1	7	7	0	0	0
tRNA-Gln-CTG-11-1|acceptor_stem_5p|part1	7	7	2.73372	0.390532	0.390532
tRNA-Gln-CTG-11-1|d_arm|part1	19	19	7.42011	0.390532	0.390532
tRNA-Gln-CTG-11-1|anticodon_arm|part1	17	17	6.63904	0.390532	0.390532
tRNA-Gln-CTG-11-1|anticodon|part1	3	3	1.1716	0.390532	0.390532
tRNA-Gln-CTG-11-1|variable_region|part1	4	4	1.56213	0.390532	0.390532
tRNA-Gln-CTG-11-1|t_arm|part1	17	17	6.63904	0.390532	0.390532
tRNA-Gln-CTG-11-1|acceptor_stem_3p|part1	8	8	3.12426	0.390532	0.390532
tRNA-Glu-TTC-7-1|acceptor_stem_3p|part1	8	8	0	0	0
tRNA-Glu-TTC-7-1|t_arm|part1	17	17	0	0	0
tRNA-Glu-TTC-7-1|variable_region|part1	4	4	0	0	0
tRNA-Glu-TTC-7-1|anticodon_arm|part1	17	17	0	0	0
tRNA-Glu-TTC-7-1|anticodon|part1	3	3	0	0	0
tRNA-Glu-TTC-7-1|d_arm|part1	19	19	0	0	0
tRNA-Glu-TTC-7-1|acceptor_stem_5p|part1	7	7	0	0	0
tRNA-Gln-CTG-4-2|acceptor_stem_5p|part1	7	7	3.41715	0.488165	0.488165
tRNA-Gln-CTG-4-2|d_arm|part1	19	19	9.27513	0.488165	0.488165
tRNA-Gln-CTG-4-2|anticodon_arm|part1	17	17	6.63904	0.390532	0.390532
tRNA-Gln-CTG-4-2|anticodon|part1	3	3	1.1716	0.390532	0.390532
tRNA-Gln-CTG-4-2|variable_region|part1	4	4	1.56213	0.390532	0.390532
tRNA-Gln-CTG-4-2|t_arm|part1	17	17	6.63904	0.390532	0.390532
tRNA-Gln-CTG-4-2|acceptor_stem_3p|part1	8	8	3.12426	0.390532	0.390532
tRNA-Asn-GTT-22-1|acceptor_stem_3p|part1	8	8	0	0	0
tRNA-Asn-GTT-22-1|t_arm|part1	17	17	0	0	0
tRNA-Asn-GTT-22-1|variable_region|part1	6	6	0	0	0
tRNA-Asn-GTT-22-1|anticodon_arm|part1	17	17	0	0	0
tRNA-Asn-GTT-22-1|anticodon|part1	3	3	0	0	0
tRNA-Asn-GTT-22-1|d_arm|part1	19	19	0	0	0
tRNA-Asn-GTT-22-1|acceptor_stem_5p|part1	7	7	0	0	0
tRNA-Asn-GTT-6-1|acceptor_stem_3p|part1	8	8	2.34319	0.292899	0.292899
tRNA-Asn-GTT-6-1|t_arm|part1	17	17	4.97928	0.292899	0.292899
tRNA-Asn-GTT-6-1|variable_region|part1	6	6	1.75739	0.292899	0.292899
tRNA-Asn-GTT-6-1|anticodon_arm|part1	17	17	4.97928	0.292899	0.292899
tRNA-Asn-GTT-6-1|anticodon|part1	3	3	0.878697	0.292899	0.292899
tRNA-Asn-GTT-6-1|d_arm|part1	19	19	5.56508	0.292899	0.292899
tRNA-Asn-GTT-6-1|acceptor_stem_5p|part1	7	7	2.05029	0.292899	0.292899
tRNA-Glu-TTC-10-1|acceptor_stem_3p|part1	8	8	0	0	0
tRNA-Glu-TTC-10-1|t_arm|part1	17	17	0	0	0
tRNA-Glu-TTC-10-1|variable_region|part1	5	5	0	0	0
tRNA-Glu-TTC-10-1|anticodon_arm|part1	17	17	0	0	0
tRNA-Glu-TTC-10-1|anticodon|part1	3	3	0	0	0
tRNA-Glu-TTC-10-1|d_arm|part1	19	19	0	0	0
tRNA-Glu-TTC-10-1|acceptor_stem_5p|part1	7	7	0	0	0
tRNA-Phe-GAA-9-1|acceptor_stem_3p|part1	8	8	0	0	0
tRNA-Phe-GAA-9-1|t_arm|part1	17	17	0	0	0
tRNA-Phe-GAA-9-1|variable_region|part1	12	12	0	0	0
tRNA-Phe-GAA-9-1|anticodon_arm|part1	17	17	0	0	0
tRNA-Phe-GAA-9-1|anticodon|part1	3	3	0	0	0
tRNA-Phe-GAA-9-1|d_arm|part1	19	19	0	0	0
tRNA-Phe-GAA-9-1|acceptor_stem_5p|part1	7	7	0	0	0
tRNA-Val-CAC-4-1|acceptor_stem_3p|part1	8	8	17.1834	2.14793	2.14793
tRNA-Val-CAC-4-1|t_arm|part1	17	17	36.5147	2.14793	2.14793
tRNA-Val-CAC-4-1|variable_region|part1	5	5	10.7396	2.14793	2.14793
tRNA-Val-CAC-4-1|anticodon_arm|part1	17	17	36.5147	2.14793	2.14793
tRNA-Val-CAC-4-1|anticodon|part1	3	3	6.44378	2.14793	2.14793
tRNA-Val-CAC-4-1|d_arm|part1	19	19	40.8106	2.14793	2.14793
tRNA-Val-CAC-4-1|acceptor_stem_5p|part1	7	7	15.0355	2.14793	2.14793
tRNA-Asn-GTT-12-1|acceptor_stem_3p|part1	8	8	0	0	0
tRNA-Asn-GTT-12-1|t_arm|part1	17	17	0	0	0
tRNA-Asn-GTT-12-1|variable_region|part1	6	6	0	0	0
tRNA-Asn-GTT-12-1|anticodon_arm|part1	17	17	0	0	0
tRNA-Asn-GTT-12-1|anticodon|part1	3	3	0	0	0
tRNA-Asn-GTT-12-1|d_arm|part1	19	19	0	0	0
tRNA-Asn-GTT-12-1|acceptor_stem_5p|part1	7	7	0	0	0
tRNA-Arg-CCT-7-1|acceptor_stem_3p|part1	8	8	0	0	0
tRNA-Arg-CCT-7-1|t_arm|part1	17	17	0	0	0
tRNA-Arg-CCT-7-1|variable_region|part1	3	3	0	0	0
tRNA-Arg-CCT-7-1|anticodon_arm|part1	17	17	0	0	0
tRNA-Arg-CCT-7-1|anticodon|part1	3	3	0	0	0
tRNA-Arg-CCT-7-1|d_arm|part1	19	19	0	0	0
tRNA-Arg-CCT-7-1|acceptor_stem_5p|part1	7	7	0	0	0
tRNA-Asn-GTT-3-1|acceptor_stem_5p|part1	7	7	0.683431	0.097633	0.097633
tRNA-Asn-GTT-3-1|d_arm|part1	19	19	1.85503	0.097633	0.097633
tRNA-Asn-GTT-3-1|anticodon_arm|part1	17	17	1.65976	0.097633	0.097633
tRNA-Asn-GTT-3-1|anticodon|part1	3	3	0.292899	0.097633	0.097633
tRNA-Asn-GTT-3-1|variable_region|part1	6	6	0.585798	0.097633	0.097633
tRNA-Asn-GTT-3-1|t_arm|part1	17	17	1.65976	0.097633	0.097633
tRNA-Asn-GTT-3-1|acceptor_stem_3p|part1	8	8	0.781064	0.097633	0.097633
tRNA-Asn-GTT-2-8|acceptor_stem_3p|part1	8	8	0	0	0
tRNA-Asn-GTT-2-8|t_arm|part1	17	17	0	0	0
tRNA-Asn-GTT-2-8|variable_region|part1	6	6	0	0	0
tRNA-Asn-GTT-2-8|anticodon_arm|part1	17	17	0	0	0
tRNA-Asn-GTT-2-8|anticodon|part1	3	3	0	0	0
tRNA-Asn-GTT-2-8|d_arm|part1	19	19	0	0	0
tRNA-Asn-GTT-2-8|acceptor_stem_5p|part1	7	7	0	0	0
tRNA-Asn-GTT-10-1|acceptor_stem_5p|part1	7	7	0	0	0
tRNA-Asn-GTT-10-1|d_arm|part1	19	19	0	0	0
tRNA-Asn-GTT-10-1|anticodon_arm|part1	17	17	0	0	0
tRNA-Asn-GTT-10-1|anticodon|part1	3	3	0	0	0
tRNA-Asn-GTT-10-1|variable_region|part1	6	6	0	0	0
tRNA-Asn-GTT-10-1|t_arm|part1	17	17	0	0	0
tRNA-Asn-GTT-10-1|acceptor_stem_3p|part1	8	8	0	0	0
tRNA-Val-CAC-14-1|acceptor_stem_5p|part1	7	7	0	0	0
tRNA-Val-CAC-14-1|d_arm|part1	19	19	0	0	0
tRNA-Val-CAC-14-1|anticodon_arm|part1	17	17	0	0	0
tRNA-Val-CAC-14-1|anticodon|part1	3	3	0	0	0
tRNA-Val-CAC-14-1|variable_region|part1	5	5	0	0	0
tRNA-Val-CAC-14-1|t_arm|part1	17	17	0	0	0
tRNA-Val-CAC-14-1|acceptor_stem_3p|part1	8	8	0	0	0
tRX-Phe-NNN-1-1|acceptor_stem_5p|part1	7	7	0	0	0
tRX-Phe-NNN-1-1|d_arm|part1	19	19	0	0	0
tRX-Phe-NNN-1-1|anticodon_arm|part1	17	17	0	0	0
tRX-Phe-NNN-1-1|anticodon|part1	3	3	0	0	0
tRX-Phe-NNN-1-1|variable_region|part1	12	12	0	0	0
tRX-Phe-NNN-1-1|t_arm|part1	17	17	0	0	0
tRX-Phe-NNN-1-1|acceptor_stem_3p|part1	8	8	0	0	0
tRNA-Glu-TTC-10-2|acceptor_stem_5p|part1	7	7	0	0	0
tRNA-Glu-TTC-10-2|d_arm|part1	19	19	0	0	0
tRNA-Glu-TTC-10-2|anticodon_arm|part1	17	17	0	0	0
tRNA-Glu-TTC-10-2|anticodon|part1	3	3	0	0	0
tRNA-Glu-TTC-10-2|variable_region|part1	5	5	0	0	0
tRNA-Glu-TTC-10-2|t_arm|part1	17	17	0	0	0
tRNA-Glu-TTC-10-2|acceptor_stem_3p|part1	8	8	0	0	0
tRNA-Asn-GTT-2-7|acceptor_stem_5p|part1	7	7	0	0	0
tRNA-Asn-GTT-2-7|d_arm|part1	19	19	0	0	0
tRNA-Asn-GTT-2-7|anticodon_arm|part1	17	17	0	0	0
tRNA-Asn-GTT-2-7|anticodon|part1	3	3	0	0	0
tRNA-Asn-GTT-2-7|variable_region|part1	6	6	0	0	0
tRNA-Asn-GTT-2-7|t_arm|part1	17	17	0	0	0
tRNA-Asn-GTT-2-7|acceptor_stem_3p|part1	8	8	0	0	0
tRX-Gly-NNN-3-1|acceptor_stem_5p|part1	7	7	0	0	0
tRX-Gly-NNN-3-1|d_arm|part1	19	19	0	0	0
tRX-Gly-NNN-3-1|anticodon_arm|part1	17	17	0	0	0
tRX-Gly-NNN-3-1|anticodon|part1	3	3	0	0	0
tRX-Gly-NNN-3-1|variable_region|part1	3	3	0	0	0
tRX-Gly-NNN-3-1|t_arm|part1	17	17	0	0	0
tRX-Gly-NNN-3-1|acceptor_stem_3p|part1	8	8	0	0	0
tRNA-Gln-CTG-3-1|acceptor_stem_5p|part1	7	7	0	0	0
tRNA-Gln-CTG-3-1|d_arm|part1	19	19	0	0	0
tRNA-Gln-CTG-3-1|anticodon_arm|part1	17	17	0	0	0
tRNA-Gln-CTG-3-1|anticodon|part1	3	3	0	0	0
tRNA-Gln-CTG-3-1|variable_region|part1	4	4	0	0	0
tRNA-Gln-CTG-3-1|t_arm|part1	17	17	0	0	0
tRNA-Gln-CTG-3-1|acceptor_stem_3p|part1	8	8	0	0	0
tRNA-Asn-GTT-9-1|acceptor_stem_3p|part1	8	8	0	0	0
tRNA-Asn-GTT-9-1|t_arm|part1	17	17	0	0	0
tRNA-Asn-GTT-9-1|variable_region|part1	6	6	0	0	0
tRNA-Asn-GTT-9-1|anticodon_arm|part1	17	17	0	0	0
tRNA-Asn-GTT-9-1|anticodon|part1	3	3	0	0	0
tRNA-Asn-GTT-9-1|d_arm|part1	19	19	0	0	0
tRNA-Asn-GTT-9-1|acceptor_stem_5p|part1	7	7	0	0	0
tRNA-Glu-CTC-1-1|acceptor_stem_5p|part1	7	7	31.5355	4.50507	4.50507
tRNA-Glu-CTC-1-1|d_arm|part1	19	19	83.4762	4.39348	4.39348
tRNA-Glu-CTC-1-1|anticodon_arm|part1	17	17	74.6892	4.39348	4.39348
tRNA-Glu-CTC-1-1|anticodon|part1	3	3	13.1805	4.39348	4.39348
tRNA-Glu-CTC-1-1|variable_region|part1	4	4	17.5739	4.39348	4.39348
tRNA-Glu-CTC-1-1|t_arm|part1	17	17	76.6419	4.50835	4.50835
tRNA-Glu-CTC-1-1|acceptor_stem_3p|part1	8	8	36.71	4.58875	4.58875
tRNA-Gly-TCC-2-1|acceptor_stem_5p|part1	7	7	20.5029	2.92899	2.92899
tRNA-Gly-TCC-2-1|d_arm|part1	19	19	55.6508	2.92899	2.92899
tRNA-Gly-TCC-2-1|anticodon_arm|part1	17	17	52.136	3.06682	3.06682
tRNA-Gly-TCC-2-1|anticodon|part1	3	3	9.07987	3.02662	3.02662
tRNA-Gly-TCC-2-1|variable_region|part1	4	4	12.8876	3.22189	3.22189
tRNA-Gly-TCC-2-1|t_arm|part1	17	17	54.7721	3.22189	3.22189
tRNA-Gly-TCC-2-1|acceptor_stem_3p|part1	8	8	25.7751	3.22189	3.22189
tRNA-His-GTG-1-1|acceptor_stem_5p|part1	7	7	16.8905	2.41293	2.41293
tRNA-His-GTG-1-1|d_arm|part1	19	19	46.3757	2.44082	2.44082
tRNA-His-GTG-1-1|anticodon_arm|part1	17	17	41.494	2.44082	2.44082
tRNA-His-GTG-1-1|anticodon|part1	3	3	7.32247	2.44082	2.44082
tRNA-His-GTG-1-1|variable_region|part1	4	4	9.7633	2.44082	2.44082
tRNA-His-GTG-1-1|t_arm|part1	17	17	43.8372	2.57866	2.57866
tRNA-His-GTG-1-1|acceptor_stem_3p|part1	8	8	21.0887	2.63609	2.63609
tRNA-Lys-CTT-2-1|acceptor_stem_5p|part1	7	7	14.352	2.05029	2.05029
tRNA-Lys-CTT-2-1|d_arm|part1	19	19	38.9556	2.05029	2.05029
tRNA-Lys-CTT-2-1|anticodon_arm|part1	17	17	34.855	2.05029	2.05029
tRNA-Lys-CTT-2-1|anticodon|part1	3	3	6.15088	2.05029	2.05029
tRNA-Lys-CTT-2-1|variable_region|part1	5	5	10.642	2.1284	2.1284
tRNA-Lys-CTT-2-1|t_arm|part1	17	17	36.5147	2.14793	2.14793
tRNA-Lys-CTT-2-1|acceptor_stem_3p|part1	8	8	17.1834	2.14793	2.14793
tRNA-Asn-GTT-24-1|acceptor_stem_5p|part1	7	7	0	0	0
tRNA-Asn-GTT-24-1|d_arm|part1	19	19	0	0	0
tRNA-Asn-GTT-24-1|anticodon_arm|part1	17	17	0	0	0
tRNA-Asn-GTT-24-1|anticodon|part1	3	3	0	0	0
tRNA-Asn-GTT-24-1|variable_region|part1	6	6	0	0	0
tRNA-Asn-GTT-24-1|t_arm|part1	17	17	0	0	0
tRNA-Asn-GTT-24-1|acceptor_stem_3p|part1	8	8	0	0	0
tRNA-Gly-CCC-8-1|acceptor_stem_5p|part1	7	7	0	0	0
tRNA-Gly-CCC-8-1|d_arm|part1	19	19	0	0	0
tRNA-Gly-CCC-8-1|anticodon_arm|part1	17	17	0	0	0
tRNA-Gly-CCC-8-1|anticodon|part1	3	3	0	0	0
tRNA-Gly-CCC-8-1|variable_region|part1	3	3	0	0	0
tRNA-Gly-CCC-8-1|t_arm|part1	17	17	0	0	0
tRNA-Gly-CCC-8-1|acceptor_stem_3p|part1	8	8	0	0	0
tRNA-His-GTG-1-2|acceptor_stem_5p|part1	7	7	1.36686	0.195266	0.195266
tRNA-His-GTG-1-2|d_arm|part1	19	19	3.71005	0.195266	0.195266
tRNA-His-GTG-1-2|anticodon_arm|part1	17	17	1.85503	0.109119	0.109119
tRNA-His-GTG-1-2|anticodon|part1	3	3	0.292899	0.097633	0.097633
tRNA-His-GTG-1-2|variable_region|part1	4	4	0.390532	0.097633	0.097633
tRNA-His-GTG-1-2|t_arm|part1	17	17	1.65976	0.097633	0.097633
tRNA-His-GTG-1-2|acceptor_stem_3p|part1	8	8	0.781064	0.097633	0.097633
tRNA-Arg-CCT-6-1|acceptor_stem_5p|part1	7	7	0	0	0
tRNA-Arg-CCT-6-1|d_arm|part1	19	19	0	0	0
tRNA-Arg-CCT-6-1|anticodon_arm|part1	17	17	0	0	0
tRNA-Arg-CCT-6-1|anticodon|part1	3	3	0	0	0
tRNA-Arg-CCT-6-1|variable_region|part1	3	3	0	0	0
tRNA-Arg-CCT-6-1|t_arm|part1	17	17	0	0	0
tRNA-Arg-CCT-6-1|acceptor_stem_3p|part1	8	8	0	0	0
tRX-Gly-NNN-1-2|acceptor_stem_5p|part1	7	7	0	0	0
tRX-Gly-NNN-1-2|d_arm|part1	19	19	0	0	0
tRX-Gly-NNN-1-2|anticodon_arm|part1	17	17	0	0	0
tRX-Gly-NNN-1-2|anticodon|part1	3	3	0	0	0
tRX-Gly-NNN-1-2|variable_region|part1	3	3	0	0	0
tRX-Gly-NNN-1-2|t_arm|part1	17	17	0	0	0
tRX-Gly-NNN-1-2|acceptor_stem_3p|part1	8	8	0	0	0
tRNA-Gln-CTG-3-2|acceptor_stem_5p|part1	7	7	0	0	0
tRNA-Gln-CTG-3-2|d_arm|part1	19	19	0	0	0
tRNA-Gln-CTG-3-2|anticodon_arm|part1	17	17	0	0	0
tRNA-Gln-CTG-3-2|anticodon|part1	3	3	0	0	0
tRNA-Gln-CTG-3-2|variable_region|part1	4	4	0	0	0
tRNA-Gln-CTG-3-2|t_arm|part1	17	17	0	0	0
tRNA-Gln-CTG-3-2|acceptor_stem_3p|part1	8	8	0	0	0
tRNA-Asn-GTT-9-2|acceptor_stem_3p|part1	8	8	0	0	0
tRNA-Asn-GTT-9-2|t_arm|part1	17	17	0	0	0
tRNA-Asn-GTT-9-2|variable_region|part1	6	6	0	0	0
tRNA-Asn-GTT-9-2|anticodon_arm|part1	17	17	0	0	0
tRNA-Asn-GTT-9-2|anticodon|part1	3	3	0	0	0
tRNA-Asn-GTT-9-2|d_arm|part1	19	19	0	0	0
tRNA-Asn-GTT-9-2|acceptor_stem_5p|part1	7	7	0	0	0
tRX-Gly-NNN-2-1|acceptor_stem_3p|part1	8	8	2.34319	0.292899	0.292899
tRX-Gly-NNN-2-1|t_arm|part1	17	17	3.80769	0.223982	0.223982
tRX-Gly-NNN-2-1|variable_region|part1	4	4	0.781064	0.195266	0.195266
tRX-Gly-NNN-2-1|anticodon_arm|part1	17	17	3.31952	0.195266	0.195266
tRX-Gly-NNN-2-1|anticodon|part1	3	3	0.585798	0.195266	0.195266
tRX-Gly-NNN-2-1|d_arm|part1	19	19	3.71005	0.195266	0.195266
tRX-Gly-NNN-2-1|acceptor_stem_5p|part1	7	7	1.36686	0.195266	0.195266
tRNA-Gln-CTG-4-1|acceptor_stem_3p|part1	8	8	3.12426	0.390532	0.390532
tRNA-Gln-CTG-4-1|t_arm|part1	17	17	6.05325	0.356073	0.356073
tRNA-Gln-CTG-4-1|variable_region|part1	4	4	1.1716	0.292899	0.292899
tRNA-Gln-CTG-4-1|anticodon_arm|part1	17	17	4.97928	0.292899	0.292899
tRNA-Gln-CTG-4-1|anticodon|part1	3	3	0.878697	0.292899	0.292899
tRNA-Gln-CTG-4-1|d_arm|part1	19	19	5.56508	0.292899	0.292899
tRNA-Gln-CTG-4-1|acceptor_stem_5p|part1	7	7	2.05029	0.292899	0.292899
tRNA-His-GTG-1-3|acceptor_stem_5p|part1	7	7	0	0	0
tRNA-His-GTG-1-3|d_arm|part1	19	19	0	0	0
tRNA-His-GTG-1-3|anticodon_arm|part1	17	17	0	0	0
tRNA-His-GTG-1-3|anticodon|part1	3	3	0	0	0
tRNA-His-GTG-1-3|variable_region|part1	4	4	0	0	0
tRNA-His-GTG-1-3|t_arm|part1	17	17	0	0	0
tRNA-His-GTG-1-3|acceptor_stem_3p|part1	8	8	0	0	0
tRNA-His-GTG-1-4|acceptor_stem_3p|part1	8	8	0	0	0
tRNA-His-GTG-1-4|t_arm|part1	17	17	0	0	0
tRNA-His-GTG-1-4|variable_region|part1	4	4	0	0	0
tRNA-His-GTG-1-4|anticodon_arm|part1	17	17	0	0	0
tRNA-His-GTG-1-4|anticodon|part1	3	3	0	0	0
tRNA-His-GTG-1-4|d_arm|part1	19	19	0	0	0
tRNA-His-GTG-1-4|acceptor_stem_5p|part1	7	7	0	0	0
tRNA-Glu-TTC-6-1|acceptor_stem_3p|part1	8	8	1.56213	0.195266	0.195266
tRNA-Glu-TTC-6-1|t_arm|part1	17	17	3.31952	0.195266	0.195266
tRNA-Glu-TTC-6-1|variable_region|part1	4	4	0.781064	0.195266	0.195266
tRNA-Glu-TTC-6-1|anticodon_arm|part1	17	17	3.31952	0.195266	0.195266
tRNA-Glu-TTC-6-1|anticodon|part1	3	3	0.585798	0.195266	0.195266
tRNA-Glu-TTC-6-1|d_arm|part1	19	19	3.71005	0.195266	0.195266
tRNA-Glu-TTC-6-1|acceptor_stem_5p|part1	7	7	1.1716	0.167371	0.167371
tRNA-Gln-CTG-7-1|acceptor_stem_5p|part1	7	7	0	0	0
tRNA-Gln-CTG-7-1|d_arm|part1	19	19	0	0	0
tRNA-Gln-CTG-7-1|anticodon_arm|part1	17	17	0	0	0
tRNA-Gln-CTG-7-1|anticodon|part1	3	3	0	0	0
tRNA-Gln-CTG-7-1|variable_region|part1	4	4	0	0	0
tRNA-Gln-CTG-7-1|t_arm|part1	17	17	0	0	0
tRNA-Gln-CTG-7-1|acceptor_stem_3p|part1	8	8	0	0	0
tRNA-Gln-CTG-9-1|acceptor_stem_5p|part1	7	7	1.36686	0.195266	0.195266
tRNA-Gln-CTG-9-1|d_arm|part1	19	19	3.71005	0.195266	0.195266
tRNA-Gln-CTG-9-1|anticodon_arm|part1	17	17	3.31952	0.195266	0.195266
tRNA-Gln-CTG-9-1|anticodon|part1	3	3	0.585798	0.195266	0.195266
tRNA-Gln-CTG-9-1|variable_region|part1	4	4	0.781064	0.195266	0.195266
tRNA-Gln-CTG-9-1|t_arm|part1	17	17	3.51479	0.206752	0.206752
tRNA-Gln-CTG-9-1|acceptor_stem_3p|part1	8	8	2.34319	0.292899	0.292899
tRNA-Asn-GTT-21-1|acceptor_stem_3p|part1	8	8	0	0	0
tRNA-Asn-GTT-21-1|t_arm|part1	17	17	0	0	0
tRNA-Asn-GTT-21-1|variable_region|part1	6	6	0	0	0
tRNA-Asn-GTT-21-1|anticodon_arm|part1	17	17	0	0	0
tRNA-Asn-GTT-21-1|anticodon|part1	3	3	0	0	0
tRNA-Asn-GTT-21-1|d_arm|part1	19	19	0	0	0
tRNA-Asn-GTT-21-1|acceptor_stem_5p|part1	7	7	0	0	0
tRNA-Asn-GTT-2-1|acceptor_stem_5p|part1	7	7	7.51774	1.07396	1.07396
tRNA-Asn-GTT-2-1|d_arm|part1	19	19	20.4053	1.07396	1.07396
tRNA-Asn-GTT-2-1|anticodon_arm|part1	17	17	16.8905	0.993559	0.993559
tRNA-Asn-GTT-2-1|anticodon|part1	3	3	3.22189	1.07396	1.07396
tRNA-Asn-GTT-2-1|variable_region|part1	6	6	5.27218	0.878697	0.878697
tRNA-Asn-GTT-2-1|t_arm|part1	17	17	14.9378	0.878697	0.878697
tRNA-Asn-GTT-2-1|acceptor_stem_3p|part1	8	8	7.02957	0.878697	0.878697
tRNA-Asn-GTT-25-1|acceptor_stem_3p|part1	8	8	0	0	0
tRNA-Asn-GTT-25-1|t_arm|part1	17	17	0	0	0
tRNA-Asn-GTT-25-1|variable_region|part1	7	7	0	0	0
tRNA-Asn-GTT-25-1|anticodon_arm|part1	17	17	0	0	0
tRNA-Asn-GTT-25-1|anticodon|part1	3	3	0	0	0
tRNA-Asn-GTT-25-1|d_arm|part1	19	19	0	0	0
tRNA-Asn-GTT-25-1|acceptor_stem_5p|part1	7	7	0	0	0
tRNA-Asn-GTT-16-5|acceptor_stem_5p|part1	7	7	0	0	0
tRNA-Asn-GTT-16-5|d_arm|part1	19	19	0	0	0
tRNA-Asn-GTT-16-5|anticodon_arm|part1	17	17	0	0	0
tRNA-Asn-GTT-16-5|anticodon|part1	3	3	0	0	0
tRNA-Asn-GTT-16-5|variable_region|part1	6	6	0	0	0
tRNA-Asn-GTT-16-5|t_arm|part1	17	17	0	0	0
tRNA-Asn-GTT-16-5|acceptor_stem_3p|part1	8	8	0	0	0
tRNA-Asn-GTT-11-2|acceptor_stem_3p|part1	8	8	0	0	0
tRNA-Asn-GTT-11-2|t_arm|part1	17	17	0	0	0
tRNA-Asn-GTT-11-2|variable_region|part1	6	6	0	0	0
tRNA-Asn-GTT-11-2|anticodon_arm|part1	17	17	0	0	0
tRNA-Asn-GTT-11-2|anticodon|part1	3	3	0	0	0
tRNA-Asn-GTT-11-2|d_arm|part1	19	19	0	0	0
tRNA-Asn-GTT-11-2|acceptor_stem_5p|part1	7	7	0	0	0
tRNA-Glu-TTC-8-1|acceptor_stem_3p|part1	8	8	0	0	0
tRNA-Glu-TTC-8-1|t_arm|part1	17	17	0	0	0
tRNA-Glu-TTC-8-1|variable_region|part1	5	5	0	0	0
tRNA-Glu-TTC-8-1|anticodon_arm|part1	17	17	0	0	0
tRNA-Glu-TTC-8-1|anticodon|part1	3	3	0	0	0
tRNA-Glu-TTC-8-1|d_arm|part1	19	19	0	0	0
tRNA-Glu-TTC-8-1|acceptor_stem_5p|part1	7	7	0	0	0
tRNA-Phe-GAA-10-1|acceptor_stem_3p|part1	8	8	0	0	0
tRNA-Phe-GAA-10-1|t_arm|part1	17	17	0	0	0
tRNA-Phe-GAA-10-1|variable_region|part1	12	12	0	0	0
tRNA-Phe-GAA-10-1|anticodon_arm|part1	17	17	0	0	0
tRNA-Phe-GAA-10-1|anticodon|part1	3	3	0	0	0
tRNA-Phe-GAA-10-1|d_arm|part1	19	19	0	0	0
tRNA-Phe-GAA-10-1|acceptor_stem_5p|part1	7	7	0	0	0
tRX-Val-NNN-4-1|acceptor_stem_3p|part1	8	8	0	0	0
tRX-Val-NNN-4-1|t_arm|part1	17	17	0	0	0
tRX-Val-NNN-4-1|variable_region|part1	3	3	0	0	0
tRX-Val-NNN-4-1|anticodon_arm|part1	17	17	0	0	0
tRX-Val-NNN-4-1|anticodon|part1	3	3	0	0	0
tRX-Val-NNN-4-1|d_arm|part1	19	19	0	0	0
tRX-Val-NNN-4-1|acceptor_stem_5p|part1	7	7	0	0	0
tRNA-Val-CAC-1-7|acceptor_stem_3p|part1	8	8	0	0	0
tRNA-Val-CAC-1-7|t_arm|part1	17	17	0	0	0
tRNA-Val-CAC-1-7|variable_region|part1	5	5	0	0	0
tRNA-Val-CAC-1-7|anticodon_arm|part1	17	17	0	0	0
tRNA-Val-CAC-1-7|anticodon|part1	3	3	0	0	0
tRNA-Val-CAC-1-7|d_arm|part1	19	19	0	0	0
tRNA-Val-CAC-1-7|acceptor_stem_5p|part1	7	7	0	0	0
tRNA-Asn-GTT-8-1|acceptor_stem_3p|part1	8	8	0	0	0
tRNA-Asn-GTT-8-1|t_arm|part1	17	17	0	0	0
tRNA-Asn-GTT-8-1|variable_region|part1	6	6	0	0	0
tRNA-Asn-GTT-8-1|anticodon_arm|part1	17	17	0	0	0
tRNA-Asn-GTT-8-1|anticodon|part1	3	3	0	0	0
tRNA-Asn-GTT-8-1|d_arm|part1	19	19	0	0	0
tRNA-Asn-GTT-8-1|acceptor_stem_5p|part1	7	7	0	0	0
tRNA-iMet-CAT-1-1|acceptor_stem_5p|part1	7	7	45.7899	6.54141	6.54141
tRNA-iMet-CAT-1-1|d_arm|part1	19	19	124.287	6.54141	6.54141
tRNA-iMet-CAT-1-1|anticodon_arm|part1	17	17	111.204	6.54141	6.54141
tRNA-iMet-CAT-1-1|anticodon|part1	3	3	19.6242	6.54141	6.54141
tRNA-iMet-CAT-1-1|variable_region|part1	4	4	26.1656	6.54141	6.54141
tRNA-iMet-CAT-1-1|t_arm|part1	17	17	111.204	6.54141	6.54141
tRNA-iMet-CAT-1-1|acceptor_stem_3p|part1	8	8	52.3313	6.54141	6.54141
tRNA-Arg-TCT-4-1|acceptor_stem_3p|part1	8	8	0	0	0
tRNA-Arg-TCT-4-1|t_arm|part1	17	17	0	0	0
tRNA-Arg-TCT-4-1|variable_region|part1	6	6	0	0	0
tRNA-Arg-TCT-4-1|anticodon_arm|part1	17	17	0	0	0
tRNA-Arg-TCT-4-1|anticodon|part1	3	3	0	0	0
tRNA-Arg-TCT-4-1|d_arm|part1	19	19	0	0	0
tRNA-Arg-TCT-4-1|acceptor_stem_5p|part1	7	7	0	0	0
tRNA-Val-CAC-1-1|acceptor_stem_3p|part1	8	8	40.6153	5.07692	5.07692
tRNA-Val-CAC-1-1|t_arm|part1	17	17	76.7395	4.51409	4.51409
tRNA-Val-CAC-1-1|variable_region|part1	5	5	21.9674	4.39348	4.39348
tRNA-Val-CAC-1-1|anticodon_arm|part1	17	17	74.6892	4.39348	4.39348
tRNA-Val-CAC-1-1|anticodon|part1	3	3	13.1805	4.39348	4.39348
tRNA-Val-CAC-1-1|d_arm|part1	19	19	82.4999	4.3421	4.3421
tRNA-Val-CAC-1-1|acceptor_stem_5p|part1	7	7	29.3875	4.19822	4.19822
tRNA-Und-NNN-3-1|acceptor_stem_5p|part1	7	7	2.05029	0.292899	0.292899
tRNA-Und-NNN-3-1|d_arm|part1	19	19	5.56508	0.292899	0.292899
tRNA-Und-NNN-3-1|anticodon_arm|part1	17	17	5.27218	0.310128	0.310128
tRNA-Und-NNN-3-1|anticodon|part1	3	3	0.878697	0.292899	0.292899
tRNA-Und-NNN-3-1|variable_region|part1	5	5	1.95266	0.390532	0.390532
tRNA-Und-NNN-3-1|t_arm|part1	17	17	6.63904	0.390532	0.390532
tRNA-Und-NNN-3-1|acceptor_stem_3p|part1	8	8	3.12426	0.390532	0.390532
tRNA-Glu-TTC-4-2|acceptor_stem_3p|part1	8	8	11.716	1.46449	1.46449
tRNA-Glu-TTC-4-2|t_arm|part1	17	17	25.5798	1.5047	1.5047
tRNA-Glu-TTC-4-2|variable_region|part1	4	4	6.24851	1.56213	1.56213
tRNA-Glu-TTC-4-2|anticodon_arm|part1	17	17	26.5562	1.56213	1.56213
tRNA-Glu-TTC-4-2|anticodon|part1	3	3	4.68638	1.56213	1.56213
tRNA-Glu-TTC-4-2|d_arm|part1	19	19	29.6804	1.56213	1.56213
tRNA-Glu-TTC-4-2|acceptor_stem_5p|part1	7	7	10.9349	1.56213	1.56213
tRNA-Asn-GTT-2-2|acceptor_stem_3p|part1	8	8	7.02957	0.878697	0.878697
tRNA-Asn-GTT-2-2|t_arm|part1	17	17	14.9378	0.878697	0.878697
tRNA-Asn-GTT-2-2|variable_region|part1	6	6	5.27218	0.878697	0.878697
tRNA-Asn-GTT-2-2|anticodon_arm|part1	17	17	14.9378	0.878697	0.878697
tRNA-Asn-GTT-2-2|anticodon|part1	3	3	2.63609	0.878697	0.878697
tRNA-Asn-GTT-2-2|d_arm|part1	19	19	16.6952	0.878697	0.878697
tRNA-Asn-GTT-2-2|acceptor_stem_5p|part1	7	7	6.15088	0.878697	0.878697
tRNA-Gly-TCC-4-1|acceptor_stem_3p|part1	8	8	19.5266	2.44082	2.44082
tRNA-Gly-TCC-4-1|t_arm|part1	17	17	41.494	2.44082	2.44082
tRNA-Gly-TCC-4-1|variable_region|part1	4	4	9.7633	2.44082	2.44082
tRNA-Gly-TCC-4-1|anticodon_arm|part1	17	17	40.3224	2.37191	2.37191
tRNA-Gly-TCC-4-1|anticodon|part1	3	3	7.32247	2.44082	2.44082
tRNA-Gly-TCC-4-1|d_arm|part1	19	19	42.6656	2.24556	2.24556
tRNA-Gly-TCC-4-1|acceptor_stem_5p|part1	7	7	15.7189	2.24556	2.24556
tRNA-Asp-GTC-2-1|acceptor_stem_3p|part1	8	8	7.81064	0.97633	0.97633
tRNA-Asp-GTC-2-1|t_arm|part1	17	17	16.5976	0.97633	0.97633
tRNA-Asp-GTC-2-1|variable_region|part1	4	4	3.90532	0.97633	0.97633
tRNA-Asp-GTC-2-1|anticodon_arm|part1	17	17	15.6213	0.918899	0.918899
tRNA-Asp-GTC-2-1|anticodon|part1	3	3	2.63609	0.878697	0.878697
tRNA-Asp-GTC-2-1|d_arm|part1	19	19	16.6952	0.878697	0.878697
tRNA-Asp-GTC-2-1|acceptor_stem_5p|part1	7	7	6.15088	0.878697	0.878697
tRNA-Leu-CAG-1-1|acceptor_stem_5p|part1	7	7	0	0	0
tRNA-Leu-CAG-1-1|d_arm|part1	19	19	0	0	0
tRNA-Leu-CAG-1-1|anticodon_arm|part1	17	17	0	0	0
tRNA-Leu-CAG-1-1|anticodon|part1	3	3	0	0	0
tRNA-Leu-CAG-1-1|variable_region|part1	15	15	0	0	0
tRNA-Leu-CAG-1-1|t_arm|part1	17	17	0	0	0
tRNA-Leu-CAG-1-1|acceptor_stem_3p|part1	8	8	0	0	0
tRNA-Gly-GCC-1-1|acceptor_stem_5p|part1	7	7	0	0	0
tRNA-Gly-GCC-1-1|d_arm|part1	19	19	0	0	0
tRNA-Gly-GCC-1-1|anticodon_arm|part1	17	17	0	0	0
tRNA-Gly-GCC-1-1|anticodon|part1	3	3	0	0	0
tRNA-Gly-GCC-1-1|variable_region|part1	3	3	0	0	0
tRNA-Gly-GCC-1-1|t_arm|part1	17	17	0	0	0
tRNA-Gly-GCC-1-1|acceptor_stem_3p|part1	8	8	0	0	0
tRNA-Glu-CTC-1-2|acceptor_stem_3p|part1	8	8	0	0	0
tRNA-Glu-CTC-1-2|t_arm|part1	17	17	0	0	0
tRNA-Glu-CTC-1-2|variable_region|part1	4	4	0	0	0
tRNA-Glu-CTC-1-2|anticodon_arm|part1	17	17	0	0	0
tRNA-Glu-CTC-1-2|anticodon|part1	3	3	0	0	0
tRNA-Glu-CTC-1-2|d_arm|part1	19	19	0	0	0
tRNA-Glu-CTC-1-2|acceptor_stem_5p|part1	7	7	0	0	0
tRNA-Gly-TCC-2-2|acceptor_stem_3p|part1	8	8	0	0	0
tRNA-Gly-TCC-2-2|t_arm|part1	17	17	0	0	0
tRNA-Gly-TCC-2-2|variable_region|part1	4	4	0	0	0
tRNA-Gly-TCC-2-2|anticodon_arm|part1	17	17	0	0	0
tRNA-Gly-TCC-2-2|anticodon|part1	3	3	0	0	0
tRNA-Gly-TCC-2-2|d_arm|part1	19	19	0	0	0
tRNA-Gly-TCC-2-2|acceptor_stem_5p|part1	7	7	0	0	0
tRNA-Asp-GTC-2-2|acceptor_stem_3p|part1	8	8	0	0	0
tRNA-Asp-GTC-2-2|t_arm|part1	17	17	0	0	0
tRNA-Asp-GTC-2-2|variable_region|part1	4	4	0	0	0
tRNA-Asp-GTC-2-2|anticodon_arm|part1	17	17	0	0	0
tRNA-Asp-GTC-2-2|anticodon|part1	3	3	0	0	0
tRNA-Asp-GTC-2-2|d_arm|part1	19	19	0	0	0
tRNA-Asp-GTC-2-2|acceptor_stem_5p|part1	7	7	0	0	0
tRNA-Leu-CAG-1-2|acceptor_stem_5p|part1	7	7	0	0	0
tRNA-Leu-CAG-1-2|d_arm|part1	19	19	0	0	0
tRNA-Leu-CAG-1-2|anticodon_arm|part1	17	17	0	0	0
tRNA-Leu-CAG-1-2|anticodon|part1	3	3	0	0	0
tRNA-Leu-CAG-1-2|variable_region|part1	15	15	0	0	0
tRNA-Leu-CAG-1-2|t_arm|part1	17	17	0	0	0
tRNA-Leu-CAG-1-2|acceptor_stem_3p|part1	8	8	0	0	0
tRNA-Gly-GCC-1-2|acceptor_stem_5p|part1	7	7	0	0	0
tRNA-Gly-GCC-1-2|d_arm|part1	19	19	0	0	0
tRNA-Gly-GCC-1-2|anticodon_arm|part1	17	17	0	0	0
tRNA-Gly-GCC-1-2|anticodon|part1	3	3	0	0	0
tRNA-Gly-GCC-1-2|variable_region|part1	3	3	0	0	0
tRNA-Gly-GCC-1-2|t_arm|part1	17	17	0	0	0
tRNA-Gly-GCC-1-2|acceptor_stem_3p|part1	8	8	0	0	0
tRNA-Glu-CTC-1-3|acceptor_stem_3p|part1	8	8	0	0	0
tRNA-Glu-CTC-1-3|t_arm|part1	17	17	0	0	0
tRNA-Glu-CTC-1-3|variable_region|part1	4	4	0	0	0
tRNA-Glu-CTC-1-3|anticodon_arm|part1	17	17	0	0	0
tRNA-Glu-CTC-1-3|anticodon|part1	3	3	0	0	0
tRNA-Glu-CTC-1-3|d_arm|part1	19	19	0	0	0
tRNA-Glu-CTC-1-3|acceptor_stem_5p|part1	7	7	0	0	0
tRNA-Gly-TCC-2-3|acceptor_stem_3p|part1	8	8	0	0	0
tRNA-Gly-TCC-2-3|t_arm|part1	17	17	0	0	0
tRNA-Gly-TCC-2-3|variable_region|part1	4	4	0	0	0
tRNA-Gly-TCC-2-3|anticodon_arm|part1	17	17	0	0	0
tRNA-Gly-TCC-2-3|anticodon|part1	3	3	0	0	0
tRNA-Gly-TCC-2-3|d_arm|part1	19	19	0	0	0
tRNA-Gly-TCC-2-3|acceptor_stem_5p|part1	7	7	0	0	0
tRNA-Asp-GTC-2-3|acceptor_stem_3p|part1	8	8	0	0	0
tRNA-Asp-GTC-2-3|t_arm|part1	17	17	0	0	0
tRNA-Asp-GTC-2-3|variable_region|part1	4	4	0	0	0
tRNA-Asp-GTC-2-3|anticodon_arm|part1	17	17	0	0	0
tRNA-Asp-GTC-2-3|anticodon|part1	3	3	0	0	0
tRNA-Asp-GTC-2-3|d_arm|part1	19	19	0	0	0
tRNA-Asp-GTC-2-3|acceptor_stem_5p|part1	7	7	0	0	0
tRNA-Leu-CAG-1-3|acceptor_stem_5p|part1	7	7	0	0	0
tRNA-Leu-CAG-1-3|d_arm|part1	19	19	0	0	0
tRNA-Leu-CAG-1-3|anticodon_arm|part1	17	17	0	0	0
tRNA-Leu-CAG-1-3|anticodon|part1	3	3	0	0	0
tRNA-Leu-CAG-1-3|variable_region|part1	15	15	0	0	0
tRNA-Leu-CAG-1-3|t_arm|part1	17	17	0	0	0
tRNA-Leu-CAG-1-3|acceptor_stem_3p|part1	8	8	0	0	0
tRNA-Gly-GCC-1-3|acceptor_stem_5p|part1	7	7	0	0	0
tRNA-Gly-GCC-1-3|d_arm|part1	19	19	0	0	0
tRNA-Gly-GCC-1-3|anticodon_arm|part1	17	17	0	0	0
tRNA-Gly-GCC-1-3|anticodon|part1	3	3	0	0	0
tRNA-Gly-GCC-1-3|variable_region|part1	3	3	0	0	0
tRNA-Gly-GCC-1-3|t_arm|part1	17	17	0	0	0
tRNA-Gly-GCC-1-3|acceptor_stem_3p|part1	8	8	0	0	0
tRNA-Glu-CTC-1-4|acceptor_stem_3p|part1	8	8	0	0	0
tRNA-Glu-CTC-1-4|t_arm|part1	17	17	0	0	0
tRNA-Glu-CTC-1-4|variable_region|part1	4	4	0	0	0
tRNA-Glu-CTC-1-4|anticodon_arm|part1	17	17	0	0	0
tRNA-Glu-CTC-1-4|anticodon|part1	3	3	0	0	0
tRNA-Glu-CTC-1-4|d_arm|part1	19	19	0	0	0
tRNA-Glu-CTC-1-4|acceptor_stem_5p|part1	7	7	0	0	0
tRNA-Gly-TCC-2-4|acceptor_stem_3p|part1	8	8	0	0	0
tRNA-Gly-TCC-2-4|t_arm|part1	17	17	0	0	0
tRNA-Gly-TCC-2-4|variable_region|part1	4	4	0	0	0
tRNA-Gly-TCC-2-4|anticodon_arm|part1	17	17	0	0	0
tRNA-Gly-TCC-2-4|anticodon|part1	3	3	0	0	0
tRNA-Gly-TCC-2-4|d_arm|part1	19	19	0	0	0
tRNA-Gly-TCC-2-4|acceptor_stem_5p|part1	7	7	0	0	0
tRNA-Asp-GTC-2-4|acceptor_stem_3p|part1	8	8	0	0	0
tRNA-Asp-GTC-2-4|t_arm|part1	17	17	0	0	0
tRNA-Asp-GTC-2-4|variable_region|part1	4	4	0	0	0
tRNA-Asp-GTC-2-4|anticodon_arm|part1	17	17	0	0	0
tRNA-Asp-GTC-2-4|anticodon|part1	3	3	0	0	0
tRNA-Asp-GTC-2-4|d_arm|part1	19	19	0	0	0
tRNA-Asp-GTC-2-4|acceptor_stem_5p|part1	7	7	0	0	0
tRNA-Leu-CAG-1-4|acceptor_stem_5p|part1	7	7	0	0	0
tRNA-Leu-CAG-1-4|d_arm|part1	19	19	0	0	0
tRNA-Leu-CAG-1-4|anticodon_arm|part1	17	17	0	0	0
tRNA-Leu-CAG-1-4|anticodon|part1	3	3	0	0	0
tRNA-Leu-CAG-1-4|variable_region|part1	15	15	0	0	0
tRNA-Leu-CAG-1-4|t_arm|part1	17	17	0	0	0
tRNA-Leu-CAG-1-4|acceptor_stem_3p|part1	8	8	0	0	0
tRNA-Gly-GCC-1-4|acceptor_stem_5p|part1	7	7	0	0	0
tRNA-Gly-GCC-1-4|d_arm|part1	19	19	0	0	0
tRNA-Gly-GCC-1-4|anticodon_arm|part1	17	17	0	0	0
tRNA-Gly-GCC-1-4|anticodon|part1	3	3	0	0	0
tRNA-Gly-GCC-1-4|variable_region|part1	3	3	0	0	0
tRNA-Gly-GCC-1-4|t_arm|part1	17	17	0	0	0
tRNA-Gly-GCC-1-4|acceptor_stem_3p|part1	8	8	0	0	0
tRNA-Glu-CTC-1-5|acceptor_stem_3p|part1	8	8	0	0	0
tRNA-Glu-CTC-1-5|t_arm|part1	17	17	0	0	0
tRNA-Glu-CTC-1-5|variable_region|part1	4	4	0	0	0
tRNA-Glu-CTC-1-5|anticodon_arm|part1	17	17	0	0	0
tRNA-Glu-CTC-1-5|anticodon|part1	3	3	0	0	0
tRNA-Glu-CTC-1-5|d_arm|part1	19	19	0	0	0
tRNA-Glu-CTC-1-5|acceptor_stem_5p|part1	7	7	0	0	0
tRNA-Gly-TCC-2-5|acceptor_stem_3p|part1	8	8	0	0	0
tRNA-Gly-TCC-2-5|t_arm|part1	17	17	0	0	0
tRNA-Gly-TCC-2-5|variable_region|part1	4	4	0	0	0
tRNA-Gly-TCC-2-5|anticodon_arm|part1	17	17	0	0	0
tRNA-Gly-TCC-2-5|anticodon|part1	3	3	0	0	0
tRNA-Gly-TCC-2-5|d_arm|part1	19	19	0	0	0
tRNA-Gly-TCC-2-5|acceptor_stem_5p|part1	7	7	0	0	0
tRNA-Asp-GTC-2-5|acceptor_stem_3p|part1	8	8	0	0	0
tRNA-Asp-GTC-2-5|t_arm|part1	17	17	0	0	0
tRNA-Asp-GTC-2-5|variable_region|part1	4	4	0	0	0
tRNA-Asp-GTC-2-5|anticodon_arm|part1	17	17	0	0	0
tRNA-Asp-GTC-2-5|anticodon|part1	3	3	0	0	0
tRNA-Asp-GTC-2-5|d_arm|part1	19	19	0	0	0
tRNA-Asp-GTC-2-5|acceptor_stem_5p|part1	7	7	0	0	0
tRNA-Leu-CAG-1-5|acceptor_stem_5p|part1	7	7	0	0	0
tRNA-Leu-CAG-1-5|d_arm|part1	19	19	0	0	0
tRNA-Leu-CAG-1-5|anticodon_arm|part1	17	17	0	0	0
tRNA-Leu-CAG-1-5|anticodon|part1	3	3	0	0	0
tRNA-Leu-CAG-1-5|variable_region|part1	15	15	0	0	0
tRNA-Leu-CAG-1-5|t_arm|part1	17	17	0	0	0
tRNA-Leu-CAG-1-5|acceptor_stem_3p|part1	8	8	0	0	0
tRNA-Gly-GCC-4-1|acceptor_stem_5p|part1	7	7	0.683431	0.097633	0.097633
tRNA-Gly-GCC-4-1|d_arm|part1	19	19	1.85503	0.097633	0.097633
tRNA-Gly-GCC-4-1|anticodon_arm|part1	17	17	1.65976	0.097633	0.097633
tRNA-Gly-GCC-4-1|anticodon|part1	3	3	0.292899	0.097633	0.097633
tRNA-Gly-GCC-4-1|variable_region|part1	3	3	0.292899	0.097633	0.097633
tRNA-Gly-GCC-4-1|t_arm|part1	17	17	1.65976	0.097633	0.097633
tRNA-Gly-GCC-4-1|acceptor_stem_3p|part1	8	8	0.781064	0.097633	0.097633
tRNA-Gly-GCC-2-1|acceptor_stem_3p|part1	8	8	10.1538	1.26923	1.26923
tRNA-Gly-GCC-2-1|t_arm|part1	17	17	23.7248	1.39558	1.39558
tRNA-Gly-GCC-2-1|variable_region|part1	3	3	4.39348	1.46449	1.46449
tRNA-Gly-GCC-2-1|anticodon_arm|part1	17	17	24.8964	1.46449	1.46449
tRNA-Gly-GCC-2-1|anticodon|part1	3	3	4.39348	1.46449	1.46449
tRNA-Gly-GCC-2-1|d_arm|part1	19	19	27.8254	1.46449	1.46449
tRNA-Gly-GCC-2-1|acceptor_stem_5p|part1	7	7	15.0355	2.14793	2.14793
tRNA-Leu-CAG-1-6|acceptor_stem_3p|part1	8	8	4.68638	0.585798	0.585798
tRNA-Leu-CAG-1-6|t_arm|part1	17	17	11.1302	0.654715	0.654715
tRNA-Leu-CAG-1-6|variable_region|part1	15	15	11.716	0.781064	0.781064
tRNA-Leu-CAG-1-6|anticodon_arm|part1	17	17	13.2781	0.781064	0.781064
tRNA-Leu-CAG-1-6|anticodon|part1	3	3	2.34319	0.781064	0.781064
tRNA-Leu-CAG-1-6|d_arm|part1	19	19	16.2071	0.853004	0.853004
tRNA-Leu-CAG-1-6|acceptor_stem_5p|part1	7	7	6.83431	0.97633	0.97633
tRNA-Gly-TCC-2-6|acceptor_stem_5p|part1	7	7	22.5532	3.22189	3.22189
tRNA-Gly-TCC-2-6|d_arm|part1	19	19	61.2159	3.22189	3.22189
tRNA-Gly-TCC-2-6|anticodon_arm|part1	17	17	54.7721	3.22189	3.22189
tRNA-Gly-TCC-2-6|anticodon|part1	3	3	9.66567	3.22189	3.22189
tRNA-Gly-TCC-2-6|variable_region|part1	4	4	12.8876	3.22189	3.22189
tRNA-Gly-TCC-2-6|t_arm|part1	17	17	56.3342	3.31378	3.31378
tRNA-Gly-TCC-2-6|acceptor_stem_3p|part1	8	8	26.5562	3.31952	3.31952
tRNA-Asn-GTT-1-1|acceptor_stem_5p|part1	7	7	5.46745	0.781064	0.781064
tRNA-Asn-GTT-1-1|d_arm|part1	19	19	14.8402	0.781064	0.781064
tRNA-Asn-GTT-1-1|anticodon_arm|part1	17	17	13.2781	0.781064	0.781064
tRNA-Asn-GTT-1-1|anticodon|part1	3	3	2.34319	0.781064	0.781064
tRNA-Asn-GTT-1-1|variable_region|part1	6	6	4.68638	0.781064	0.781064
tRNA-Asn-GTT-1-1|t_arm|part1	17	17	13.2781	0.781064	0.781064
tRNA-Asn-GTT-1-1|acceptor_stem_3p|part1	8	8	6.24851	0.781064	0.781064
tRX-Cys-NNN-3-1|acceptor_stem_3p|part1	8	8	0	0	0
tRX-Cys-NNN-3-1|t_arm|part1	17	17	0	0	0
tRX-Cys-NNN-3-1|variable_region|part1	3	3	0	0	0
tRX-Cys-NNN-3-1|anticodon_arm|part1	17	17	0	0	0
tRX-Cys-NNN-3-1|anticodon|part1	3	3	0	0	0
tRX-Cys-NNN-3-1|d_arm|part1	19	19	0	0	0
tRX-Cys-NNN-3-1|acceptor_stem_5p|part1	7	7	0	0	0
tRNA-Leu-CAA-6-1|acceptor_stem_3p|part1	8	8	0	0	0
tRNA-Leu-CAA-6-1|t_arm|part1	17	17	0	0	0
tRNA-Leu-CAA-6-1|variable_region|part1	16	16	0	0	0
tRNA-Leu-CAA-6-1|anticodon_arm|part1	17	17	0	0	0
tRNA-Leu-CAA-6-1|anticodon|part1	3	3	0	0	0
tRNA-Leu-CAA-6-1|d_arm|part1	19	19	2.34319	0.123326	0.123326
tRNA-Leu-CAA-6-1|acceptor_stem_5p|part1	7	7	1.36686	0.195266	0.195266
tRNA-Lys-CTT-13-1|acceptor_stem_5p|part1	7	7	0	0	0
tRNA-Lys-CTT-13-1|d_arm|part1	19	19	0	0	0
tRNA-Lys-CTT-13-1|anticodon_arm|part1	17	17	0	0	0
tRNA-Lys-CTT-13-1|anticodon|part1	3	3	0	0	0
tRNA-Lys-CTT-13-1|variable_region|part1	5	5	0	0	0
tRNA-Lys-CTT-13-1|t_arm|part1	17	17	0	0	0
tRNA-Lys-CTT-13-1|acceptor_stem_3p|part1	8	8	0	0	0
tRNA-Pro-CGG-1-1|acceptor_stem_5p|part1	7	7	31.4378	4.49112	4.49112
tRNA-Pro-CGG-1-1|d_arm|part1	19	19	85.3312	4.49112	4.49112
tRNA-Pro-CGG-1-1|anticodon_arm|part1	17	17	75.5679	4.44517	4.44517
tRNA-Pro-CGG-1-1|anticodon|part1	3	3	13.4734	4.49112	4.49112
tRNA-Pro-CGG-1-1|variable_region|part1	4	4	17.1834	4.29585	4.29585
tRNA-Pro-CGG-1-1|t_arm|part1	17	17	73.0295	4.29585	4.29585
tRNA-Pro-CGG-1-1|acceptor_stem_3p|part1	8	8	34.3668	4.29585	4.29585
tRNA-Pro-AGG-2-1|acceptor_stem_3p|part1	8	8	31.2426	3.90532	3.90532
tRNA-Pro-AGG-2-1|t_arm|part1	17	17	66.3904	3.90532	3.90532
tRNA-Pro-AGG-2-1|variable_region|part1	4	4	13.8639	3.46597	3.46597
tRNA-Pro-AGG-2-1|anticodon_arm|part1	17	17	56.4319	3.31952	3.31952
tRNA-Pro-AGG-2-1|anticodon|part1	3	3	9.95856	3.31952	3.31952
tRNA-Pro-AGG-2-1|d_arm|part1	19	19	63.0709	3.31952	3.31952
tRNA-Pro-AGG-2-1|acceptor_stem_5p|part1	7	7	23.2366	3.31952	3.31952
tRNA-Glu-TTC-12-1|acceptor_stem_3p|part1	8	8	1.56213	0.195266	0.195266
tRNA-Glu-TTC-12-1|t_arm|part1	17	17	2.14793	0.126349	0.126349
tRNA-Glu-TTC-12-1|variable_region|part1	8	8	0.781064	0.097633	0.097633
tRNA-Glu-TTC-12-1|anticodon_arm|part1	17	17	1.65976	0.097633	0.097633
tRNA-Glu-TTC-12-1|anticodon|part1	3	3	0.292899	0.097633	0.097633
tRNA-Glu-TTC-12-1|d_arm|part1	19	19	1.85503	0.097633	0.097633
tRNA-Glu-TTC-12-1|acceptor_stem_5p|part1	7	7	0.683431	0.097633	0.097633
tRNA-Lys-TTT-3-1|acceptor_stem_5p|part1	7	7	15.0355	2.14793	2.14793
tRNA-Lys-TTT-3-1|d_arm|part1	19	19	40.8106	2.14793	2.14793
tRNA-Lys-TTT-3-1|anticodon_arm|part1	17	17	36.5147	2.14793	2.14793
tRNA-Lys-TTT-3-1|anticodon|part1	3	3	6.44378	2.14793	2.14793
tRNA-Lys-TTT-3-1|variable_region|part1	5	5	10.7396	2.14793	2.14793
tRNA-Lys-TTT-3-1|t_arm|part1	17	17	36.5147	2.14793	2.14793
tRNA-Lys-TTT-3-1|acceptor_stem_3p|part1	8	8	17.1834	2.14793	2.14793
tRNA-Lys-TTT-3-2|acceptor_stem_3p|part1	8	8	14.0591	1.75739	1.75739
tRNA-Lys-TTT-3-2|t_arm|part1	17	17	29.8757	1.75739	1.75739
tRNA-Lys-TTT-3-2|variable_region|part1	5	5	8.78697	1.75739	1.75739
tRNA-Lys-TTT-3-2|anticodon_arm|part1	17	17	29.0946	1.71145	1.71145
tRNA-Lys-TTT-3-2|anticodon|part1	3	3	5.27218	1.75739	1.75739
tRNA-Lys-TTT-3-2|d_arm|part1	19	19	29.6804	1.56213	1.56213
tRNA-Lys-TTT-3-2|acceptor_stem_5p|part1	7	7	10.9349	1.56213	1.56213
tRNA-Pro-TGG-5-1|acceptor_stem_3p|part1	8	8	1.56213	0.195266	0.195266
tRNA-Pro-TGG-5-1|t_arm|part1	17	17	3.31952	0.195266	0.195266
tRNA-Pro-TGG-5-1|variable_region|part1	9	9	1.75739	0.195266	0.195266
tRNA-Pro-TGG-5-1|anticodon_arm|part1	17	17	3.31952	0.195266	0.195266
tRNA-Pro-TGG-5-1|anticodon|part1	3	3	0.585798	0.195266	0.195266
tRNA-Pro-TGG-5-1|d_arm|part1	19	19	3.71005	0.195266	0.195266
tRNA-Pro-TGG-5-1|acceptor_stem_5p|part1	7	7	1.36686	0.195266	0.195266
tRNA-Thr-TGT-2-1|acceptor_stem_5p|part1	7	7	10.5444	1.50634	1.50634
tRNA-Thr-TGT-2-1|d_arm|part1	19	19	29.6804	1.56213	1.56213
tRNA-Thr-TGT-2-1|anticodon_arm|part1	17	17	26.5562	1.56213	1.56213
tRNA-Thr-TGT-2-1|anticodon|part1	3	3	4.68638	1.56213	1.56213
tRNA-Thr-TGT-2-1|variable_region|part1	5	5	7.81064	1.56213	1.56213
tRNA-Thr-TGT-2-1|t_arm|part1	17	17	25.4822	1.49895	1.49895
tRNA-Thr-TGT-2-1|acceptor_stem_3p|part1	8	8	11.716	1.46449	1.46449
tRNA-Leu-CAA-4-1|acceptor_stem_5p|part1	7	7	41.6893	5.95561	5.95561
tRNA-Leu-CAA-4-1|d_arm|part1	19	19	113.157	5.95561	5.95561
tRNA-Leu-CAA-4-1|anticodon_arm|part1	12	12	71.4673	5.95561	5.95561
tRNA-Leu-CAA-4-1|anticodon|part1	3	3	17.8668	5.95561	5.95561
tRNA-Leu-CAA-4-1|intron|part1	22	22	136.1	6.18638	6.18638
tRNA-Leu-CAA-4-1|anticodon_arm|part2	5	5	31.7307	6.34614	6.34614
tRNA-Leu-CAA-4-1|variable_region|part1	16	16	101.538	6.34614	6.34614
tRNA-Leu-CAA-4-1|t_arm|part1	17	17	106.81	6.28297	6.28297
tRNA-Leu-CAA-4-1|acceptor_stem_3p|part1	8	8	42.1774	5.27218	5.27218
tRNA-Glu-CTC-2-1|acceptor_stem_5p|part1	7	7	23.2366	3.31952	3.31952
tRNA-Glu-CTC-2-1|d_arm|part1	19	19	63.0709	3.31952	3.31952
tRNA-Glu-CTC-2-1|anticodon_arm|part1	17	17	56.4319	3.31952	3.31952
tRNA-Glu-CTC-2-1|anticodon|part1	3	3	9.95856	3.31952	3.31952
tRNA-Glu-CTC-2-1|variable_region|part1	4	4	13.2781	3.31952	3.31952
tRNA-Glu-CTC-2-1|t_arm|part1	17	17	46.6686	2.74521	2.74521
tRNA-Glu-CTC-2-1|acceptor_stem_3p|part1	8	8	18.7455	2.34319	2.34319
tRNA-Val-TAC-3-1|acceptor_stem_3p|part1	8	8	3.12426	0.390532	0.390532
tRNA-Val-TAC-3-1|t_arm|part1	17	17	6.63904	0.390532	0.390532
tRNA-Val-TAC-3-1|variable_region|part1	5	5	1.95266	0.390532	0.390532
tRNA-Val-TAC-3-1|anticodon_arm|part1	17	17	6.63904	0.390532	0.390532
tRNA-Val-TAC-3-1|anticodon|part1	3	3	1.1716	0.390532	0.390532
tRNA-Val-TAC-3-1|d_arm|part1	19	19	7.42011	0.390532	0.390532
tRNA-Val-TAC-3-1|acceptor_stem_5p|part1	7	7	2.73372	0.390532	0.390532
tRNA-Asn-GTT-2-3|acceptor_stem_3p|part1	8	8	18.7455	2.34319	2.34319
tRNA-Asn-GTT-2-3|t_arm|part1	17	17	39.8343	2.34319	2.34319
tRNA-Asn-GTT-2-3|variable_region|part1	6	6	14.0591	2.34319	2.34319
tRNA-Asn-GTT-2-3|anticodon_arm|part1	17	17	39.8343	2.34319	2.34319
tRNA-Asn-GTT-2-3|anticodon|part1	3	3	7.02957	2.34319	2.34319
tRNA-Asn-GTT-2-3|d_arm|part1	19	19	41.3964	2.17876	2.17876
tRNA-Asn-GTT-2-3|acceptor_stem_5p|part1	7	7	10.9349	1.56213	1.56213
tRX-Und-NNN-8-1|acceptor_stem_3p|part1	8	8	0	0	0
tRX-Und-NNN-8-1|t_arm|part1	17	17	0	0	0
tRX-Und-NNN-8-1|variable_region|part1	6	6	0	0	0
tRX-Und-NNN-8-1|anticodon_arm|part1	17	17	0	0	0
tRX-Und-NNN-8-1|anticodon|part1	3	3	0	0	0
tRX-Und-NNN-8-1|d_arm|part1	19	19	0	0	0
tRX-Und-NNN-8-1|acceptor_stem_5p|part1	7	7	0	0	0
tRNA-Ser-TGA-1-1|acceptor_stem_5p|part1	7	7	21.8698	3.12426	3.12426
tRNA-Ser-TGA-1-1|d_arm|part1	19	19	59.3609	3.12426	3.12426
tRNA-Ser-TGA-1-1|anticodon_arm|part1	17	17	50.7692	2.98642	2.98642
tRNA-Ser-TGA-1-1|anticodon|part1	3	3	9.37277	3.12426	3.12426
tRNA-Ser-TGA-1-1|variable_region|part1	14	14	32.8047	2.34319	2.34319
tRNA-Ser-TGA-1-1|t_arm|part1	17	17	39.8343	2.34319	2.34319
tRNA-Ser-TGA-1-1|acceptor_stem_3p|part1	8	8	18.7455	2.34319	2.34319
tRX-Gln-NNN-2-1|acceptor_stem_3p|part1	8	8	0	0	0
tRX-Gln-NNN-2-1|t_arm|part1	17	17	0	0	0
tRX-Gln-NNN-2-1|variable_region|part1	10	10	0	0	0
tRX-Gln-NNN-2-1|anticodon_arm|part1	17	17	0	0	0
tRX-Gln-NNN-2-1|anticodon|part1	3	3	0	0	0
tRX-Gln-NNN-2-1|d_arm|part1	19	19	0	0	0
tRX-Gln-NNN-2-1|acceptor_stem_5p|part1	7	7	0	0	0
tRNA-Lys-CTT-15-1|acceptor_stem_3p|part1	8	8	0	0	0
tRNA-Lys-CTT-15-1|t_arm|part1	17	17	0	0	0
tRNA-Lys-CTT-15-1|variable_region|part1	5	5	0	0	0
tRNA-Lys-CTT-15-1|anticodon_arm|part1	17	17	0	0	0
tRNA-Lys-CTT-15-1|anticodon|part1	3	3	0	0	0
tRNA-Lys-CTT-15-1|d_arm|part1	19	19	0	0	0
tRNA-Lys-CTT-15-1|acceptor_stem_5p|part1	7	7	0	0	0
tRNA-Val-TAC-1-1|acceptor_stem_3p|part1	8	8	45.3017	5.66271	5.66271
tRNA-Val-TAC-1-1|t_arm|part1	17	17	96.2661	5.66271	5.66271
tRNA-Val-TAC-1-1|variable_region|part1	5	5	28.3136	5.66271	5.66271
tRNA-Val-TAC-1-1|anticodon_arm|part1	17	17	96.2661	5.66271	5.66271
tRNA-Val-TAC-1-1|anticodon|part1	3	3	16.9881	5.66271	5.66271
tRNA-Val-TAC-1-1|d_arm|part1	19	19	99.2927	5.22593	5.22593
tRNA-Val-TAC-1-1|acceptor_stem_5p|part1	7	7	36.2218	5.17455	5.17455
tRNA-Val-TAC-2-1|acceptor_stem_3p|part1	8	8	20.3077	2.53846	2.53846
tRNA-Val-TAC-2-1|t_arm|part1	17	17	43.1538	2.53846	2.53846
tRNA-Val-TAC-2-1|variable_region|part1	5	5	12.6923	2.53846	2.53846
tRNA-Val-TAC-2-1|anticodon_arm|part1	17	17	40.8106	2.40062	2.40062
tRNA-Val-TAC-2-1|anticodon|part1	3	3	7.61537	2.53846	2.53846
tRNA-Val-TAC-2-1|d_arm|part1	19	19	40.8106	2.14793	2.14793
tRNA-Val-TAC-2-1|acceptor_stem_5p|part1	7	7	15.0355	2.14793	2.14793
tRNA-Arg-TCT-3-2|acceptor_stem_5p|part1	7	7	9.56803	1.36686	1.36686
tRNA-Arg-TCT-3-2|d_arm|part1	19	19	25.9704	1.36686	1.36686
tRNA-Arg-TCT-3-2|anticodon_arm|part1	11	11	14.1568	1.28698	1.28698
tRNA-Arg-TCT-3-2|anticodon|part1	3	3	3.51479	1.1716	1.1716
tRNA-Arg-TCT-3-2|intron|part1	13	13	13.9615	1.07396	1.07396
tRNA-Arg-TCT-3-2|anticodon_arm|part2	6	6	6.44378	1.07396	1.07396
tRNA-Arg-TCT-3-2|variable_region|part1	5	5	5.36981	1.07396	1.07396
tRNA-Arg-TCT-3-2|t_arm|part1	17	17	18.2574	1.07396	1.07396
tRNA-Arg-TCT-3-2|acceptor_stem_3p|part1	8	8	8.78697	1.09837	1.09837
tRNA-Leu-TAA-3-1|acceptor_stem_5p|part1	7	7	6.15088	0.878697	0.878697
tRNA-Leu-TAA-3-1|d_arm|part1	19	19	16.9881	0.894113	0.894113
tRNA-Leu-TAA-3-1|anticodon_arm|part1	17	17	16.5976	0.97633	0.97633
tRNA-Leu-TAA-3-1|anticodon|part1	3	3	2.92899	0.97633	0.97633
tRNA-Leu-TAA-3-1|variable_region|part1	15	15	14.6449	0.97633	0.97633
tRNA-Leu-TAA-3-1|t_arm|part1	17	17	16.5976	0.97633	0.97633
tRNA-Leu-TAA-3-1|acceptor_stem_3p|part1	8	8	7.81064	0.97633	0.97633
tRNA-Lys-TTT-5-1|acceptor_stem_5p|part1	7	7	2.73372	0.390532	0.390532
tRNA-Lys-TTT-5-1|d_arm|part1	19	19	7.42011	0.390532	0.390532
tRNA-Lys-TTT-5-1|anticodon_arm|part1	17	17	6.63904	0.390532	0.390532
tRNA-Lys-TTT-5-1|anticodon|part1	3	3	1.1716	0.390532	0.390532
tRNA-Lys-TTT-5-1|variable_region|part1	5	5	1.95266	0.390532	0.390532
tRNA-Lys-TTT-5-1|t_arm|part1	17	17	5.07692	0.298642	0.298642
tRNA-Lys-TTT-5-1|acceptor_stem_3p|part1	8	8	2.34319	0.292899	0.292899
tRNA-Phe-GAA-1-3|acceptor_stem_3p|part1	8	8	19.5266	2.44082	2.44082
tRNA-Phe-GAA-1-3|t_arm|part1	17	17	41.494	2.44082	2.44082
tRNA-Phe-GAA-1-3|variable_region|part1	5	5	12.2041	2.44082	2.44082
tRNA-Phe-GAA-1-3|anticodon_arm|part1	17	17	41.494	2.44082	2.44082
tRNA-Phe-GAA-1-3|anticodon|part1	3	3	7.32247	2.44082	2.44082
tRNA-Phe-GAA-1-3|d_arm|part1	19	19	46.3757	2.44082	2.44082
tRNA-Phe-GAA-1-3|acceptor_stem_5p|part1	7	7	17.0858	2.44082	2.44082
tRNA-Lys-TTT-3-4|acceptor_stem_3p|part1	8	8	7.81064	0.97633	0.97633
tRNA-Lys-TTT-3-4|t_arm|part1	17	17	16.5976	0.97633	0.97633
tRNA-Lys-TTT-3-4|variable_region|part1	5	5	4.88165	0.97633	0.97633
tRNA-Lys-TTT-3-4|anticodon_arm|part1	17	17	18.1597	1.06822	1.06822
tRNA-Lys-TTT-3-4|anticodon|part1	3	3	2.92899	0.97633	0.97633
tRNA-Lys-TTT-3-4|d_arm|part1	19	19	25.9704	1.36686	1.36686
tRNA-Lys-TTT-3-4|acceptor_stem_5p|part1	7	7	9.56803	1.36686	1.36686
tRNA-Phe-GAA-2-1|acceptor_stem_3p|part1	8	8	22.6509	2.83136	2.83136
tRNA-Phe-GAA-2-1|t_arm|part1	17	17	48.1331	2.83136	2.83136
tRNA-Phe-GAA-2-1|variable_region|part1	5	5	14.1568	2.83136	2.83136
tRNA-Phe-GAA-2-1|anticodon_arm|part1	17	17	48.1331	2.83136	2.83136
tRNA-Phe-GAA-2-1|anticodon|part1	3	3	8.49407	2.83136	2.83136
tRNA-Phe-GAA-2-1|d_arm|part1	19	19	48.5236	2.55387	2.55387
tRNA-Phe-GAA-2-1|acceptor_stem_5p|part1	7	7	17.7692	2.53846	2.53846
tRNA-Ser-GCT-3-1|acceptor_stem_5p|part1	7	7	10.2515	1.46449	1.46449
tRNA-Ser-GCT-3-1|d_arm|part1	19	19	26.2633	1.38228	1.38228
tRNA-Ser-GCT-3-1|anticodon_arm|part1	17	17	23.2367	1.36686	1.36686
tRNA-Ser-GCT-3-1|anticodon|part1	3	3	4.10059	1.36686	1.36686
tRNA-Ser-GCT-3-1|variable_region|part1	14	14	19.1361	1.36686	1.36686
tRNA-Ser-GCT-3-1|t_arm|part1	17	17	21.8698	1.28646	1.28646
tRNA-Ser-GCT-3-1|acceptor_stem_3p|part1	8	8	10.1538	1.26923	1.26923
tRNA-Pro-AGG-2-4|acceptor_stem_5p|part1	7	7	21.8698	3.12426	3.12426
tRNA-Pro-AGG-2-4|d_arm|part1	19	19	59.3609	3.12426	3.12426
tRNA-Pro-AGG-2-4|anticodon_arm|part1	17	17	53.1123	3.12426	3.12426
tRNA-Pro-AGG-2-4|anticodon|part1	3	3	9.37277	3.12426	3.12426
tRNA-Pro-AGG-2-4|variable_region|part1	4	4	11.6183	2.90458	2.90458
tRNA-Pro-AGG-2-4|t_arm|part1	17	17	48.1331	2.83136	2.83136
tRNA-Pro-AGG-2-4|acceptor_stem_3p|part1	8	8	22.6509	2.83136	2.83136
tRNA-Pro-TGG-2-1|acceptor_stem_3p|part1	8	8	18.7455	2.34319	2.34319
tRNA-Pro-TGG-2-1|t_arm|part1	17	17	39.8343	2.34319	2.34319
tRNA-Pro-TGG-2-1|variable_region|part1	4	4	9.37277	2.34319	2.34319
tRNA-Pro-TGG-2-1|anticodon_arm|part1	17	17	32.9999	1.94117	1.94117
tRNA-Pro-TGG-2-1|anticodon|part1	3	3	5.56508	1.85503	1.85503
tRNA-Pro-TGG-2-1|d_arm|part1	19	19	35.2455	1.85503	1.85503
tRNA-Pro-TGG-2-1|acceptor_stem_5p|part1	7	7	12.9852	1.85503	1.85503
tRX-Arg-NNN-2-1|acceptor_stem_5p|part1	7	7	0.683431	0.097633	0.097633
tRX-Arg-NNN-2-1|d_arm|part1	19	19	3.02662	0.159296	0.159296
tRX-Arg-NNN-2-1|anticodon_arm|part1	17	17	3.31952	0.195266	0.195266
tRX-Arg-NNN-2-1|anticodon|part1	3	3	0.585798	0.195266	0.195266
tRX-Arg-NNN-2-1|variable_region|part1	11	11	2.14793	0.195266	0.195266
tRX-Arg-NNN-2-1|t_arm|part1	17	17	3.31952	0.195266	0.195266
tRX-Arg-NNN-2-1|acceptor_stem_3p|part1	8	8	1.56213	0.195266	0.195266
tRNA-Lys-TTT-2-1|acceptor_stem_5p|part1	7	7	0.683431	0.097633	0.097633
tRNA-Lys-TTT-2-1|d_arm|part1	19	19	1.85503	0.097633	0.097633
tRNA-Lys-TTT-2-1|anticodon_arm|part1	17	17	1.65976	0.097633	0.097633
tRNA-Lys-TTT-2-1|anticodon|part1	3	3	0.292899	0.097633	0.097633
tRNA-Lys-TTT-2-1|variable_region|part1	5	5	0.488165	0.097633	0.097633
tRNA-Lys-TTT-2-1|t_arm|part1	17	17	1.65976	0.097633	0.097633
tRNA-Lys-TTT-2-1|acceptor_stem_3p|part1	8	8	0.781064	0.097633	0.097633
tRNA-Lys-TTT-11-1|acceptor_stem_5p|part1	7	7	0	0	0
tRNA-Lys-TTT-11-1|d_arm|part1	19	19	0	0	0
tRNA-Lys-TTT-11-1|anticodon_arm|part1	17	17	0	0	0
tRNA-Lys-TTT-11-1|anticodon|part1	3	3	0	0	0
tRNA-Lys-TTT-11-1|variable_region|part1	5	5	0	0	0
tRNA-Lys-TTT-11-1|t_arm|part1	17	17	0	0	0
tRNA-Lys-TTT-11-1|acceptor_stem_3p|part1	8	8	0	0	0
tRNA-Ser-CGA-4-1|acceptor_stem_5p|part1	7	7	3.41715	0.488165	0.488165
tRNA-Ser-CGA-4-1|d_arm|part1	19	19	9.27513	0.488165	0.488165
tRNA-Ser-CGA-4-1|anticodon_arm|part1	17	17	8.2988	0.488165	0.488165
tRNA-Ser-CGA-4-1|anticodon|part1	3	3	1.46449	0.488165	0.488165
tRNA-Ser-CGA-4-1|variable_region|part1	14	14	6.44378	0.46027	0.46027
tRNA-Ser-CGA-4-1|t_arm|part1	17	17	6.63904	0.390532	0.390532
tRNA-Ser-CGA-4-1|acceptor_stem_3p|part1	8	8	3.12426	0.390532	0.390532
tRNA-Asp-GTC-2-8|acceptor_stem_5p|part1	7	7	21.9674	3.1382	3.1382
tRNA-Asp-GTC-2-8|d_arm|part1	19	19	53.7958	2.83136	2.83136
tRNA-Asp-GTC-2-8|anticodon_arm|part1	17	17	48.1331	2.83136	2.83136
tRNA-Asp-GTC-2-8|anticodon|part1	3	3	8.49407	2.83136	2.83136
tRNA-Asp-GTC-2-8|variable_region|part1	4	4	11.3254	2.83136	2.83136
tRNA-Asp-GTC-2-8|t_arm|part1	17	17	45.7899	2.69352	2.69352
tRNA-Asp-GTC-2-8|acceptor_stem_3p|part1	8	8	21.0887	2.63609	2.63609
tRNA-Asp-GTC-1-1|acceptor_stem_5p|part1	7	7	21.8698	3.12426	3.12426
tRNA-Asp-GTC-1-1|d_arm|part1	19	19	59.9467	3.15509	3.15509
tRNA-Asp-GTC-1-1|anticodon_arm|part1	17	17	54.7721	3.22189	3.22189
tRNA-Asp-GTC-1-1|anticodon|part1	3	3	9.66567	3.22189	3.22189
tRNA-Asp-GTC-1-1|variable_region|part1	4	4	12.8876	3.22189	3.22189
tRNA-Asp-GTC-1-1|t_arm|part1	17	17	54.7721	3.22189	3.22189
tRNA-Asp-GTC-1-1|acceptor_stem_3p|part1	8	8	26.5562	3.31952	3.31952
tRNA-Trp-CCA-4-1|acceptor_stem_5p|part1	7	7	18.4526	2.63609	2.63609
tRNA-Trp-CCA-4-1|d_arm|part1	19	19	47.6449	2.50763	2.50763
tRNA-Trp-CCA-4-1|anticodon_arm|part1	17	17	36.5147	2.14793	2.14793
tRNA-Trp-CCA-4-1|anticodon|part1	3	3	6.44378	2.14793	2.14793
tRNA-Trp-CCA-4-1|variable_region|part1	4	4	8.5917	2.14793	2.14793
tRNA-Trp-CCA-4-1|t_arm|part1	17	17	36.5147	2.14793	2.14793
tRNA-Trp-CCA-4-1|acceptor_stem_3p|part1	8	8	16.6952	2.08691	2.08691
tRNA-Glu-CTC-16-1|acceptor_stem_3p|part1	8	8	0	0	0
tRNA-Glu-CTC-16-1|t_arm|part1	17	17	0	0	0
tRNA-Glu-CTC-16-1|variable_region|part1	3	3	0	0	0
tRNA-Glu-CTC-16-1|anticodon_arm|part1	17	17	0	0	0
tRNA-Glu-CTC-16-1|anticodon|part1	3	3	0	0	0
tRNA-Glu-CTC-16-1|d_arm|part1	19	19	0	0	0
tRNA-Glu-CTC-16-1|acceptor_stem_5p|part1	7	7	0	0	0
tRNA-Ala-TGC-3-2|acceptor_stem_3p|part1	8	8	1.56213	0.195266	0.195266
tRNA-Ala-TGC-3-2|t_arm|part1	17	17	3.31952	0.195266	0.195266
tRNA-Ala-TGC-3-2|variable_region|part1	4	4	0.781064	0.195266	0.195266
tRNA-Ala-TGC-3-2|anticodon_arm|part1	17	17	3.31952	0.195266	0.195266
tRNA-Ala-TGC-3-2|anticodon|part1	3	3	0.585798	0.195266	0.195266
tRNA-Ala-TGC-3-2|d_arm|part1	19	19	3.71005	0.195266	0.195266
tRNA-Ala-TGC-3-2|acceptor_stem_5p|part1	7	7	1.36686	0.195266	0.195266
tRNA-Asp-GTC-2-9|acceptor_stem_3p|part1	8	8	10.1538	1.26923	1.26923
tRNA-Asp-GTC-2-9|t_arm|part1	17	17	21.5769	1.26923	1.26923
tRNA-Asp-GTC-2-9|variable_region|part1	4	4	5.07692	1.26923	1.26923
tRNA-Asp-GTC-2-9|anticodon_arm|part1	17	17	21.5769	1.26923	1.26923
tRNA-Asp-GTC-2-9|anticodon|part1	3	3	3.80769	1.26923	1.26923
tRNA-Asp-GTC-2-9|d_arm|part1	19	19	22.1627	1.16646	1.16646
tRNA-Asp-GTC-2-9|acceptor_stem_5p|part1	7	7	6.15088	0.878697	0.878697
tRNA-Phe-GAA-1-4|acceptor_stem_3p|part1	8	8	7.81064	0.97633	0.97633
tRNA-Phe-GAA-1-4|t_arm|part1	17	17	16.5976	0.97633	0.97633
tRNA-Phe-GAA-1-4|variable_region|part1	5	5	4.88165	0.97633	0.97633
tRNA-Phe-GAA-1-4|anticodon_arm|part1	17	17	16.5976	0.97633	0.97633
tRNA-Phe-GAA-1-4|anticodon|part1	3	3	2.92899	0.97633	0.97633
tRNA-Phe-GAA-1-4|d_arm|part1	19	19	18.9408	0.996884	0.996884
tRNA-Phe-GAA-1-4|acceptor_stem_5p|part1	7	7	7.51774	1.07396	1.07396
tRNA-Asp-GTC-2-10|acceptor_stem_3p|part1	8	8	38.2721	4.78402	4.78402
tRNA-Asp-GTC-2-10|t_arm|part1	17	17	76.349	4.49112	4.49112
tRNA-Asp-GTC-2-10|variable_region|part1	4	4	17.9645	4.49112	4.49112
tRNA-Asp-GTC-2-10|anticodon_arm|part1	17	17	76.349	4.49112	4.49112
tRNA-Asp-GTC-2-10|anticodon|part1	3	3	13.4734	4.49112	4.49112
tRNA-Asp-GTC-2-10|d_arm|part1	19	19	86.6981	4.56306	4.56306
tRNA-Asp-GTC-2-10|acceptor_stem_5p|part1	7	7	32.8047	4.68638	4.68638
tRNA-Ala-TGC-4-1|acceptor_stem_5p|part1	7	7	34.1715	4.88165	4.88165
tRNA-Ala-TGC-4-1|d_arm|part1	19	19	92.7513	4.88165	4.88165
tRNA-Ala-TGC-4-1|anticodon_arm|part1	17	17	82.207	4.8357	4.8357
tRNA-Ala-TGC-4-1|anticodon|part1	3	3	14.6449	4.88165	4.88165
tRNA-Ala-TGC-4-1|variable_region|part1	4	4	18.7455	4.68638	4.68638
tRNA-Ala-TGC-4-1|t_arm|part1	17	17	79.6685	4.68638	4.68638
tRNA-Ala-TGC-4-1|acceptor_stem_3p|part1	8	8	37.4911	4.68638	4.68638
tRNA-Ile-AAT-11-1|acceptor_stem_5p|part1	7	7	0	0	0
tRNA-Ile-AAT-11-1|d_arm|part1	19	19	0	0	0
tRNA-Ile-AAT-11-1|anticodon_arm|part1	17	17	0	0	0
tRNA-Ile-AAT-11-1|anticodon|part1	3	3	0	0	0
tRNA-Ile-AAT-11-1|variable_region|part1	7	7	0	0	0
tRNA-Ile-AAT-11-1|t_arm|part1	17	17	0	0	0
tRNA-Ile-AAT-11-1|acceptor_stem_3p|part1	8	8	0	0	0
tRNA-Asn-GTT-2-4|acceptor_stem_3p|part1	8	8	23.4319	2.92899	2.92899
tRNA-Asn-GTT-2-4|t_arm|part1	17	17	49.7928	2.92899	2.92899
tRNA-Asn-GTT-2-4|variable_region|part1	6	6	17.5739	2.92899	2.92899
tRNA-Asn-GTT-2-4|anticodon_arm|part1	17	17	49.7928	2.92899	2.92899
tRNA-Asn-GTT-2-4|anticodon|part1	3	3	8.78697	2.92899	2.92899
tRNA-Asn-GTT-2-4|d_arm|part1	19	19	62.2898	3.27841	3.27841
tRNA-Asn-GTT-2-4|acceptor_stem_5p|part1	7	7	23.2366	3.31952	3.31952
tRNA-Glu-TTC-1-2|acceptor_stem_3p|part1	8	8	14.8402	1.85503	1.85503
tRNA-Glu-TTC-1-2|t_arm|part1	17	17	31.5355	1.85503	1.85503
tRNA-Glu-TTC-1-2|variable_region|part1	4	4	7.02957	1.75739	1.75739
tRNA-Glu-TTC-1-2|anticodon_arm|part1	17	17	28.2159	1.65976	1.65976
tRNA-Glu-TTC-1-2|anticodon|part1	3	3	4.97928	1.65976	1.65976
tRNA-Glu-TTC-1-2|d_arm|part1	19	19	31.5355	1.65976	1.65976
tRNA-Glu-TTC-1-2|acceptor_stem_5p|part1	7	7	11.6183	1.65976	1.65976
tRNA-Glu-TTC-2-1|acceptor_stem_3p|part1	8	8	30.4615	3.80769	3.80769
tRNA-Glu-TTC-2-1|t_arm|part1	17	17	64.7307	3.80769	3.80769
tRNA-Glu-TTC-2-1|variable_region|part1	4	4	15.2307	3.80769	3.80769
tRNA-Glu-TTC-2-1|anticodon_arm|part1	17	17	68.1478	4.0087	4.0087
tRNA-Glu-TTC-2-1|anticodon|part1	3	3	11.4231	3.80769	3.80769
tRNA-Glu-TTC-2-1|d_arm|part1	19	19	81.6212	4.29585	4.29585
tRNA-Glu-TTC-2-1|acceptor_stem_5p|part1	7	7	30.071	4.29585	4.29585
tRNA-Phe-GAA-1-5|acceptor_stem_3p|part1	8	8	35.1479	4.39348	4.39348
tRNA-Phe-GAA-1-5|t_arm|part1	17	17	74.6892	4.39348	4.39348
tRNA-Phe-GAA-1-5|variable_region|part1	5	5	21.9674	4.39348	4.39348
tRNA-Phe-GAA-1-5|anticodon_arm|part1	17	17	74.6892	4.39348	4.39348
tRNA-Phe-GAA-1-5|anticodon|part1	3	3	13.1805	4.39348	4.39348
tRNA-Phe-GAA-1-5|d_arm|part1	19	19	83.4762	4.39348	4.39348
tRNA-Phe-GAA-1-5|acceptor_stem_5p|part1	7	7	30.7544	4.39348	4.39348
tRX-Ser-NNN-1-1|acceptor_stem_3p|part1	8	8	0	0	0
tRX-Ser-NNN-1-1|t_arm|part1	17	17	0	0	0
tRX-Ser-NNN-1-1|variable_region|part1	8	8	0	0	0
tRX-Ser-NNN-1-1|anticodon_arm|part1	17	17	0	0	0
tRX-Ser-NNN-1-1|anticodon|part1	3	3	0	0	0
tRX-Ser-NNN-1-1|d_arm|part1	19	19	0	0	0
tRX-Ser-NNN-1-1|acceptor_stem_5p|part1	7	7	0	0	0
tRNA-Pro-AGG-2-5|acceptor_stem_3p|part1	8	8	6.24851	0.781064	0.781064
tRNA-Pro-AGG-2-5|t_arm|part1	17	17	13.2781	0.781064	0.781064
tRNA-Pro-AGG-2-5|variable_region|part1	4	4	3.12426	0.781064	0.781064
tRNA-Pro-AGG-2-5|anticodon_arm|part1	17	17	13.2781	0.781064	0.781064
tRNA-Pro-AGG-2-5|anticodon|part1	3	3	2.34319	0.781064	0.781064
tRNA-Pro-AGG-2-5|d_arm|part1	19	19	15.7189	0.827311	0.827311
tRNA-Pro-AGG-2-5|acceptor_stem_5p|part1	7	7	6.15088	0.878697	0.878697
tRNA-Leu-AAG-2-3|acceptor_stem_5p|part1	7	7	7.51774	1.07396	1.07396
tRNA-Leu-AAG-2-3|d_arm|part1	19	19	18.8432	0.991746	0.991746
tRNA-Leu-AAG-2-3|anticodon_arm|part1	17	17	16.5976	0.97633	0.97633
tRNA-Leu-AAG-2-3|anticodon|part1	3	3	2.92899	0.97633	0.97633
tRNA-Leu-AAG-2-3|variable_region|part1	14	14	13.6686	0.97633	0.97633
tRNA-Leu-AAG-2-3|t_arm|part1	17	17	15.2307	0.895926	0.895926
tRNA-Leu-AAG-2-3|acceptor_stem_3p|part1	8	8	7.02957	0.878697	0.878697
tRNA-Pro-AGG-2-6|acceptor_stem_3p|part1	8	8	33.5857	4.19822	4.19822
tRNA-Pro-AGG-2-6|t_arm|part1	17	17	71.3697	4.19822	4.19822
tRNA-Pro-AGG-2-6|variable_region|part1	4	4	16.7929	4.19822	4.19822
tRNA-Pro-AGG-2-6|anticodon_arm|part1	17	17	74.2987	4.37051	4.37051
tRNA-Pro-AGG-2-6|anticodon|part1	3	3	12.5947	4.19822	4.19822
tRNA-Pro-AGG-2-6|d_arm|part1	19	19	90.8963	4.78402	4.78402
tRNA-Pro-AGG-2-6|acceptor_stem_5p|part1	7	7	33.4881	4.78402	4.78402
tRNA-Thr-TGT-3-1|acceptor_stem_3p|part1	8	8	31.4378	3.92973	3.92973
tRNA-Thr-TGT-3-1|t_arm|part1	17	17	63.0709	3.71005	3.71005
tRNA-Thr-TGT-3-1|variable_region|part1	5	5	18.5503	3.71005	3.71005
tRNA-Thr-TGT-3-1|anticodon_arm|part1	17	17	63.0709	3.71005	3.71005
tRNA-Thr-TGT-3-1|anticodon|part1	3	3	11.1302	3.71005	3.71005
tRNA-Thr-TGT-3-1|d_arm|part1	19	19	59.5561	3.13453	3.13453
tRNA-Thr-TGT-3-1|acceptor_stem_5p|part1	7	7	20.5029	2.92899	2.92899
tRNA-Leu-TAG-2-1|acceptor_stem_5p|part1	7	7	6.83431	0.97633	0.97633
tRNA-Leu-TAG-2-1|d_arm|part1	19	19	18.9408	0.996884	0.996884
tRNA-Leu-TAG-2-1|anticodon_arm|part1	17	17	18.2574	1.07396	1.07396
tRNA-Leu-TAG-2-1|anticodon|part1	3	3	3.22189	1.07396	1.07396
tRNA-Leu-TAG-2-1|variable_region|part1	14	14	15.0355	1.07396	1.07396
tRNA-Leu-TAG-2-1|t_arm|part1	17	17	18.8432	1.10842	1.10842
tRNA-Leu-TAG-2-1|acceptor_stem_3p|part1	8	8	10.9349	1.36686	1.36686
tRNA-Thr-TGT-4-1|acceptor_stem_3p|part1	8	8	4.68638	0.585798	0.585798
tRNA-Thr-TGT-4-1|t_arm|part1	17	17	9.95856	0.585798	0.585798
tRNA-Thr-TGT-4-1|variable_region|part1	5	5	2.92899	0.585798	0.585798
tRNA-Thr-TGT-4-1|anticodon_arm|part1	17	17	8.49407	0.499651	0.499651
tRNA-Thr-TGT-4-1|anticodon|part1	3	3	1.46449	0.488165	0.488165
tRNA-Thr-TGT-4-1|d_arm|part1	19	19	9.27513	0.488165	0.488165
tRNA-Thr-TGT-4-1|acceptor_stem_5p|part1	7	7	3.41715	0.488165	0.488165
tRNA-Pro-TGG-1-1|acceptor_stem_5p|part1	7	7	4.10059	0.585798	0.585798
tRNA-Pro-TGG-1-1|d_arm|part1	19	19	11.1302	0.585798	0.585798
tRNA-Pro-TGG-1-1|anticodon_arm|part1	17	17	9.95856	0.585798	0.585798
tRNA-Pro-TGG-1-1|anticodon|part1	3	3	1.75739	0.585798	0.585798
tRNA-Pro-TGG-1-1|variable_region|part1	4	4	2.34319	0.585798	0.585798
tRNA-Pro-TGG-1-1|t_arm|part1	17	17	9.95856	0.585798	0.585798
tRNA-Pro-TGG-1-1|acceptor_stem_3p|part1	8	8	4.68638	0.585798	0.585798
tRNA-Tyr-GTA-5-3|acceptor_stem_3p|part1	8	8	0.781064	0.097633	0.097633
tRNA-Tyr-GTA-5-3|t_arm|part1	17	17	1.65976	0.097633	0.097633
tRNA-Tyr-GTA-5-3|variable_region|part1	5	5	0.488165	0.097633	0.097633
tRNA-Tyr-GTA-5-3|anticodon_arm|part2	6	6	0.585798	0.097633	0.097633
tRNA-Tyr-GTA-5-3|intron|part1	21	21	2.05029	0.097633	0.097633
tRNA-Tyr-GTA-5-3|anticodon_arm|part1	11	11	1.07396	0.097633	0.097633
tRNA-Tyr-GTA-5-3|anticodon|part1	3	3	0.292899	0.097633	0.097633
tRNA-Tyr-GTA-5-3|d_arm|part1	19	19	1.85503	0.097633	0.097633
tRNA-Tyr-GTA-5-3|acceptor_stem_5p|part1	7	7	0.781064	0.111581	0.111581
tRNA-Tyr-GTA-4-1|acceptor_stem_3p|part1	8	8	1.56213	0.195266	0.195266
tRNA-Tyr-GTA-4-1|t_arm|part1	17	17	3.31952	0.195266	0.195266
tRNA-Tyr-GTA-4-1|variable_region|part1	5	5	1.1716	0.234319	0.234319
tRNA-Tyr-GTA-4-1|anticodon_arm|part2	6	6	1.75739	0.292899	0.292899
tRNA-Tyr-GTA-4-1|intron|part1	21	21	6.15088	0.292899	0.292899
tRNA-Tyr-GTA-4-1|anticodon_arm|part1	11	11	3.22189	0.292899	0.292899
tRNA-Tyr-GTA-4-1|anticodon|part1	3	3	0.878697	0.292899	0.292899
tRNA-Tyr-GTA-4-1|d_arm|part1	19	19	6.44378	0.339146	0.339146
tRNA-Tyr-GTA-4-1|acceptor_stem_5p|part1	7	7	2.73372	0.390532	0.390532
tRNA-Tyr-GTA-7-1|acceptor_stem_3p|part1	8	8	0.781064	0.097633	0.097633
tRNA-Tyr-GTA-7-1|t_arm|part1	17	17	1.65976	0.097633	0.097633
tRNA-Tyr-GTA-7-1|variable_region|part1	5	5	0.488165	0.097633	0.097633
tRNA-Tyr-GTA-7-1|anticodon_arm|part2	6	6	0.585798	0.097633	0.097633
tRNA-Tyr-GTA-7-1|intron|part1	21	21	2.05029	0.097633	0.097633
tRNA-Tyr-GTA-7-1|anticodon_arm|part1	11	11	1.07396	0.097633	0.097633
tRNA-Tyr-GTA-7-1|anticodon|part1	3	3	0.292899	0.097633	0.097633
tRNA-Tyr-GTA-7-1|d_arm|part1	19	19	2.14793	0.113049	0.113049
tRNA-Tyr-GTA-7-1|acceptor_stem_5p|part1	7	7	1.36686	0.195266	0.195266
tRNA-Tyr-GTA-5-4|acceptor_stem_3p|part1	8	8	2.34319	0.292899	0.292899
tRNA-Tyr-GTA-5-4|t_arm|part1	17	17	4.97928	0.292899	0.292899
tRNA-Tyr-GTA-5-4|variable_region|part1	5	5	1.46449	0.292899	0.292899
tRNA-Tyr-GTA-5-4|anticodon_arm|part2	6	6	1.75739	0.292899	0.292899
tRNA-Tyr-GTA-5-4|intron|part1	21	21	5.46745	0.260355	0.260355
tRNA-Tyr-GTA-5-4|anticodon_arm|part1	11	11	2.14793	0.195266	0.195266
tRNA-Tyr-GTA-5-4|anticodon|part1	3	3	0.585798	0.195266	0.195266
tRNA-Tyr-GTA-5-4|d_arm|part1	19	19	3.71005	0.195266	0.195266
tRNA-Tyr-GTA-5-4|acceptor_stem_5p|part1	7	7	1.36686	0.195266	0.195266
tRNA-Leu-TAG-4-1|acceptor_stem_3p|part1	8	8	0	0	0
tRNA-Leu-TAG-4-1|t_arm|part1	17	17	0	0	0
tRNA-Leu-TAG-4-1|variable_region|part1	14	14	0	0	0
tRNA-Leu-TAG-4-1|anticodon_arm|part1	17	17	0	0	0
tRNA-Leu-TAG-4-1|anticodon|part1	3	3	0	0	0
tRNA-Leu-TAG-4-1|d_arm|part1	19	19	0	0	0
tRNA-Leu-TAG-4-1|acceptor_stem_5p|part1	7	7	0	0	0
tRNA-Thr-TGT-5-1|acceptor_stem_5p|part1	7	7	9.37277	1.33897	1.33897
tRNA-Thr-TGT-5-1|d_arm|part1	19	19	25.9704	1.36686	1.36686
tRNA-Thr-TGT-5-1|anticodon_arm|part1	17	17	23.2367	1.36686	1.36686
tRNA-Thr-TGT-5-1|anticodon|part1	3	3	4.10059	1.36686	1.36686
tRNA-Thr-TGT-5-1|variable_region|part1	5	5	6.83431	1.36686	1.36686
tRNA-Thr-TGT-5-1|t_arm|part1	17	17	20.6982	1.21754	1.21754
tRNA-Thr-TGT-5-1|acceptor_stem_3p|part1	8	8	9.37277	1.1716	1.1716
tRNA-Tyr-GTA-5-5|acceptor_stem_5p|part1	7	7	5.46745	0.781064	0.781064
tRNA-Tyr-GTA-5-5|d_arm|part1	19	19	15.5236	0.817034	0.817034
tRNA-Tyr-GTA-5-5|anticodon_arm|part1	11	11	9.66567	0.878697	0.878697
tRNA-Tyr-GTA-5-5|anticodon|part1	3	3	2.63609	0.878697	0.878697
tRNA-Tyr-GTA-5-5|intron|part1	16	16	14.0591	0.878697	0.878697
tRNA-Tyr-GTA-5-5|anticodon_arm|part2	6	6	5.27218	0.878697	0.878697
tRNA-Tyr-GTA-5-5|variable_region|part1	5	5	4.39348	0.878697	0.878697
tRNA-Tyr-GTA-5-5|t_arm|part1	17	17	13.7663	0.809779	0.809779
tRNA-Tyr-GTA-5-5|acceptor_stem_3p|part1	8	8	6.24851	0.781064	0.781064
tRNA-Pro-TGG-3-2|acceptor_stem_5p|part1	7	7	12.3018	1.75739	1.75739
tRNA-Pro-TGG-3-2|d_arm|part1	19	19	33.3905	1.75739	1.75739
tRNA-Pro-TGG-3-2|anticodon_arm|part1	17	17	33.1952	1.95266	1.95266
tRNA-Pro-TGG-3-2|anticodon|part1	3	3	5.85798	1.95266	1.95266
tRNA-Pro-TGG-3-2|variable_region|part1	4	4	7.81064	1.95266	1.95266
tRNA-Pro-TGG-3-2|t_arm|part1	17	17	33.1952	1.95266	1.95266
tRNA-Pro-TGG-3-2|acceptor_stem_3p|part1	8	8	15.6213	1.95266	1.95266
tRNA-Arg-ACG-1-3|acceptor_stem_5p|part1	7	7	46.4733	6.63904	6.63904
tRNA-Arg-ACG-1-3|d_arm|part1	19	19	126.142	6.63904	6.63904
tRNA-Arg-ACG-1-3|anticodon_arm|part1	17	17	110.716	6.51269	6.51269
tRNA-Arg-ACG-1-3|anticodon|part1	3	3	19.9171	6.63904	6.63904
tRNA-Arg-ACG-1-3|variable_region|part1	5	5	27.8254	5.56508	5.56508
tRNA-Arg-ACG-1-3|t_arm|part1	17	17	94.6064	5.56508	5.56508
tRNA-Arg-ACG-1-3|acceptor_stem_3p|part1	8	8	44.5206	5.56508	5.56508
tRNA-Glu-TTC-11-1|acceptor_stem_3p|part1	8	8	0	0	0
tRNA-Glu-TTC-11-1|t_arm|part1	17	17	0	0	0
tRNA-Glu-TTC-11-1|variable_region|part1	7	7	0	0	0
tRNA-Glu-TTC-11-1|anticodon_arm|part1	17	17	0	0	0
tRNA-Glu-TTC-11-1|anticodon|part1	3	3	0	0	0
tRNA-Glu-TTC-11-1|d_arm|part1	19	19	0	0	0
tRNA-Glu-TTC-11-1|acceptor_stem_5p|part1	7	7	0	0	0
tRNA-Lys-CTT-1-1|acceptor_stem_3p|part1	8	8	8.5917	1.07396	1.07396
tRNA-Lys-CTT-1-1|t_arm|part1	17	17	18.2574	1.07396	1.07396
tRNA-Lys-CTT-1-1|variable_region|part1	5	5	5.36981	1.07396	1.07396
tRNA-Lys-CTT-1-1|anticodon_arm|part1	17	17	19.1361	1.12565	1.12565
tRNA-Lys-CTT-1-1|anticodon|part1	3	3	3.41715	1.13905	1.13905
tRNA-Lys-CTT-1-1|d_arm|part1	19	19	22.2603	1.1716	1.1716
tRNA-Lys-CTT-1-1|acceptor_stem_5p|part1	7	7	8.20117	1.1716	1.1716
tRNA-Cys-GCA-8-1|acceptor_stem_5p|part1	7	7	11.6183	1.65976	1.65976
tRNA-Cys-GCA-8-1|d_arm|part1	19	19	32.3165	1.70087	1.70087
tRNA-Cys-GCA-8-1|anticodon_arm|part1	17	17	31.5355	1.85503	1.85503
tRNA-Cys-GCA-8-1|anticodon|part1	3	3	5.56508	1.85503	1.85503
tRNA-Cys-GCA-8-1|variable_region|part1	4	4	7.42011	1.85503	1.85503
tRNA-Cys-GCA-8-1|t_arm|part1	17	17	31.5355	1.85503	1.85503
tRNA-Cys-GCA-8-1|acceptor_stem_3p|part1	8	8	14.8402	1.85503	1.85503
tRNA-Ala-AGC-15-1|acceptor_stem_5p|part1	7	7	0.683431	0.097633	0.097633
tRNA-Ala-AGC-15-1|d_arm|part1	19	19	3.51479	0.184989	0.184989
tRNA-Ala-AGC-15-1|anticodon_arm|part1	17	17	3.31952	0.195266	0.195266
tRNA-Ala-AGC-15-1|anticodon|part1	3	3	0.585798	0.195266	0.195266
tRNA-Ala-AGC-15-1|variable_region|part1	5	5	0.97633	0.195266	0.195266
tRNA-Ala-AGC-15-1|t_arm|part1	17	17	3.31952	0.195266	0.195266
tRNA-Ala-AGC-15-1|acceptor_stem_3p|part1	8	8	1.56213	0.195266	0.195266
tRNA-Ile-AAT-5-4|acceptor_stem_5p|part1	7	7	15.7189	2.24556	2.24556
tRNA-Ile-AAT-5-4|d_arm|part1	19	19	41.8846	2.20445	2.20445
tRNA-Ile-AAT-5-4|anticodon_arm|part1	17	17	34.855	2.05029	2.05029
tRNA-Ile-AAT-5-4|anticodon|part1	3	3	6.15088	2.05029	2.05029
tRNA-Ile-AAT-5-4|variable_region|part1	6	6	12.3018	2.05029	2.05029
tRNA-Ile-AAT-5-4|t_arm|part1	17	17	34.855	2.05029	2.05029
tRNA-Ile-AAT-5-4|acceptor_stem_3p|part1	8	8	15.426	1.92825	1.92825
tRNA-Glu-TTC-2-2|acceptor_stem_3p|part1	8	8	6.24851	0.781064	0.781064
tRNA-Glu-TTC-2-2|t_arm|part1	17	17	13.7663	0.809779	0.809779
tRNA-Glu-TTC-2-2|variable_region|part1	4	4	3.51479	0.878697	0.878697
tRNA-Glu-TTC-2-2|anticodon_arm|part1	17	17	14.9378	0.878697	0.878697
tRNA-Glu-TTC-2-2|anticodon|part1	3	3	2.63609	0.878697	0.878697
tRNA-Glu-TTC-2-2|d_arm|part1	19	19	16.6952	0.878697	0.878697
tRNA-Glu-TTC-2-2|acceptor_stem_5p|part1	7	7	7.12721	1.01817	1.01817
tRNA-Ser-GCT-4-2|acceptor_stem_3p|part1	8	8	9.37277	1.1716	1.1716
tRNA-Ser-GCT-4-2|t_arm|part1	17	17	19.9171	1.1716	1.1716
tRNA-Ser-GCT-4-2|variable_region|part1	14	14	18.5503	1.32502	1.32502
tRNA-Ser-GCT-4-2|anticodon_arm|part1	17	17	23.2367	1.36686	1.36686
tRNA-Ser-GCT-4-2|anticodon|part1	3	3	4.10059	1.36686	1.36686
tRNA-Ser-GCT-4-2|d_arm|part1	19	19	25.9704	1.36686	1.36686
tRNA-Ser-GCT-4-2|acceptor_stem_5p|part1	7	7	11.5207	1.64581	1.64581
tRNA-His-GTG-1-7|acceptor_stem_3p|part1	8	8	19.5266	2.44082	2.44082
tRNA-His-GTG-1-7|t_arm|part1	17	17	41.494	2.44082	2.44082
tRNA-His-GTG-1-7|variable_region|part1	4	4	9.7633	2.44082	2.44082
tRNA-His-GTG-1-7|anticodon_arm|part1	17	17	41.494	2.44082	2.44082
tRNA-His-GTG-1-7|anticodon|part1	3	3	7.32247	2.44082	2.44082
tRNA-His-GTG-1-7|d_arm|part1	19	19	41.1035	2.16334	2.16334
tRNA-His-GTG-1-7|acceptor_stem_5p|part1	7	7	15.0355	2.14793	2.14793
tRNA-His-GTG-1-8|acceptor_stem_3p|part1	8	8	15.6213	1.95266	1.95266
tRNA-His-GTG-1-8|t_arm|part1	17	17	33.1952	1.95266	1.95266
tRNA-His-GTG-1-8|variable_region|part1	4	4	7.81064	1.95266	1.95266
tRNA-His-GTG-1-8|anticodon_arm|part1	17	17	32.0236	1.88374	1.88374
tRNA-His-GTG-1-8|anticodon|part1	3	3	5.85798	1.95266	1.95266
tRNA-His-GTG-1-8|d_arm|part1	19	19	33.3905	1.75739	1.75739
tRNA-His-GTG-1-8|acceptor_stem_5p|part1	7	7	12.3018	1.75739	1.75739
tRNA-His-GTG-1-9|acceptor_stem_5p|part1	7	7	6.83431	0.97633	0.97633
tRNA-His-GTG-1-9|d_arm|part1	19	19	18.5503	0.97633	0.97633
tRNA-His-GTG-1-9|anticodon_arm|part1	17	17	16.5976	0.97633	0.97633
tRNA-His-GTG-1-9|anticodon|part1	3	3	2.92899	0.97633	0.97633
tRNA-His-GTG-1-9|variable_region|part1	4	4	3.90532	0.97633	0.97633
tRNA-His-GTG-1-9|t_arm|part1	17	17	13.0828	0.769578	0.769578
tRNA-His-GTG-1-9|acceptor_stem_3p|part1	8	8	5.46745	0.683431	0.683431
tRNA-Gln-CTG-1-4|acceptor_stem_3p|part1	8	8	6.24851	0.781064	0.781064
tRNA-Gln-CTG-1-4|t_arm|part1	17	17	13.2781	0.781064	0.781064
tRNA-Gln-CTG-1-4|variable_region|part1	4	4	3.12426	0.781064	0.781064
tRNA-Gln-CTG-1-4|anticodon_arm|part1	17	17	13.2781	0.781064	0.781064
tRNA-Gln-CTG-1-4|anticodon|part1	3	3	2.34319	0.781064	0.781064
tRNA-Gln-CTG-1-4|d_arm|part1	19	19	16.2071	0.853004	0.853004
tRNA-Gln-CTG-1-4|acceptor_stem_5p|part1	7	7	6.15088	0.878697	0.878697
tRNA-Lys-CTT-16-1|acceptor_stem_3p|part1	8	8	0	0	0
tRNA-Lys-CTT-16-1|t_arm|part1	17	17	0	0	0
tRNA-Lys-CTT-16-1|variable_region|part1	6	6	0	0	0
tRNA-Lys-CTT-16-1|anticodon_arm|part1	17	17	0	0	0
tRNA-Lys-CTT-16-1|anticodon|part1	3	3	0	0	0
tRNA-Lys-CTT-16-1|d_arm|part1	19	19	0	0	0
tRNA-Lys-CTT-16-1|acceptor_stem_5p|part1	7	7	0	0	0
tRNA-Lys-CTT-1-2|acceptor_stem_5p|part1	7	7	19.8195	2.83136	2.83136
tRNA-Lys-CTT-1-2|d_arm|part1	19	19	53.7958	2.83136	2.83136
tRNA-Lys-CTT-1-2|anticodon_arm|part1	17	17	48.1331	2.83136	2.83136
tRNA-Lys-CTT-1-2|anticodon|part1	3	3	8.49407	2.83136	2.83136
tRNA-Lys-CTT-1-2|variable_region|part1	5	5	13.2781	2.65562	2.65562
tRNA-Lys-CTT-1-2|t_arm|part1	17	17	33.1952	1.95266	1.95266
tRNA-Lys-CTT-1-2|acceptor_stem_3p|part1	8	8	15.6213	1.95266	1.95266
tRNA-Cys-GCA-5-1|acceptor_stem_5p|part1	7	7	1.36686	0.195266	0.195266
tRNA-Cys-GCA-5-1|d_arm|part1	19	19	3.71005	0.195266	0.195266
tRNA-Cys-GCA-5-1|anticodon_arm|part1	17	17	3.31952	0.195266	0.195266
tRNA-Cys-GCA-5-1|anticodon|part1	3	3	0.585798	0.195266	0.195266
tRNA-Cys-GCA-5-1|variable_region|part1	5	5	0.97633	0.195266	0.195266
tRNA-Cys-GCA-5-1|t_arm|part1	17	17	2.24556	0.132092	0.132092
tRNA-Cys-GCA-5-1|acceptor_stem_3p|part1	8	8	0.781064	0.097633	0.097633
tRNA-Arg-TCG-1-1|acceptor_stem_5p|part1	7	7	29.3875	4.19822	4.19822
tRNA-Arg-TCG-1-1|d_arm|part1	19	19	79.7661	4.19822	4.19822
tRNA-Arg-TCG-1-1|anticodon_arm|part1	17	17	71.3697	4.19822	4.19822
tRNA-Arg-TCG-1-1|anticodon|part1	3	3	12.5947	4.19822	4.19822
tRNA-Arg-TCG-1-1|variable_region|part1	5	5	20.6982	4.13964	4.13964
tRNA-Arg-TCG-1-1|t_arm|part1	17	17	66.3904	3.90532	3.90532
tRNA-Arg-TCG-1-1|acceptor_stem_3p|part1	8	8	31.2426	3.90532	3.90532
tRX-Lys-NNN-3-1|acceptor_stem_5p|part1	7	7	0	0	0
tRX-Lys-NNN-3-1|d_arm|part1	19	19	0	0	0
tRX-Lys-NNN-3-1|anticodon_arm|part1	17	17	0	0	0
tRX-Lys-NNN-3-1|anticodon|part1	3	3	0	0	0
tRX-Lys-NNN-3-1|variable_region|part1	5	5	0	0	0
tRX-Lys-NNN-3-1|t_arm|part1	17	17	0	0	0
tRX-Lys-NNN-3-1|acceptor_stem_3p|part1	8	8	0	0	0
tRNA-Gly-CCC-2-2|acceptor_stem_3p|part1	8	8	16.4023	2.05029	2.05029
tRNA-Gly-CCC-2-2|t_arm|part1	17	17	31.926	1.878	1.878
tRNA-Gly-CCC-2-2|variable_region|part1	3	3	5.27218	1.75739	1.75739
tRNA-Gly-CCC-2-2|anticodon_arm|part1	17	17	29.8757	1.75739	1.75739
tRNA-Gly-CCC-2-2|anticodon|part1	3	3	5.27218	1.75739	1.75739
tRNA-Gly-CCC-2-2|d_arm|part1	19	19	33.3905	1.75739	1.75739
tRNA-Gly-CCC-2-2|acceptor_stem_5p|part1	7	7	11.1302	1.59002	1.59002
tRNA-Arg-CCG-1-3|acceptor_stem_5p|part1	7	7	14.352	2.05029	2.05029
tRNA-Arg-CCG-1-3|d_arm|part1	19	19	38.9556	2.05029	2.05029
tRNA-Arg-CCG-1-3|anticodon_arm|part1	17	17	33.1952	1.95266	1.95266
tRNA-Arg-CCG-1-3|anticodon|part1	3	3	5.85798	1.95266	1.95266
tRNA-Arg-CCG-1-3|variable_region|part1	5	5	9.7633	1.95266	1.95266
tRNA-Arg-CCG-1-3|t_arm|part1	17	17	33.1952	1.95266	1.95266
tRNA-Arg-CCG-1-3|acceptor_stem_3p|part1	8	8	15.6213	1.95266	1.95266
tRNA-Arg-CCT-3-1|acceptor_stem_5p|part1	7	7	7.51774	1.07396	1.07396
tRNA-Arg-CCT-3-1|d_arm|part1	19	19	20.4053	1.07396	1.07396
tRNA-Arg-CCT-3-1|anticodon_arm|part1	17	17	18.2574	1.07396	1.07396
tRNA-Arg-CCT-3-1|anticodon|part1	3	3	3.22189	1.07396	1.07396
tRNA-Arg-CCT-3-1|variable_region|part1	5	5	5.36981	1.07396	1.07396
tRNA-Arg-CCT-3-1|t_arm|part1	17	17	18.2574	1.07396	1.07396
tRNA-Arg-CCT-3-1|acceptor_stem_3p|part1	8	8	8.5917	1.07396	1.07396
tRNA-Lys-CTT-3-1|acceptor_stem_3p|part1	8	8	14.0591	1.75739	1.75739
tRNA-Lys-CTT-3-1|t_arm|part1	17	17	29.8757	1.75739	1.75739
tRNA-Lys-CTT-3-1|variable_region|part1	5	5	8.78697	1.75739	1.75739
tRNA-Lys-CTT-3-1|anticodon_arm|part1	17	17	29.8757	1.75739	1.75739
tRNA-Lys-CTT-3-1|anticodon|part1	3	3	5.27218	1.75739	1.75739
tRNA-Lys-CTT-3-1|d_arm|part1	19	19	33.3905	1.75739	1.75739
tRNA-Lys-CTT-3-1|acceptor_stem_5p|part1	7	7	12.3018	1.75739	1.75739
tRNA-Pro-TGG-3-3|acceptor_stem_5p|part1	7	7	6.15088	0.878697	0.878697
tRNA-Pro-TGG-3-3|d_arm|part1	19	19	16.6952	0.878697	0.878697
tRNA-Pro-TGG-3-3|anticodon_arm|part1	17	17	13.4734	0.79255	0.79255
tRNA-Pro-TGG-3-3|anticodon|part1	3	3	2.34319	0.781064	0.781064
tRNA-Pro-TGG-3-3|variable_region|part1	4	4	3.12426	0.781064	0.781064
tRNA-Pro-TGG-3-3|t_arm|part1	17	17	13.2781	0.781064	0.781064
tRNA-Pro-TGG-3-3|acceptor_stem_3p|part1	8	8	6.24851	0.781064	0.781064
tRNA-Lys-CTT-8-1|acceptor_stem_5p|part1	7	7	0	0	0
tRNA-Lys-CTT-8-1|d_arm|part1	19	19	0	0	0
tRNA-Lys-CTT-8-1|anticodon_arm|part1	17	17	0	0	0
tRNA-Lys-CTT-8-1|anticodon|part1	3	3	0	0	0
tRNA-Lys-CTT-8-1|variable_region|part1	5	5	0	0	0
tRNA-Lys-CTT-8-1|t_arm|part1	17	17	0	0	0
tRNA-Lys-CTT-8-1|acceptor_stem_3p|part1	8	8	0	0	0
tRNA-Pro-TGG-4-1|acceptor_stem_3p|part1	8	8	1.56213	0.195266	0.195266
tRNA-Pro-TGG-4-1|t_arm|part1	17	17	3.31952	0.195266	0.195266
tRNA-Pro-TGG-4-1|variable_region|part1	3	3	0.585798	0.195266	0.195266
tRNA-Pro-TGG-4-1|anticodon_arm|part1	17	17	3.31952	0.195266	0.195266
tRNA-Pro-TGG-4-1|anticodon|part1	3	3	0.585798	0.195266	0.195266
tRNA-Pro-TGG-4-1|d_arm|part1	19	19	3.71005	0.195266	0.195266
tRNA-Pro-TGG-4-1|acceptor_stem_5p|part1	7	7	1.36686	0.195266	0.195266
tRNA-Pro-CGG-1-2|acceptor_stem_5p|part1	7	7	2.05029	0.292899	0.292899
tRNA-Pro-CGG-1-2|d_arm|part1	19	19	5.56508	0.292899	0.292899
tRNA-Pro-CGG-1-2|anticodon_arm|part1	17	17	4.97928	0.292899	0.292899
tRNA-Pro-CGG-1-2|anticodon|part1	3	3	0.878697	0.292899	0.292899
tRNA-Pro-CGG-1-2|variable_region|part1	4	4	1.1716	0.292899	0.292899
tRNA-Pro-CGG-1-2|t_arm|part1	17	17	8.49407	0.499651	0.499651
tRNA-Pro-CGG-1-2|acceptor_stem_3p|part1	8	8	4.68638	0.585798	0.585798
tRNA-Lys-CTT-2-5|acceptor_stem_5p|part1	7	7	1.36686	0.195266	0.195266
tRNA-Lys-CTT-2-5|d_arm|part1	19	19	3.71005	0.195266	0.195266
tRNA-Lys-CTT-2-5|anticodon_arm|part1	17	17	3.31952	0.195266	0.195266
tRNA-Lys-CTT-2-5|anticodon|part1	3	3	0.585798	0.195266	0.195266
tRNA-Lys-CTT-2-5|variable_region|part1	5	5	0.97633	0.195266	0.195266
tRNA-Lys-CTT-2-5|t_arm|part1	17	17	2.73372	0.160807	0.160807
tRNA-Lys-CTT-2-5|acceptor_stem_3p|part1	8	8	0.781064	0.097633	0.097633
tRNA-Lys-CTT-5-1|acceptor_stem_3p|part1	8	8	0	0	0
tRNA-Lys-CTT-5-1|t_arm|part1	17	17	0	0	0
tRNA-Lys-CTT-5-1|variable_region|part1	5	5	0	0	0
tRNA-Lys-CTT-5-1|anticodon_arm|part1	17	17	0	0	0
tRNA-Lys-CTT-5-1|anticodon|part1	3	3	0	0	0
tRNA-Lys-CTT-5-1|d_arm|part1	19	19	0	0	0
tRNA-Lys-CTT-5-1|acceptor_stem_5p|part1	7	7	0	0	0
tRNA-Pro-AGG-2-7|acceptor_stem_3p|part1	8	8	1.56213	0.195266	0.195266
tRNA-Pro-AGG-2-7|t_arm|part1	17	17	4.19822	0.246954	0.246954
tRNA-Pro-AGG-2-7|variable_region|part1	4	4	1.1716	0.292899	0.292899
tRNA-Pro-AGG-2-7|anticodon_arm|part1	17	17	4.97928	0.292899	0.292899
tRNA-Pro-AGG-2-7|anticodon|part1	3	3	0.878697	0.292899	0.292899
tRNA-Pro-AGG-2-7|d_arm|part1	19	19	5.56508	0.292899	0.292899
tRNA-Pro-AGG-2-7|acceptor_stem_5p|part1	7	7	2.05029	0.292899	0.292899
tRNA-Pro-TGG-3-4|acceptor_stem_3p|part1	8	8	7.02957	0.878697	0.878697
tRNA-Pro-TGG-3-4|t_arm|part1	17	17	14.2544	0.838495	0.838495
tRNA-Pro-TGG-3-4|variable_region|part1	4	4	3.12426	0.781064	0.781064
tRNA-Pro-TGG-3-4|anticodon_arm|part1	17	17	13.2781	0.781064	0.781064
tRNA-Pro-TGG-3-4|anticodon|part1	3	3	2.34319	0.781064	0.781064
tRNA-Pro-TGG-3-4|d_arm|part1	19	19	14.8402	0.781064	0.781064
tRNA-Pro-TGG-3-4|acceptor_stem_5p|part1	7	7	6.24851	0.892644	0.892644
tRNA-Pro-TGG-3-5|acceptor_stem_5p|part1	7	7	2.73372	0.390532	0.390532
tRNA-Pro-TGG-3-5|d_arm|part1	19	19	7.42011	0.390532	0.390532
tRNA-Pro-TGG-3-5|anticodon_arm|part1	17	17	6.63904	0.390532	0.390532
tRNA-Pro-TGG-3-5|anticodon|part1	3	3	1.1716	0.390532	0.390532
tRNA-Pro-TGG-3-5|variable_region|part1	4	4	1.56213	0.390532	0.390532
tRNA-Pro-TGG-3-5|t_arm|part1	17	17	6.63904	0.390532	0.390532
tRNA-Pro-TGG-3-5|acceptor_stem_3p|part1	8	8	3.12426	0.390532	0.390532
tRNA-Pro-AGG-2-8|acceptor_stem_5p|part1	7	7	3.41715	0.488165	0.488165
tRNA-Pro-AGG-2-8|d_arm|part1	19	19	9.27513	0.488165	0.488165
tRNA-Pro-AGG-2-8|anticodon_arm|part1	17	17	8.2988	0.488165	0.488165
tRNA-Pro-AGG-2-8|anticodon|part1	3	3	1.46449	0.488165	0.488165
tRNA-Pro-AGG-2-8|variable_region|part1	4	4	1.95266	0.488165	0.488165
tRNA-Pro-AGG-2-8|t_arm|part1	17	17	8.2988	0.488165	0.488165
tRNA-Pro-AGG-2-8|acceptor_stem_3p|part1	8	8	3.90532	0.488165	0.488165
tRNA-Lys-CTT-4-1|acceptor_stem_5p|part1	7	7	1.36686	0.195266	0.195266
tRNA-Lys-CTT-4-1|d_arm|part1	19	19	3.71005	0.195266	0.195266
tRNA-Lys-CTT-4-1|anticodon_arm|part1	17	17	3.31952	0.195266	0.195266
tRNA-Lys-CTT-4-1|anticodon|part1	3	3	0.585798	0.195266	0.195266
tRNA-Lys-CTT-4-1|variable_region|part1	5	5	0.97633	0.195266	0.195266
tRNA-Lys-CTT-4-1|t_arm|part1	17	17	3.31952	0.195266	0.195266
tRNA-Lys-CTT-4-1|acceptor_stem_3p|part1	8	8	1.56213	0.195266	0.195266
tRNA-Pro-AGG-1-1|acceptor_stem_5p|part1	7	7	0.683431	0.097633	0.097633
tRNA-Pro-AGG-1-1|d_arm|part1	19	19	3.22189	0.169573	0.169573
tRNA-Pro-AGG-1-1|anticodon_arm|part1	17	17	3.31952	0.195266	0.195266
tRNA-Pro-AGG-1-1|anticodon|part1	3	3	0.585798	0.195266	0.195266
tRNA-Pro-AGG-1-1|variable_region|part1	4	4	0.781064	0.195266	0.195266
tRNA-Pro-AGG-1-1|t_arm|part1	17	17	3.12426	0.18378	0.18378
tRNA-Pro-AGG-1-1|acceptor_stem_3p|part1	8	8	0.781064	0.097633	0.097633
tRNA-Arg-CCT-5-1|acceptor_stem_5p|part1	7	7	0	0	0
tRNA-Arg-CCT-5-1|d_arm|part1	19	19	0	0	0
tRNA-Arg-CCT-5-1|anticodon_arm|part1	17	17	0	0	0
tRNA-Arg-CCT-5-1|anticodon|part1	3	3	0	0	0
tRNA-Arg-CCT-5-1|variable_region|part1	5	5	0	0	0
tRNA-Arg-CCT-5-1|t_arm|part1	17	17	0	0	0
tRNA-Arg-CCT-5-1|acceptor_stem_3p|part1	8	8	0	0	0
tRNA-Lys-CTT-14-1|acceptor_stem_5p|part1	7	7	0	0	0
tRNA-Lys-CTT-14-1|d_arm|part1	19	19	0	0	0
tRNA-Lys-CTT-14-1|anticodon_arm|part1	17	17	0	0	0
tRNA-Lys-CTT-14-1|anticodon|part1	3	3	0	0	0
tRNA-Lys-CTT-14-1|variable_region|part1	5	5	0	0	0
tRNA-Lys-CTT-14-1|t_arm|part1	17	17	0	0	0
tRNA-Lys-CTT-14-1|acceptor_stem_3p|part1	8	8	0	0	0
tRNA-Thr-CGT-2-1|acceptor_stem_5p|part1	7	7	21.284	3.04057	3.04057
tRNA-Thr-CGT-2-1|d_arm|part1	19	19	57.5058	3.02662	3.02662
tRNA-Thr-CGT-2-1|anticodon_arm|part1	17	17	51.4526	3.02662	3.02662
tRNA-Thr-CGT-2-1|anticodon|part1	3	3	9.07987	3.02662	3.02662
tRNA-Thr-CGT-2-1|variable_region|part1	4	4	12.1065	3.02662	3.02662
tRNA-Thr-CGT-2-1|t_arm|part1	17	17	48.9141	2.8773	2.8773
tRNA-Thr-CGT-2-1|acceptor_stem_3p|part1	8	8	22.6509	2.83136	2.83136
tRNA-Leu-TAG-3-1|acceptor_stem_3p|part1	8	8	3.90532	0.488165	0.488165
tRNA-Leu-TAG-3-1|t_arm|part1	17	17	11.2278	0.660458	0.660458
tRNA-Leu-TAG-3-1|variable_region|part1	14	14	13.6686	0.97633	0.97633
tRNA-Leu-TAG-3-1|anticodon_arm|part1	17	17	16.5976	0.97633	0.97633
tRNA-Leu-TAG-3-1|anticodon|part1	3	3	2.92899	0.97633	0.97633
tRNA-Leu-TAG-3-1|d_arm|part1	19	19	20.8935	1.09966	1.09966
tRNA-Leu-TAG-3-1|acceptor_stem_5p|part1	7	7	9.56803	1.36686	1.36686
tRNA-Leu-AAG-2-4|acceptor_stem_5p|part1	7	7	23.9201	3.41715	3.41715
tRNA-Leu-AAG-2-4|d_arm|part1	19	19	64.9259	3.41715	3.41715
tRNA-Leu-AAG-2-4|anticodon_arm|part1	17	17	58.6774	3.45161	3.45161
tRNA-Leu-AAG-2-4|anticodon|part1	3	3	10.2515	3.41715	3.41715
tRNA-Leu-AAG-2-4|variable_region|part1	14	14	50.5739	3.61242	3.61242
tRNA-Leu-AAG-2-4|t_arm|part1	17	17	61.4111	3.61242	3.61242
tRNA-Leu-AAG-2-4|acceptor_stem_3p|part1	8	8	28.8994	3.61242	3.61242
tRNA-Leu-CAG-2-1|acceptor_stem_5p|part1	7	7	28.7041	4.10059	4.10059
tRNA-Leu-CAG-2-1|d_arm|part1	19	19	77.9111	4.10059	4.10059
tRNA-Leu-CAG-2-1|anticodon_arm|part1	17	17	68.7336	4.04315	4.04315
tRNA-Leu-CAG-2-1|anticodon|part1	3	3	12.3018	4.10059	4.10059
tRNA-Leu-CAG-2-1|variable_region|part1	15	15	58.5798	3.90532	3.90532
tRNA-Leu-CAG-2-1|t_arm|part1	17	17	66.3904	3.90532	3.90532
tRNA-Leu-CAG-2-1|acceptor_stem_3p|part1	8	8	31.2426	3.90532	3.90532
tRNA-Leu-CAG-2-2|acceptor_stem_3p|part1	8	8	26.5562	3.31952	3.31952
tRNA-Leu-CAG-2-2|t_arm|part1	17	17	53.3076	3.13574	3.13574
tRNA-Leu-CAG-2-2|variable_region|part1	15	15	46.8638	3.12426	3.12426
tRNA-Leu-CAG-2-2|anticodon_arm|part1	17	17	53.1123	3.12426	3.12426
tRNA-Leu-CAG-2-2|anticodon|part1	3	3	9.37277	3.12426	3.12426
tRNA-Leu-CAG-2-2|d_arm|part1	19	19	65.9999	3.47368	3.47368
tRNA-Leu-CAG-2-2|acceptor_stem_5p|part1	7	7	24.6035	3.51479	3.51479
tRNA-Gly-GCC-3-1|acceptor_stem_3p|part1	8	8	0	0	0
tRNA-Gly-GCC-3-1|t_arm|part1	17	17	0	0	0
tRNA-Gly-GCC-3-1|variable_region|part1	3	3	0	0	0
tRNA-Gly-GCC-3-1|anticodon_arm|part1	17	17	0	0	0
tRNA-Gly-GCC-3-1|anticodon|part1	3	3	0	0	0
tRNA-Gly-GCC-3-1|d_arm|part1	19	19	0	0	0
tRNA-Gly-GCC-3-1|acceptor_stem_5p|part1	7	7	0	0	0
tRNA-Gly-GCC-2-4|acceptor_stem_3p|part1	8	8	2.34319	0.292899	0.292899
tRNA-Gly-GCC-2-4|t_arm|part1	17	17	4.97928	0.292899	0.292899
tRNA-Gly-GCC-2-4|variable_region|part1	3	3	0.878697	0.292899	0.292899
tRNA-Gly-GCC-2-4|anticodon_arm|part1	17	17	4.97928	0.292899	0.292899
tRNA-Gly-GCC-2-4|anticodon|part1	3	3	0.878697	0.292899	0.292899
tRNA-Gly-GCC-2-4|d_arm|part1	19	19	6.05325	0.318592	0.318592
tRNA-Gly-GCC-2-4|acceptor_stem_5p|part1	7	7	2.73372	0.390532	0.390532
tRNA-Gly-GCC-5-1|acceptor_stem_5p|part1	7	7	0	0	0
tRNA-Gly-GCC-5-1|d_arm|part1	19	19	0	0	0
tRNA-Gly-GCC-5-1|anticodon_arm|part1	17	17	0	0	0
tRNA-Gly-GCC-5-1|anticodon|part1	3	3	0	0	0
tRNA-Gly-GCC-5-1|variable_region|part1	3	3	0	0	0
tRNA-Gly-GCC-5-1|t_arm|part1	17	17	0	0	0
tRNA-Gly-GCC-5-1|acceptor_stem_3p|part1	8	8	0	0	0
tRNA-Gly-GCC-2-5|acceptor_stem_5p|part1	7	7	0	0	0
tRNA-Gly-GCC-2-5|d_arm|part1	19	19	0	0	0
tRNA-Gly-GCC-2-5|anticodon_arm|part1	17	17	0	0	0
tRNA-Gly-GCC-2-5|anticodon|part1	3	3	0	0	0
tRNA-Gly-GCC-2-5|variable_region|part1	3	3	0	0	0
tRNA-Gly-GCC-2-5|t_arm|part1	17	17	0	0	0
tRNA-Gly-GCC-2-5|acceptor_stem_3p|part1	8	8	0	0	0
tRNA-Met-CAT-2-1|acceptor_stem_5p|part1	7	7	10.642	1.52029	1.52029
tRNA-Met-CAT-2-1|d_arm|part1	19	19	31.5355	1.65976	1.65976
tRNA-Met-CAT-2-1|anticodon_arm|part1	17	17	28.2159	1.65976	1.65976
tRNA-Met-CAT-2-1|anticodon|part1	3	3	4.97928	1.65976	1.65976
tRNA-Met-CAT-2-1|variable_region|part1	5	5	8.2988	1.65976	1.65976
tRNA-Met-CAT-2-1|t_arm|part1	17	17	29.1923	1.71719	1.71719
tRNA-Met-CAT-2-1|acceptor_stem_3p|part1	8	8	14.0591	1.75739	1.75739
tRNA-Lys-TTT-1-1|acceptor_stem_3p|part1	8	8	0	0	0
tRNA-Lys-TTT-1-1|t_arm|part1	17	17	0	0	0
tRNA-Lys-TTT-1-1|variable_region|part1	5	5	0	0	0
tRNA-Lys-TTT-1-1|anticodon_arm|part1	17	17	0	0	0
tRNA-Lys-TTT-1-1|anticodon|part1	3	3	0	0	0
tRNA-Lys-TTT-1-1|d_arm|part1	19	19	0	0	0
tRNA-Lys-TTT-1-1|acceptor_stem_5p|part1	7	7	0	0	0
tRNA-Met-CAT-6-1|acceptor_stem_3p|part1	8	8	30.4615	3.80769	3.80769
tRNA-Met-CAT-6-1|t_arm|part1	17	17	65.1212	3.83066	3.83066
tRNA-Met-CAT-6-1|variable_region|part1	5	5	20.0148	4.00295	4.00295
tRNA-Met-CAT-6-1|anticodon_arm|part1	17	17	68.0502	4.00295	4.00295
tRNA-Met-CAT-6-1|anticodon|part1	3	3	12.0089	4.00295	4.00295
tRNA-Met-CAT-6-1|d_arm|part1	19	19	76.0561	4.00295	4.00295
tRNA-Met-CAT-6-1|acceptor_stem_5p|part1	7	7	28.0207	4.00295	4.00295
tRNA-Lys-TTT-3-5|acceptor_stem_5p|part1	7	7	10.9349	1.56213	1.56213
tRNA-Lys-TTT-3-5|d_arm|part1	19	19	29.6804	1.56213	1.56213
tRNA-Lys-TTT-3-5|anticodon_arm|part1	17	17	23.6272	1.38983	1.38983
tRNA-Lys-TTT-3-5|anticodon|part1	3	3	4.10059	1.36686	1.36686
tRNA-Lys-TTT-3-5|variable_region|part1	5	5	6.83431	1.36686	1.36686
tRNA-Lys-TTT-3-5|t_arm|part1	17	17	23.2367	1.36686	1.36686
tRNA-Lys-TTT-3-5|acceptor_stem_3p|part1	8	8	10.9349	1.36686	1.36686
tRNA-Gln-CTG-1-5|acceptor_stem_5p|part1	7	7	3.41715	0.488165	0.488165
tRNA-Gln-CTG-1-5|d_arm|part1	19	19	9.27513	0.488165	0.488165
tRNA-Gln-CTG-1-5|anticodon_arm|part1	17	17	9.4704	0.557082	0.557082
tRNA-Gln-CTG-1-5|anticodon|part1	3	3	1.75739	0.585798	0.585798
tRNA-Gln-CTG-1-5|variable_region|part1	4	4	2.34319	0.585798	0.585798
tRNA-Gln-CTG-1-5|t_arm|part1	17	17	9.95856	0.585798	0.585798
tRNA-Gln-CTG-1-5|acceptor_stem_3p|part1	8	8	4.68638	0.585798	0.585798
tRNA-Leu-TAG-1-1|acceptor_stem_3p|part1	8	8	10.1538	1.26923	1.26923
tRNA-Leu-TAG-1-1|t_arm|part1	17	17	21.5769	1.26923	1.26923
tRNA-Leu-TAG-1-1|variable_region|part1	14	14	17.7692	1.26923	1.26923
tRNA-Leu-TAG-1-1|anticodon_arm|part1	17	17	21.5769	1.26923	1.26923
tRNA-Leu-TAG-1-1|anticodon|part1	3	3	3.80769	1.26923	1.26923
tRNA-Leu-TAG-1-1|d_arm|part1	19	19	25.2869	1.33089	1.33089
tRNA-Leu-TAG-1-1|acceptor_stem_5p|part1	7	7	10.2515	1.46449	1.46449
tRNA-Arg-TCT-2-1|acceptor_stem_5p|part1	7	7	4.10059	0.585798	0.585798
tRNA-Arg-TCT-2-1|d_arm|part1	19	19	11.1302	0.585798	0.585798
tRNA-Arg-TCT-2-1|anticodon_arm|part1	11	11	6.44378	0.585798	0.585798
tRNA-Arg-TCT-2-1|anticodon|part1	3	3	1.75739	0.585798	0.585798
tRNA-Arg-TCT-2-1|intron|part1	15	15	8.78697	0.585798	0.585798
tRNA-Arg-TCT-2-1|anticodon_arm|part2	6	6	3.51479	0.585798	0.585798
tRNA-Arg-TCT-2-1|variable_region|part1	5	5	1.95266	0.390532	0.390532
tRNA-Arg-TCT-2-1|t_arm|part1	17	17	6.63904	0.390532	0.390532
tRNA-Arg-TCT-2-1|acceptor_stem_3p|part1	8	8	3.12426	0.390532	0.390532
tRNA-Gly-GCC-2-6|acceptor_stem_5p|part1	7	7	3.41715	0.488165	0.488165
tRNA-Gly-GCC-2-6|d_arm|part1	19	19	9.27513	0.488165	0.488165
tRNA-Gly-GCC-2-6|anticodon_arm|part1	17	17	6.54141	0.384789	0.384789
tRNA-Gly-GCC-2-6|anticodon|part1	3	3	1.46449	0.488165	0.488165
tRNA-Gly-GCC-2-6|variable_region|part1	3	3	0.585798	0.195266	0.195266
tRNA-Gly-GCC-2-6|t_arm|part1	17	17	3.31952	0.195266	0.195266
tRNA-Gly-GCC-2-6|acceptor_stem_3p|part1	8	8	1.56213	0.195266	0.195266
tRNA-Ser-CGA-1-1|acceptor_stem_3p|part1	8	8	12.497	1.56213	1.56213
tRNA-Ser-CGA-1-1|t_arm|part1	17	17	26.5562	1.56213	1.56213
tRNA-Ser-CGA-1-1|variable_region|part1	14	14	21.8698	1.56213	1.56213
tRNA-Ser-CGA-1-1|anticodon_arm|part1	17	17	26.5562	1.56213	1.56213
tRNA-Ser-CGA-1-1|anticodon|part1	3	3	4.68638	1.56213	1.56213
tRNA-Ser-CGA-1-1|d_arm|part1	19	19	29.6804	1.56213	1.56213
tRNA-Ser-CGA-1-1|acceptor_stem_5p|part1	7	7	10.9349	1.56213	1.56213
tRNA-Thr-AGT-5-1|acceptor_stem_3p|part1	8	8	1.56213	0.195266	0.195266
tRNA-Thr-AGT-5-1|t_arm|part1	17	17	3.31952	0.195266	0.195266
tRNA-Thr-AGT-5-1|variable_region|part1	6	6	1.1716	0.195266	0.195266
tRNA-Thr-AGT-5-1|anticodon_arm|part1	17	17	3.31952	0.195266	0.195266
tRNA-Thr-AGT-5-1|anticodon|part1	3	3	0.585798	0.195266	0.195266
tRNA-Thr-AGT-5-1|d_arm|part1	19	19	3.71005	0.195266	0.195266
tRNA-Thr-AGT-5-1|acceptor_stem_5p|part1	7	7	1.36686	0.195266	0.195266
tRNA-Trp-CCA-3-3|acceptor_stem_5p|part1	7	7	1.36686	0.195266	0.195266
tRNA-Trp-CCA-3-3|d_arm|part1	19	19	3.61242	0.190127	0.190127
tRNA-Trp-CCA-3-3|anticodon_arm|part1	17	17	1.65976	0.097633	0.097633
tRNA-Trp-CCA-3-3|anticodon|part1	3	3	0.292899	0.097633	0.097633
tRNA-Trp-CCA-3-3|variable_region|part1	4	4	0.390532	0.097633	0.097633
tRNA-Trp-CCA-3-3|t_arm|part1	17	17	1.65976	0.097633	0.097633
tRNA-Trp-CCA-3-3|acceptor_stem_3p|part1	8	8	0.781064	0.097633	0.097633
tRNA-Ser-GCT-4-3|acceptor_stem_5p|part1	7	7	14.352	2.05029	2.05029
tRNA-Ser-GCT-4-3|d_arm|part1	19	19	39.8343	2.09654	2.09654
tRNA-Ser-GCT-4-3|anticodon_arm|part1	17	17	36.5147	2.14793	2.14793
tRNA-Ser-GCT-4-3|anticodon|part1	3	3	6.44378	2.14793	2.14793
tRNA-Ser-GCT-4-3|variable_region|part1	14	14	30.071	2.14793	2.14793
tRNA-Ser-GCT-4-3|t_arm|part1	17	17	34.4644	2.02732	2.02732
tRNA-Ser-GCT-4-3|acceptor_stem_3p|part1	8	8	14.8402	1.85503	1.85503
tRNA-Thr-AGT-1-1|acceptor_stem_5p|part1	7	7	10.9349	1.56213	1.56213
tRNA-Thr-AGT-1-1|d_arm|part1	19	19	29.6804	1.56213	1.56213
tRNA-Thr-AGT-1-1|anticodon_arm|part1	17	17	26.5562	1.56213	1.56213
tRNA-Thr-AGT-1-1|anticodon|part1	3	3	4.68638	1.56213	1.56213
tRNA-Thr-AGT-1-1|variable_region|part1	6	6	9.37277	1.56213	1.56213
tRNA-Thr-AGT-1-1|t_arm|part1	17	17	26.5562	1.56213	1.56213
tRNA-Thr-AGT-1-1|acceptor_stem_3p|part1	8	8	12.3018	1.53772	1.53772
tRNA-Ile-AAT-5-5|acceptor_stem_5p|part1	7	7	15.0355	2.14793	2.14793
tRNA-Ile-AAT-5-5|d_arm|part1	19	19	40.8106	2.14793	2.14793
tRNA-Ile-AAT-5-5|anticodon_arm|part1	17	17	37.1005	2.18238	2.18238
tRNA-Ile-AAT-5-5|anticodon|part1	3	3	6.44378	2.14793	2.14793
tRNA-Ile-AAT-5-5|variable_region|part1	6	6	14.0591	2.34319	2.34319
tRNA-Ile-AAT-5-5|t_arm|part1	17	17	39.8343	2.34319	2.34319
tRNA-Ile-AAT-5-5|acceptor_stem_3p|part1	8	8	18.7455	2.34319	2.34319
tRX-Ile-NNN-4-1|acceptor_stem_3p|part1	8	8	1.56213	0.195266	0.195266
tRX-Ile-NNN-4-1|t_arm|part1	17	17	1.85503	0.109119	0.109119
tRX-Ile-NNN-4-1|variable_region|part1	19	19	1.85503	0.097633	0.097633
tRX-Ile-NNN-4-1|anticodon_arm|part1	17	17	1.65976	0.097633	0.097633
tRX-Ile-NNN-4-1|anticodon|part1	3	3	0.292899	0.097633	0.097633
tRX-Ile-NNN-4-1|d_arm|part1	19	19	1.85503	0.097633	0.097633
tRX-Ile-NNN-4-1|acceptor_stem_5p|part1	7	7	0.683431	0.097633	0.097633
tRNA-Trp-CCA-1-1|acceptor_stem_3p|part1	8	8	8.5917	1.07396	1.07396
tRNA-Trp-CCA-1-1|t_arm|part1	17	17	17.1834	1.01079	1.01079
tRNA-Trp-CCA-1-1|variable_region|part1	4	4	3.90532	0.97633	0.97633
tRNA-Trp-CCA-1-1|anticodon_arm|part1	17	17	16.5976	0.97633	0.97633
tRNA-Trp-CCA-1-1|anticodon|part1	3	3	2.92899	0.97633	0.97633
tRNA-Trp-CCA-1-1|d_arm|part1	19	19	18.4526	0.971191	0.971191
tRNA-Trp-CCA-1-1|acceptor_stem_5p|part1	7	7	6.15088	0.878697	0.878697
tRNA-Gly-TCC-3-1|acceptor_stem_5p|part1	7	7	8.8846	1.26923	1.26923
tRNA-Gly-TCC-3-1|d_arm|part1	19	19	24.1153	1.26923	1.26923
tRNA-Gly-TCC-3-1|anticodon_arm|part1	17	17	20.0148	1.17734	1.17734
tRNA-Gly-TCC-3-1|anticodon|part1	3	3	3.61242	1.20414	1.20414
tRNA-Gly-TCC-3-1|variable_region|part1	4	4	4.29585	1.07396	1.07396
tRNA-Gly-TCC-3-1|t_arm|part1	17	17	18.2574	1.07396	1.07396
tRNA-Gly-TCC-3-1|acceptor_stem_3p|part1	8	8	8.5917	1.07396	1.07396
tRNA-Asp-GTC-2-11|acceptor_stem_3p|part1	8	8	3.12426	0.390532	0.390532
tRNA-Asp-GTC-2-11|t_arm|part1	17	17	6.63904	0.390532	0.390532
tRNA-Asp-GTC-2-11|variable_region|part1	4	4	1.56213	0.390532	0.390532
tRNA-Asp-GTC-2-11|anticodon_arm|part1	17	17	6.63904	0.390532	0.390532
tRNA-Asp-GTC-2-11|anticodon|part1	3	3	1.1716	0.390532	0.390532
tRNA-Asp-GTC-2-11|d_arm|part1	19	19	7.42011	0.390532	0.390532
tRNA-Asp-GTC-2-11|acceptor_stem_5p|part1	7	7	2.73372	0.390532	0.390532
tRNA-Pro-CGG-1-3|acceptor_stem_3p|part1	8	8	8.5917	1.07396	1.07396
tRNA-Pro-CGG-1-3|t_arm|part1	17	17	18.2574	1.07396	1.07396
tRNA-Pro-CGG-1-3|variable_region|part1	4	4	4.29585	1.07396	1.07396
tRNA-Pro-CGG-1-3|anticodon_arm|part1	17	17	18.2574	1.07396	1.07396
tRNA-Pro-CGG-1-3|anticodon|part1	3	3	3.22189	1.07396	1.07396
tRNA-Pro-CGG-1-3|d_arm|part1	19	19	24.7988	1.3052	1.3052
tRNA-Pro-CGG-1-3|acceptor_stem_5p|part1	7	7	9.56803	1.36686	1.36686
tRNA-Thr-AGT-1-2|acceptor_stem_3p|part1	8	8	6.24851	0.781064	0.781064
tRNA-Thr-AGT-1-2|t_arm|part1	17	17	13.2781	0.781064	0.781064
tRNA-Thr-AGT-1-2|variable_region|part1	6	6	4.68638	0.781064	0.781064
tRNA-Thr-AGT-1-2|anticodon_arm|part1	17	17	13.2781	0.781064	0.781064
tRNA-Thr-AGT-1-2|anticodon|part1	3	3	2.34319	0.781064	0.781064
tRNA-Thr-AGT-1-2|d_arm|part1	19	19	11.1302	0.585798	0.585798
tRNA-Thr-AGT-1-2|acceptor_stem_5p|part1	7	7	4.10059	0.585798	0.585798
tRNA-Ser-AGA-2-6|acceptor_stem_3p|part1	8	8	10.1538	1.26923	1.26923
tRNA-Ser-AGA-2-6|t_arm|part1	17	17	20.9911	1.23477	1.23477
tRNA-Ser-AGA-2-6|variable_region|part1	14	14	13.6686	0.97633	0.97633
tRNA-Ser-AGA-2-6|anticodon_arm|part1	17	17	16.5976	0.97633	0.97633
tRNA-Ser-AGA-2-6|anticodon|part1	3	3	2.92899	0.97633	0.97633
tRNA-Ser-AGA-2-6|d_arm|part1	19	19	19.3313	1.01744	1.01744
tRNA-Ser-AGA-2-6|acceptor_stem_5p|part1	7	7	9.56803	1.36686	1.36686
tRNA-Ile-AAT-4-1|acceptor_stem_3p|part1	8	8	10.1538	1.26923	1.26923
tRNA-Ile-AAT-4-1|t_arm|part1	17	17	21.5769	1.26923	1.26923
tRNA-Ile-AAT-4-1|variable_region|part1	6	6	7.61537	1.26923	1.26923
tRNA-Ile-AAT-4-1|anticodon_arm|part1	17	17	22.1627	1.30369	1.30369
tRNA-Ile-AAT-4-1|anticodon|part1	3	3	3.80769	1.26923	1.26923
tRNA-Ile-AAT-4-1|d_arm|part1	19	19	25.9704	1.36686	1.36686
tRNA-Ile-AAT-4-1|acceptor_stem_5p|part1	7	7	9.56803	1.36686	1.36686
tRNA-Trp-CCA-2-1|acceptor_stem_5p|part1	7	7	15.0355	2.14793	2.14793
tRNA-Trp-CCA-2-1|d_arm|part1	19	19	40.8106	2.14793	2.14793
tRNA-Trp-CCA-2-1|anticodon_arm|part1	17	17	36.5147	2.14793	2.14793
tRNA-Trp-CCA-2-1|anticodon|part1	3	3	6.44378	2.14793	2.14793
tRNA-Trp-CCA-2-1|variable_region|part1	4	4	8.5917	2.14793	2.14793
tRNA-Trp-CCA-2-1|t_arm|part1	17	17	31.0473	1.82631	1.82631
tRNA-Trp-CCA-2-1|acceptor_stem_3p|part1	8	8	10.9349	1.36686	1.36686
tRNA-Gly-CCC-3-1|acceptor_stem_5p|part1	7	7	0	0	0
tRNA-Gly-CCC-3-1|d_arm|part1	19	19	0	0	0
tRNA-Gly-CCC-3-1|anticodon_arm|part1	17	17	0	0	0
tRNA-Gly-CCC-3-1|anticodon|part1	3	3	0	0	0
tRNA-Gly-CCC-3-1|variable_region|part1	3	3	0	0	0
tRNA-Gly-CCC-3-1|t_arm|part1	17	17	0	0	0
tRNA-Gly-CCC-3-1|acceptor_stem_3p|part1	8	8	0	0	0
tRNA-Thr-CGT-4-1|acceptor_stem_5p|part1	7	7	12.3018	1.75739	1.75739
tRNA-Thr-CGT-4-1|d_arm|part1	19	19	29.8757	1.5724	1.5724
tRNA-Thr-CGT-4-1|anticodon_arm|part1	17	17	26.5562	1.56213	1.56213
tRNA-Thr-CGT-4-1|anticodon|part1	3	3	4.68638	1.56213	1.56213
tRNA-Thr-CGT-4-1|variable_region|part1	4	4	6.24851	1.56213	1.56213
tRNA-Thr-CGT-4-1|t_arm|part1	17	17	26.5562	1.56213	1.56213
tRNA-Thr-CGT-4-1|acceptor_stem_3p|part1	8	8	12.497	1.56213	1.56213
tRNA-Asn-GTT-2-5|acceptor_stem_3p|part1	8	8	0.781064	0.097633	0.097633
tRNA-Asn-GTT-2-5|t_arm|part1	17	17	1.65976	0.097633	0.097633
tRNA-Asn-GTT-2-5|variable_region|part1	6	6	0.585798	0.097633	0.097633
tRNA-Asn-GTT-2-5|anticodon_arm|part1	17	17	1.65976	0.097633	0.097633
tRNA-Asn-GTT-2-5|anticodon|part1	3	3	0.292899	0.097633	0.097633
tRNA-Asn-GTT-2-5|d_arm|part1	19	19	1.85503	0.097633	0.097633
tRNA-Asn-GTT-2-5|acceptor_stem_5p|part1	7	7	0.683431	0.097633	0.097633
tRNA-Cys-GCA-14-1|acceptor_stem_3p|part1	8	8	4.68638	0.585798	0.585798
tRNA-Cys-GCA-14-1|t_arm|part1	17	17	8.8846	0.522624	0.522624
tRNA-Cys-GCA-14-1|variable_region|part1	4	4	1.95266	0.488165	0.488165
tRNA-Cys-GCA-14-1|anticodon_arm|part1	17	17	8.2988	0.488165	0.488165
tRNA-Cys-GCA-14-1|anticodon|part1	3	3	1.46449	0.488165	0.488165
tRNA-Cys-GCA-14-1|d_arm|part1	19	19	9.37277	0.493304	0.493304
tRNA-Cys-GCA-14-1|acceptor_stem_5p|part1	7	7	4.10059	0.585798	0.585798
tRNA-Cys-GCA-2-2|acceptor_stem_5p|part1	7	7	2.63609	0.376584	0.376584
tRNA-Cys-GCA-2-2|d_arm|part1	19	19	5.56508	0.292899	0.292899
tRNA-Cys-GCA-2-2|anticodon_arm|part1	17	17	4.97928	0.292899	0.292899
tRNA-Cys-GCA-2-2|anticodon|part1	3	3	0.878697	0.292899	0.292899
tRNA-Cys-GCA-2-2|variable_region|part1	4	4	1.1716	0.292899	0.292899
tRNA-Cys-GCA-2-2|t_arm|part1	17	17	4.97928	0.292899	0.292899
tRNA-Cys-GCA-2-2|acceptor_stem_3p|part1	8	8	2.34319	0.292899	0.292899
tRNA-Cys-GCA-4-1|acceptor_stem_3p|part1	8	8	4.29585	0.536981	0.536981
tRNA-Cys-GCA-4-1|t_arm|part1	17	17	11.6183	0.683431	0.683431
tRNA-Cys-GCA-4-1|variable_region|part1	4	4	2.73372	0.683431	0.683431
tRNA-Cys-GCA-4-1|anticodon_arm|part1	17	17	11.6183	0.683431	0.683431
tRNA-Cys-GCA-4-1|anticodon|part1	3	3	2.05029	0.683431	0.683431
tRNA-Cys-GCA-4-1|d_arm|part1	19	19	13.8639	0.729678	0.729678
tRNA-Cys-GCA-4-1|acceptor_stem_5p|part1	7	7	5.46745	0.781064	0.781064
tRNA-Cys-GCA-2-3|acceptor_stem_3p|part1	8	8	1.56213	0.195266	0.195266
tRNA-Cys-GCA-2-3|t_arm|part1	17	17	4.39348	0.25844	0.25844
tRNA-Cys-GCA-2-3|variable_region|part1	4	4	1.1716	0.292899	0.292899
tRNA-Cys-GCA-2-3|anticodon_arm|part1	17	17	4.97928	0.292899	0.292899
tRNA-Cys-GCA-2-3|anticodon|part1	3	3	0.878697	0.292899	0.292899
tRNA-Cys-GCA-2-3|d_arm|part1	19	19	5.66271	0.298038	0.298038
tRNA-Cys-GCA-2-3|acceptor_stem_5p|part1	7	7	2.73372	0.390532	0.390532
tRNA-Cys-GCA-2-4|acceptor_stem_3p|part1	8	8	9.95856	1.24482	1.24482
tRNA-Cys-GCA-2-4|t_arm|part1	17	17	18.2574	1.07396	1.07396
tRNA-Cys-GCA-2-4|variable_region|part1	4	4	4.29585	1.07396	1.07396
tRNA-Cys-GCA-2-4|anticodon_arm|part1	17	17	18.2574	1.07396	1.07396
tRNA-Cys-GCA-2-4|anticodon|part1	3	3	3.22189	1.07396	1.07396
tRNA-Cys-GCA-2-4|d_arm|part1	19	19	20.4053	1.07396	1.07396
tRNA-Cys-GCA-2-4|acceptor_stem_5p|part1	7	7	7.51774	1.07396	1.07396
tRX-Val-NNN-3-1|acceptor_stem_3p|part1	8	8	0	0	0
tRX-Val-NNN-3-1|t_arm|part1	17	17	0	0	0
tRX-Val-NNN-3-1|variable_region|part1	5	5	0	0	0
tRX-Val-NNN-3-1|anticodon_arm|part1	17	17	0	0	0
tRX-Val-NNN-3-1|anticodon|part1	3	3	0	0	0
tRX-Val-NNN-3-1|d_arm|part1	19	19	0	0	0
tRX-Val-NNN-3-1|acceptor_stem_5p|part1	7	7	0	0	0
tRNA-Gln-TTG-1-1|acceptor_stem_5p|part1	7	7	16.4023	2.34319	2.34319
tRNA-Gln-TTG-1-1|d_arm|part1	19	19	53.3076	2.80566	2.80566
tRNA-Gln-TTG-1-1|anticodon_arm|part1	17	17	49.7928	2.92899	2.92899
tRNA-Gln-TTG-1-1|anticodon|part1	3	3	8.78697	2.92899	2.92899
tRNA-Gln-TTG-1-1|variable_region|part1	4	4	11.716	2.92899	2.92899
tRNA-Gln-TTG-1-1|t_arm|part1	17	17	49.4999	2.91176	2.91176
tRNA-Gln-TTG-1-1|acceptor_stem_3p|part1	8	8	22.6509	2.83136	2.83136
tRNA-Arg-CCG-2-1|acceptor_stem_3p|part1	8	8	21.8698	2.73372	2.73372
tRNA-Arg-CCG-2-1|t_arm|part1	17	17	46.4733	2.73372	2.73372
tRNA-Arg-CCG-2-1|variable_region|part1	5	5	13.6686	2.73372	2.73372
tRNA-Arg-CCG-2-1|anticodon_arm|part1	17	17	47.352	2.78541	2.78541
tRNA-Arg-CCG-2-1|anticodon|part1	3	3	8.39644	2.79881	2.79881
tRNA-Arg-CCG-2-1|d_arm|part1	19	19	53.7958	2.83136	2.83136
tRNA-Arg-CCG-2-1|acceptor_stem_5p|part1	7	7	19.8195	2.83136	2.83136
tRNA-Arg-CCT-1-1|acceptor_stem_5p|part1	7	7	16.4023	2.34319	2.34319
tRNA-Arg-CCT-1-1|d_arm|part1	19	19	44.5206	2.34319	2.34319
tRNA-Arg-CCT-1-1|anticodon_arm|part1	17	17	39.8343	2.34319	2.34319
tRNA-Arg-CCT-1-1|anticodon|part1	3	3	7.02957	2.34319	2.34319
tRNA-Arg-CCT-1-1|variable_region|part1	5	5	11.716	2.34319	2.34319
tRNA-Arg-CCT-1-1|t_arm|part1	17	17	31.0473	1.82631	1.82631
tRNA-Arg-CCT-1-1|acceptor_stem_3p|part1	8	8	14.0591	1.75739	1.75739
tRNA-Arg-CCT-2-1|acceptor_stem_3p|part1	8	8	7.81064	0.97633	0.97633
tRNA-Arg-CCT-2-1|t_arm|part1	17	17	16.5976	0.97633	0.97633
tRNA-Arg-CCT-2-1|variable_region|part1	5	5	5.85798	1.1716	1.1716
tRNA-Arg-CCT-2-1|anticodon_arm|part1	17	17	19.9171	1.1716	1.1716
tRNA-Arg-CCT-2-1|anticodon|part1	3	3	3.51479	1.1716	1.1716
tRNA-Arg-CCT-2-1|d_arm|part1	19	19	22.2603	1.1716	1.1716
tRNA-Arg-CCT-2-1|acceptor_stem_5p|part1	7	7	8.20117	1.1716	1.1716
tRNA-Arg-TCG-3-1|acceptor_stem_5p|part1	7	7	13.6686	1.95266	1.95266
tRNA-Arg-TCG-3-1|d_arm|part1	19	19	37.1005	1.95266	1.95266
tRNA-Arg-TCG-3-1|anticodon_arm|part1	17	17	33.1952	1.95266	1.95266
tRNA-Arg-TCG-3-1|anticodon|part1	3	3	5.85798	1.95266	1.95266
tRNA-Arg-TCG-3-1|variable_region|part1	5	5	10.7396	2.14793	2.14793
tRNA-Arg-TCG-3-1|t_arm|part1	17	17	36.5147	2.14793	2.14793
tRNA-Arg-TCG-3-1|acceptor_stem_3p|part1	8	8	17.1834	2.14793	2.14793
tRNA-iMet-CAT-1-8|acceptor_stem_3p|part1	8	8	32.4142	4.05177	4.05177
tRNA-iMet-CAT-1-8|t_arm|part1	17	17	64.7307	3.80769	3.80769
tRNA-iMet-CAT-1-8|variable_region|part1	4	4	15.2307	3.80769	3.80769
tRNA-iMet-CAT-1-8|anticodon_arm|part1	17	17	64.7307	3.80769	3.80769
tRNA-iMet-CAT-1-8|anticodon|part1	3	3	11.4231	3.80769	3.80769
tRNA-iMet-CAT-1-8|d_arm|part1	19	19	66.9762	3.52506	3.52506
tRNA-iMet-CAT-1-8|acceptor_stem_5p|part1	7	7	23.2366	3.31952	3.31952
tRNA-Gly-TCC-5-1|acceptor_stem_5p|part1	7	7	0	0	0
tRNA-Gly-TCC-5-1|d_arm|part1	19	19	0	0	0
tRNA-Gly-TCC-5-1|anticodon_arm|part1	17	17	0	0	0
tRNA-Gly-TCC-5-1|anticodon|part1	3	3	0	0	0
tRNA-Gly-TCC-5-1|variable_region|part1	4	4	0	0	0
tRNA-Gly-TCC-5-1|t_arm|part1	17	17	0	0	0
tRNA-Gly-TCC-5-1|acceptor_stem_3p|part1	8	8	0	0	0
tRNA-Gly-TCC-6-1|acceptor_stem_5p|part1	7	7	0	0	0
tRNA-Gly-TCC-6-1|d_arm|part1	19	19	0	0	0
tRNA-Gly-TCC-6-1|anticodon_arm|part1	17	17	0	0	0
tRNA-Gly-TCC-6-1|anticodon|part1	3	3	0	0	0
tRNA-Gly-TCC-6-1|variable_region|part1	4	4	0	0	0
tRNA-Gly-TCC-6-1|t_arm|part1	17	17	0	0	0
tRNA-Gly-TCC-6-1|acceptor_stem_3p|part1	8	8	0	0	0
tRNA-Phe-GAA-1-6|acceptor_stem_3p|part1	8	8	7.02957	0.878697	0.878697
tRNA-Phe-GAA-1-6|t_arm|part1	17	17	14.9378	0.878697	0.878697
tRNA-Phe-GAA-1-6|variable_region|part1	5	5	4.39348	0.878697	0.878697
tRNA-Phe-GAA-1-6|anticodon_arm|part1	17	17	16.3047	0.9591	0.9591
tRNA-Phe-GAA-1-6|anticodon|part1	3	3	2.63609	0.878697	0.878697
tRNA-Phe-GAA-1-6|d_arm|part1	19	19	20.4053	1.07396	1.07396
tRNA-Phe-GAA-1-6|acceptor_stem_5p|part1	7	7	7.51774	1.07396	1.07396
tRNA-Asn-GTT-2-6|acceptor_stem_5p|part1	7	7	8.8846	1.26923	1.26923
tRNA-Asn-GTT-2-6|d_arm|part1	19	19	24.1153	1.26923	1.26923
tRNA-Asn-GTT-2-6|anticodon_arm|part1	17	17	21.9674	1.2922	1.2922
tRNA-Asn-GTT-2-6|anticodon|part1	3	3	3.80769	1.26923	1.26923
tRNA-Asn-GTT-2-6|variable_region|part1	6	6	8.20117	1.36686	1.36686
tRNA-Asn-GTT-2-6|t_arm|part1	17	17	23.2367	1.36686	1.36686
tRNA-Asn-GTT-2-6|acceptor_stem_3p|part1	8	8	10.9349	1.36686	1.36686
tRNA-Gly-TCC-1-1|acceptor_stem_5p|part1	7	7	11.6183	1.65976	1.65976
tRNA-Gly-TCC-1-1|d_arm|part1	19	19	31.5355	1.65976	1.65976
tRNA-Gly-TCC-1-1|anticodon_arm|part1	17	17	28.2159	1.65976	1.65976
tRNA-Gly-TCC-1-1|anticodon|part1	3	3	4.97928	1.65976	1.65976
tRNA-Gly-TCC-1-1|variable_region|part1	4	4	6.63904	1.65976	1.65976
tRNA-Gly-TCC-1-1|t_arm|part1	17	17	28.2159	1.65976	1.65976
tRNA-Gly-TCC-1-1|acceptor_stem_3p|part1	8	8	12.9852	1.62315	1.62315
tRNA-Val-CAC-3-1|acceptor_stem_3p|part1	8	8	6.63904	0.82988	0.82988
tRNA-Val-CAC-3-1|t_arm|part1	17	17	14.9378	0.878697	0.878697
tRNA-Val-CAC-3-1|variable_region|part1	5	5	4.39348	0.878697	0.878697
tRNA-Val-CAC-3-1|anticodon_arm|part1	17	17	14.9378	0.878697	0.878697
tRNA-Val-CAC-3-1|anticodon|part1	3	3	2.63609	0.878697	0.878697
tRNA-Val-CAC-3-1|d_arm|part1	19	19	14.352	0.755371	0.755371
tRNA-Val-CAC-3-1|acceptor_stem_5p|part1	7	7	4.78402	0.683431	0.683431
tRNA-Thr-AGT-1-3|acceptor_stem_5p|part1	7	7	31.4378	4.49112	4.49112
tRNA-Thr-AGT-1-3|d_arm|part1	19	19	85.3312	4.49112	4.49112
tRNA-Thr-AGT-1-3|anticodon_arm|part1	17	17	79.7662	4.69213	4.69213
tRNA-Thr-AGT-1-3|anticodon|part1	3	3	13.4734	4.49112	4.49112
tRNA-Thr-AGT-1-3|variable_region|part1	6	6	31.0473	5.17455	5.17455
tRNA-Thr-AGT-1-3|t_arm|part1	17	17	87.9673	5.17455	5.17455
tRNA-Thr-AGT-1-3|acceptor_stem_3p|part1	8	8	41.3964	5.17455	5.17455
tRNA-Lys-CTT-10-1|acceptor_stem_5p|part1	7	7	6.83431	0.97633	0.97633
tRNA-Lys-CTT-10-1|d_arm|part1	19	19	18.5503	0.97633	0.97633
tRNA-Lys-CTT-10-1|anticodon_arm|part1	17	17	16.5976	0.97633	0.97633
tRNA-Lys-CTT-10-1|anticodon|part1	3	3	2.92899	0.97633	0.97633
tRNA-Lys-CTT-10-1|variable_region|part1	5	5	4.88165	0.97633	0.97633
tRNA-Lys-CTT-10-1|t_arm|part1	17	17	16.5976	0.97633	0.97633
tRNA-Lys-CTT-10-1|acceptor_stem_3p|part1	8	8	7.81064	0.97633	0.97633
tRNA-Ile-TAT-1-1|acceptor_stem_3p|part1	8	8	11.716	1.46449	1.46449
tRNA-Ile-TAT-1-1|t_arm|part1	17	17	24.8964	1.46449	1.46449
tRNA-Ile-TAT-1-1|variable_region|part1	6	6	8.78697	1.46449	1.46449
tRNA-Ile-TAT-1-1|anticodon_arm|part2	5	5	7.32247	1.46449	1.46449
tRNA-Ile-TAT-1-1|intron|part1	19	19	28.997	1.52616	1.52616
tRNA-Ile-TAT-1-1|anticodon_arm|part1	12	12	18.7455	1.56213	1.56213
tRNA-Ile-TAT-1-1|anticodon|part1	3	3	4.68638	1.56213	1.56213
tRNA-Ile-TAT-1-1|d_arm|part1	19	19	29.6804	1.56213	1.56213
tRNA-Ile-TAT-1-1|acceptor_stem_5p|part1	7	7	10.9349	1.56213	1.56213
tRNA-Lys-TTT-10-1|acceptor_stem_3p|part1	8	8	0	0	0
tRNA-Lys-TTT-10-1|t_arm|part1	17	17	0	0	0
tRNA-Lys-TTT-10-1|variable_region|part1	5	5	0	0	0
tRNA-Lys-TTT-10-1|anticodon_arm|part1	17	17	0	0	0
tRNA-Lys-TTT-10-1|anticodon|part1	3	3	0	0	0
tRNA-Lys-TTT-10-1|d_arm|part1	19	19	0	0	0
tRNA-Lys-TTT-10-1|acceptor_stem_5p|part1	7	7	0	0	0
tRNA-SeC-TCA-1-1|acceptor_stem_3p|part1	8	8	7.81064	0.97633	0.97633
tRNA-SeC-TCA-1-1|t_arm|part1	17	17	16.5976	0.97633	0.97633
tRNA-SeC-TCA-1-1|variable_region|part1	19	19	18.1597	0.955776	0.955776
tRNA-SeC-TCA-1-1|anticodon_arm|part1	17	17	13.2781	0.781064	0.781064
tRNA-SeC-TCA-1-1|anticodon|part1	3	3	2.34319	0.781064	0.781064
tRNA-SeC-TCA-1-1|d_arm|part1	19	19	14.8402	0.781064	0.781064
tRNA-SeC-TCA-1-1|acceptor_stem_5p|part1	7	7	5.46745	0.781064	0.781064
tRNA-Lys-TTT-12-1|acceptor_stem_3p|part1	8	8	0	0	0
tRNA-Lys-TTT-12-1|t_arm|part1	17	17	0	0	0
tRNA-Lys-TTT-12-1|variable_region|part1	5	5	0	0	0
tRNA-Lys-TTT-12-1|anticodon_arm|part1	17	17	0	0	0
tRNA-Lys-TTT-12-1|anticodon|part1	3	3	0	0	0
tRNA-Lys-TTT-12-1|d_arm|part1	19	19	0	0	0
tRNA-Lys-TTT-12-1|acceptor_stem_5p|part1	7	7	0	0	0
tRNA-Lys-CTT-11-1|acceptor_stem_3p|part1	8	8	0	0	0
tRNA-Lys-CTT-11-1|t_arm|part1	17	17	0	0	0
tRNA-Lys-CTT-11-1|variable_region|part1	6	6	0	0	0
tRNA-Lys-CTT-11-1|anticodon_arm|part1	17	17	0	0	0
tRNA-Lys-CTT-11-1|anticodon|part1	3	3	0	0	0
tRNA-Lys-CTT-11-1|d_arm|part1	19	19	0	0	0
tRNA-Lys-CTT-11-1|acceptor_stem_5p|part1	7	7	0	0	0
tRNA-Asn-GTT-26-1|acceptor_stem_3p|part1	8	0	0	0	0
tRNA-Asn-GTT-26-1|t_arm|part1	17	0	0	0	0
tRNA-Asn-GTT-26-1|variable_region|part1	6	0	0	0	0
tRNA-Asn-GTT-26-1|anticodon_arm|part1	17	0	0	0	0
tRNA-Asn-GTT-26-1|anticodon|part1	3	0	0	0	0
tRNA-Asn-GTT-26-1|d_arm|part1	19	0	0	0	0
tRNA-Asn-GTT-26-1|acceptor_stem_5p|part1	7	0	0	0	0
tRNA-Glu-TTC-14-1|acceptor_stem_3p|part1	8	0	0	0	0
tRNA-Glu-TTC-14-1|t_arm|part1	17	0	0	0	0
tRNA-Glu-TTC-14-1|variable_region|part1	4	0	0	0	0
tRNA-Glu-TTC-14-1|anticodon_arm|part1	17	0	0	0	0
tRNA-Glu-TTC-14-1|anticodon|part1	3	0	0	0	0
tRNA-Glu-TTC-14-1|d_arm|part1	19	0	0	0	0
tRNA-Glu-TTC-14-1|acceptor_stem_5p|part1	7	0	0	0	0
tRNA-Tyr-GTA-2-1|acceptor_stem_5p|part1	7	7	38.0769	5.43955	5.43955
tRNA-Tyr-GTA-2-1|d_arm|part1	19	19	103.881	5.46745	5.46745
tRNA-Tyr-GTA-2-1|anticodon_arm|part1	11	11	60.1419	5.46745	5.46745
tRNA-Tyr-GTA-2-1|anticodon|part1	3	3	16.4023	5.46745	5.46745
tRNA-Tyr-GTA-2-1|intron|part1	16	16	87.4792	5.46745	5.46745
tRNA-Tyr-GTA-2-1|anticodon_arm|part2	6	6	32.8047	5.46745	5.46745
tRNA-Tyr-GTA-2-1|variable_region|part1	5	5	27.3372	5.46745	5.46745
tRNA-Tyr-GTA-2-1|t_arm|part1	17	17	92.9466	5.46745	5.46745
tRNA-Tyr-GTA-2-1|acceptor_stem_3p|part1	8	8	43.7396	5.46745	5.46745
tRNA-Ala-AGC-8-1|acceptor_stem_5p|part1	7	7	31.4378	4.49112	4.49112
tRNA-Ala-AGC-8-1|d_arm|part1	19	19	83.9644	4.41918	4.41918
tRNA-Ala-AGC-8-1|anticodon_arm|part1	17	17	73.0295	4.29585	4.29585
tRNA-Ala-AGC-8-1|anticodon|part1	3	3	12.8876	4.29585	4.29585
tRNA-Ala-AGC-8-1|variable_region|part1	5	5	21.4793	4.29585	4.29585
tRNA-Ala-AGC-8-1|t_arm|part1	17	17	73.0295	4.29585	4.29585
tRNA-Ala-AGC-8-1|acceptor_stem_3p|part1	8	8	32.0236	4.00295	4.00295
tRNA-Ile-TAT-2-1|acceptor_stem_5p|part1	7	7	49.207	7.02957	7.02957
tRNA-Ile-TAT-2-1|d_arm|part1	19	19	133.367	7.0193	7.0193
tRNA-Ile-TAT-2-1|anticodon_arm|part1	12	12	82.0117	6.83431	6.83431
tRNA-Ile-TAT-2-1|anticodon|part1	3	3	20.5029	6.83431	6.83431
tRNA-Ile-TAT-2-1|intron|part1	19	19	129.852	6.83431	6.83431
tRNA-Ile-TAT-2-1|anticodon_arm|part2	5	5	34.1715	6.83431	6.83431
tRNA-Ile-TAT-2-1|variable_region|part1	6	6	41.0059	6.83431	6.83431
tRNA-Ile-TAT-2-1|t_arm|part1	17	17	108.373	6.37486	6.37486
tRNA-Ile-TAT-2-1|acceptor_stem_3p|part1	8	8	48.426	6.05325	6.05325
tRNA-Gln-TTG-5-1|acceptor_stem_3p|part1	8	8	1.56213	0.195266	0.195266
tRNA-Gln-TTG-5-1|t_arm|part1	17	17	3.31952	0.195266	0.195266
tRNA-Gln-TTG-5-1|variable_region|part1	5	5	0.97633	0.195266	0.195266
tRNA-Gln-TTG-5-1|anticodon_arm|part1	17	17	3.31952	0.195266	0.195266
tRNA-Gln-TTG-5-1|anticodon|part1	3	3	0.585798	0.195266	0.195266
tRNA-Gln-TTG-5-1|d_arm|part1	19	19	4.88165	0.256929	0.256929
tRNA-Gln-TTG-5-1|acceptor_stem_5p|part1	7	7	2.73372	0.390532	0.390532
tRNA-Gly-CCC-2-1|acceptor_stem_3p|part1	8	8	14.0591	1.75739	1.75739
tRNA-Gly-CCC-2-1|t_arm|part1	17	17	29.8757	1.75739	1.75739
tRNA-Gly-CCC-2-1|variable_region|part1	3	3	5.27218	1.75739	1.75739
tRNA-Gly-CCC-2-1|anticodon_arm|part1	17	17	23.2367	1.36686	1.36686
tRNA-Gly-CCC-2-1|anticodon|part1	3	3	4.10059	1.36686	1.36686
tRNA-Gly-CCC-2-1|d_arm|part1	19	19	25.9704	1.36686	1.36686
tRNA-Gly-CCC-2-1|acceptor_stem_5p|part1	7	7	9.56803	1.36686	1.36686
tRNA-Glu-TTC-13-1|acceptor_stem_5p|part1	7	7	0	0	0
tRNA-Glu-TTC-13-1|d_arm|part1	19	19	0	0	0
tRNA-Glu-TTC-13-1|anticodon_arm|part1	17	17	0	0	0
tRNA-Glu-TTC-13-1|anticodon|part1	3	3	0	0	0
tRNA-Glu-TTC-13-1|variable_region|part1	5	5	0	0	0
tRNA-Glu-TTC-13-1|t_arm|part1	17	17	0	0	0
tRNA-Glu-TTC-13-1|acceptor_stem_3p|part1	8	8	0	0	0
tRNA-Pro-AGG-4-1|acceptor_stem_5p|part1	7	7	0	0	0
tRNA-Pro-AGG-4-1|d_arm|part1	19	19	0	0	0
tRNA-Pro-AGG-4-1|anticodon_arm|part1	17	17	0	0	0
tRNA-Pro-AGG-4-1|anticodon|part1	3	3	0	0	0
tRNA-Pro-AGG-4-1|variable_region|part1	4	4	0	0	0
tRNA-Pro-AGG-4-1|t_arm|part1	17	17	0	0	0
tRNA-Pro-AGG-4-1|acceptor_stem_3p|part1	8	8	0	0	0
tRNA-Glu-TTC-1-1|acceptor_stem_3p|part1	8	8	17.1834	2.14793	2.14793
tRNA-Glu-TTC-1-1|t_arm|part1	17	17	36.5147	2.14793	2.14793
tRNA-Glu-TTC-1-1|variable_region|part1	4	4	8.5917	2.14793	2.14793
tRNA-Glu-TTC-1-1|anticodon_arm|part1	17	17	36.5147	2.14793	2.14793
tRNA-Glu-TTC-1-1|anticodon|part1	3	3	6.44378	2.14793	2.14793
tRNA-Glu-TTC-1-1|d_arm|part1	19	19	48.1331	2.53332	2.53332
tRNA-Glu-TTC-1-1|acceptor_stem_5p|part1	7	7	18.4526	2.63609	2.63609
tRNA-Ala-CGC-3-1|acceptor_stem_5p|part1	7	7	26.6538	3.80769	3.80769
tRNA-Ala-CGC-3-1|d_arm|part1	19	19	73.5176	3.86935	3.86935
tRNA-Ala-CGC-3-1|anticodon_arm|part1	17	17	68.0502	4.00295	4.00295
tRNA-Ala-CGC-3-1|anticodon|part1	3	3	12.0089	4.00295	4.00295
tRNA-Ala-CGC-3-1|variable_region|part1	4	4	16.0118	4.00295	4.00295
tRNA-Ala-CGC-3-1|t_arm|part1	17	17	68.0502	4.00295	4.00295
tRNA-Ala-CGC-3-1|acceptor_stem_3p|part1	8	8	31.8284	3.97854	3.97854
tRNA-Gly-GCC-2-2|acceptor_stem_3p|part1	8	8	24.994	3.12426	3.12426
tRNA-Gly-GCC-2-2|t_arm|part1	17	17	53.1123	3.12426	3.12426
tRNA-Gly-GCC-2-2|variable_region|part1	3	3	9.37277	3.12426	3.12426
tRNA-Gly-GCC-2-2|anticodon_arm|part1	17	17	52.2336	3.07257	3.07257
tRNA-Gly-GCC-2-2|anticodon|part1	3	3	9.37277	3.12426	3.12426
tRNA-Gly-GCC-2-2|d_arm|part1	19	19	53.7958	2.83136	2.83136
tRNA-Gly-GCC-2-2|acceptor_stem_5p|part1	7	7	19.8195	2.83136	2.83136
tRNA-Glu-CTC-7-1|acceptor_stem_3p|part1	8	8	0	0	0
tRNA-Glu-CTC-7-1|t_arm|part1	17	17	0	0	0
tRNA-Glu-CTC-7-1|variable_region|part1	5	5	0	0	0
tRNA-Glu-CTC-7-1|anticodon_arm|part1	17	17	0	0	0
tRNA-Glu-CTC-7-1|anticodon|part1	3	3	0	0	0
tRNA-Glu-CTC-7-1|d_arm|part1	19	19	0	0	0
tRNA-Glu-CTC-7-1|acceptor_stem_5p|part1	7	7	0	0	0
tRNA-Glu-TTC-9-1|acceptor_stem_3p|part1	8	8	0	0	0
tRNA-Glu-TTC-9-1|t_arm|part1	17	17	0	0	0
tRNA-Glu-TTC-9-1|variable_region|part1	5	5	0	0	0
tRNA-Glu-TTC-9-1|anticodon_arm|part1	17	17	0	0	0
tRNA-Glu-TTC-9-1|anticodon|part1	3	3	0	0	0
tRNA-Glu-TTC-9-1|d_arm|part1	19	19	0	0	0
tRNA-Glu-TTC-9-1|acceptor_stem_5p|part1	7	7	0	0	0
tRNA-Gln-CTG-16-1|acceptor_stem_5p|part1	7	7	0	0	0
tRNA-Gln-CTG-16-1|d_arm|part1	19	19	0	0	0
tRNA-Gln-CTG-16-1|anticodon_arm|part1	17	17	0	0	0
tRNA-Gln-CTG-16-1|anticodon|part1	3	3	0	0	0
tRNA-Gln-CTG-16-1|t_arm|part1	17	17	0	0	0
tRNA-Gln-CTG-16-1|acceptor_stem_3p|part1	8	8	0	0	0
tRNA-Lys-TTT-15-1|acceptor_stem_3p|part1	8	8	0	0	0
tRNA-Lys-TTT-15-1|t_arm|part1	17	17	0	0	0
tRNA-Lys-TTT-15-1|variable_region|part1	5	5	0	0	0
tRNA-Lys-TTT-15-1|anticodon_arm|part1	17	17	0	0	0
tRNA-Lys-TTT-15-1|anticodon|part1	3	3	0	0	0
tRNA-Lys-TTT-15-1|d_arm|part1	19	19	0	0	0
tRNA-Lys-TTT-15-1|acceptor_stem_5p|part1	7	7	0	0	0
tRNA-Gln-CTG-17-1|acceptor_stem_5p|part1	7	7	10.2515	1.46449	1.46449
tRNA-Gln-CTG-17-1|d_arm|part1	19	19	22.8461	1.20243	1.20243
tRNA-Gln-CTG-17-1|anticodon_arm|part1	17	17	19.9171	1.1716	1.1716
tRNA-Gln-CTG-17-1|anticodon|part1	3	3	3.51479	1.1716	1.1716
tRNA-Gln-CTG-17-1|variable_region|part1	10	10	11.716	1.1716	1.1716
tRNA-Gln-CTG-17-1|t_arm|part1	17	17	13.4734	0.79255	0.79255
tRNA-Gln-CTG-17-1|acceptor_stem_3p|part1	8	8	4.68638	0.585798	0.585798
tRNA-Leu-AAG-6-1|acceptor_stem_3p|part1	8	8	0.781064	0.097633	0.097633
tRNA-Leu-AAG-6-1|t_arm|part1	17	17	1.65976	0.097633	0.097633
tRNA-Leu-AAG-6-1|variable_region|part1	14	14	1.36686	0.097633	0.097633
tRNA-Leu-AAG-6-1|anticodon_arm|part1	17	17	1.65976	0.097633	0.097633
tRNA-Leu-AAG-6-1|anticodon|part1	3	3	0.292899	0.097633	0.097633
tRNA-Leu-AAG-6-1|d_arm|part1	19	19	1.85503	0.097633	0.097633
tRNA-Leu-AAG-6-1|acceptor_stem_5p|part1	7	7	0.683431	0.097633	0.097633
tRNA-Gly-GCC-1-5|acceptor_stem_3p|part1	8	8	39.8343	4.97928	4.97928
tRNA-Gly-GCC-1-5|t_arm|part1	17	17	84.6478	4.97928	4.97928
tRNA-Gly-GCC-1-5|variable_region|part1	3	3	14.9378	4.97928	4.97928
tRNA-Gly-GCC-1-5|anticodon_arm|part1	17	17	84.8431	4.99077	4.99077
tRNA-Gly-GCC-1-5|anticodon|part1	3	3	14.9378	4.97928	4.97928
tRNA-Gly-GCC-1-5|d_arm|part1	19	19	98.3164	5.17455	5.17455
tRNA-Gly-GCC-1-5|acceptor_stem_5p|part1	7	7	36.2218	5.17455	5.17455
tRX-Und-NNN-9-1|acceptor_stem_3p|part1	8	8	0	0	0
tRX-Und-NNN-9-1|t_arm|part1	17	17	0	0	0
tRX-Und-NNN-9-1|variable_region|part1	11	11	0	0	0
tRX-Und-NNN-9-1|anticodon_arm|part1	17	17	0	0	0
tRX-Und-NNN-9-1|anticodon|part1	3	3	0	0	0
tRX-Und-NNN-9-1|d_arm|part1	19	19	0	0	0
tRX-Und-NNN-9-1|acceptor_stem_5p|part1	7	7	0	0	0
tRNA-Cys-GCA-25-1|acceptor_stem_3p|part1	8	8	0	0	0
tRNA-Cys-GCA-25-1|t_arm|part1	17	17	0	0	0
tRNA-Cys-GCA-25-1|variable_region|part1	12	12	0	0	0
tRNA-Cys-GCA-25-1|anticodon_arm|part1	17	17	0	0	0
tRNA-Cys-GCA-25-1|anticodon|part1	3	3	0	0	0
tRNA-Cys-GCA-25-1|d_arm|part1	19	19	0	0	0
tRNA-Cys-GCA-25-1|acceptor_stem_5p|part1	7	7	0	0	0
tRNA-Arg-ACG-2-1|acceptor_stem_3p|part1	8	8	29.6804	3.71005	3.71005
tRNA-Arg-ACG-2-1|t_arm|part1	17	17	63.0709	3.71005	3.71005
tRNA-Arg-ACG-2-1|variable_region|part1	5	5	18.5503	3.71005	3.71005
tRNA-Arg-ACG-2-1|anticodon_arm|part1	17	17	63.0709	3.71005	3.71005
tRNA-Arg-ACG-2-1|anticodon|part1	3	3	11.1302	3.71005	3.71005
tRNA-Arg-ACG-2-1|d_arm|part1	19	19	72.8342	3.83338	3.83338
tRNA-Arg-ACG-2-1|acceptor_stem_5p|part1	7	7	28.7041	4.10059	4.10059
tRX-Und-NNN-7-1|acceptor_stem_3p|part1	8	8	0	0	0
tRX-Und-NNN-7-1|t_arm|part1	17	17	0	0	0
tRX-Und-NNN-7-1|variable_region|part1	7	7	0	0	0
tRX-Und-NNN-7-1|anticodon_arm|part1	17	17	0	0	0
tRX-Und-NNN-7-1|anticodon|part1	3	3	0	0	0
tRX-Und-NNN-7-1|d_arm|part1	19	19	0	0	0
tRX-Und-NNN-7-1|acceptor_stem_5p|part1	7	7	0	0	0
tRX-Pro-NNN-2-1|acceptor_stem_5p|part1	7	7	0	0	0
tRX-Pro-NNN-2-1|d_arm|part1	19	19	0	0	0
tRX-Pro-NNN-2-1|anticodon_arm|part1	17	17	0	0	0
tRX-Pro-NNN-2-1|anticodon|part1	3	3	0	0	0
tRX-Pro-NNN-2-1|variable_region|part1	5	5	0	0	0
tRX-Pro-NNN-2-1|t_arm|part1	17	17	0	0	0
tRX-Pro-NNN-2-1|acceptor_stem_3p|part1	8	8	0	0	0
tRNA-Cys-GCA-6-1|acceptor_stem_3p|part1	8	8	2.34319	0.292899	0.292899
tRNA-Cys-GCA-6-1|t_arm|part1	17	17	4.97928	0.292899	0.292899
tRNA-Cys-GCA-6-1|variable_region|part1	4	4	1.1716	0.292899	0.292899
tRNA-Cys-GCA-6-1|anticodon_arm|part1	17	17	4.97928	0.292899	0.292899
tRNA-Cys-GCA-6-1|anticodon|part1	3	3	0.878697	0.292899	0.292899
tRNA-Cys-GCA-6-1|d_arm|part1	19	19	5.56508	0.292899	0.292899
tRNA-Cys-GCA-6-1|acceptor_stem_5p|part1	7	7	2.05029	0.292899	0.292899
tRNA-Cys-GCA-9-1|acceptor_stem_3p|part1	8	8	0	0	0
tRNA-Cys-GCA-9-1|t_arm|part1	17	17	0	0	0
tRNA-Cys-GCA-9-1|variable_region|part1	4	4	0	0	0
tRNA-Cys-GCA-9-1|anticodon_arm|part1	17	17	0	0	0
tRNA-Cys-GCA-9-1|anticodon|part1	3	3	0	0	0
tRNA-Cys-GCA-9-1|d_arm|part1	19	19	0	0	0
tRNA-Cys-GCA-9-1|acceptor_stem_5p|part1	7	7	0	0	0
tRNA-Val-AAC-1-1|acceptor_stem_5p|part1	7	7	12.9852	1.85503	1.85503
tRNA-Val-AAC-1-1|d_arm|part1	19	19	35.2455	1.85503	1.85503
tRNA-Val-AAC-1-1|anticodon_arm|part1	17	17	28.6065	1.68273	1.68273
tRNA-Val-AAC-1-1|anticodon|part1	3	3	4.68638	1.56213	1.56213
tRNA-Val-AAC-1-1|variable_region|part1	5	5	7.81064	1.56213	1.56213
tRNA-Val-AAC-1-1|t_arm|part1	17	17	26.5562	1.56213	1.56213
tRNA-Val-AAC-1-1|acceptor_stem_3p|part1	8	8	12.497	1.56213	1.56213
tRNA-Gln-TTG-6-1|acceptor_stem_3p|part1	8	8	0.781064	0.097633	0.097633
tRNA-Gln-TTG-6-1|t_arm|part1	17	17	1.65976	0.097633	0.097633
tRNA-Gln-TTG-6-1|variable_region|part1	5	5	0.488165	0.097633	0.097633
tRNA-Gln-TTG-6-1|anticodon_arm|part1	17	17	1.65976	0.097633	0.097633
tRNA-Gln-TTG-6-1|anticodon|part1	3	3	0.292899	0.097633	0.097633
tRNA-Gln-TTG-6-1|d_arm|part1	19	19	1.85503	0.097633	0.097633
tRNA-Gln-TTG-6-1|acceptor_stem_5p|part1	7	7	0.683431	0.097633	0.097633
tRNA-Cys-GCA-2-1|acceptor_stem_3p|part1	8	8	0.781064	0.097633	0.097633
tRNA-Cys-GCA-2-1|t_arm|part1	17	17	1.65976	0.097633	0.097633
tRNA-Cys-GCA-2-1|variable_region|part1	4	4	0.390532	0.097633	0.097633
tRNA-Cys-GCA-2-1|anticodon_arm|part1	17	17	1.65976	0.097633	0.097633
tRNA-Cys-GCA-2-1|anticodon|part1	3	3	0.292899	0.097633	0.097633
tRNA-Cys-GCA-2-1|d_arm|part1	19	19	1.85503	0.097633	0.097633
tRNA-Cys-GCA-2-1|acceptor_stem_5p|part1	7	7	0.683431	0.097633	0.097633
tRNA-Lys-CTT-9-1|acceptor_stem_3p|part1	8	8	0	0	0
tRNA-Lys-CTT-9-1|t_arm|part1	17	17	0	0	0
tRNA-Lys-CTT-9-1|variable_region|part1	5	5	0	0	0
tRNA-Lys-CTT-9-1|anticodon_arm|part1	17	17	0	0	0
tRNA-Lys-CTT-9-1|anticodon|part1	3	3	0	0	0
tRNA-Lys-CTT-9-1|d_arm|part1	19	19	0	0	0
tRNA-Lys-CTT-9-1|acceptor_stem_5p|part1	7	7	0	0	0
tRNA-Gln-CTG-13-1|acceptor_stem_3p|part1	8	8	0	0	0
tRNA-Gln-CTG-13-1|t_arm|part1	17	17	0	0	0
tRNA-Gln-CTG-13-1|variable_region|part1	4	4	0	0	0
tRNA-Gln-CTG-13-1|anticodon_arm|part1	17	17	0	0	0
tRNA-Gln-CTG-13-1|anticodon|part1	3	3	0	0	0
tRNA-Gln-CTG-13-1|d_arm|part1	19	19	0	0	0
tRNA-Gln-CTG-13-1|acceptor_stem_5p|part1	7	7	0	0	0
tRNA-Cys-ACA-1-1|acceptor_stem_5p|part1	7	7	0.488165	0.0697378	0.0697378
tRNA-Cys-ACA-1-1|d_arm|part1	19	19	0	0	0
tRNA-Cys-ACA-1-1|anticodon_arm|part1	10	10	0	0	0
tRNA-Cys-ACA-1-1|anticodon|part1	3	3	0	0	0
tRNA-Cys-ACA-1-1|intron|part1	97	97	0	0	0
tRNA-Cys-ACA-1-1|anticodon_arm|part2	7	7	0	0	0
tRNA-Cys-ACA-1-1|variable_region|part1	11	11	0	0	0
tRNA-Cys-ACA-1-1|t_arm|part1	17	17	0	0	0
tRNA-Cys-ACA-1-1|acceptor_stem_3p|part1	8	8	0	0	0
tRNA-Val-CAC-1-2|acceptor_stem_5p|part1	7	7	0	0	0
tRNA-Val-CAC-1-2|d_arm|part1	19	19	0	0	0
tRNA-Val-CAC-1-2|anticodon_arm|part1	17	17	0	0	0
tRNA-Val-CAC-1-2|anticodon|part1	3	3	0	0	0
tRNA-Val-CAC-1-2|variable_region|part1	5	5	0	0	0
tRNA-Val-CAC-1-2|t_arm|part1	17	17	0	0	0
tRNA-Val-CAC-1-2|acceptor_stem_3p|part1	8	8	0	0	0
tRNA-Leu-AAG-1-1|acceptor_stem_3p|part1	8	8	0	0	0
tRNA-Leu-AAG-1-1|t_arm|part1	17	17	0	0	0
tRNA-Leu-AAG-1-1|variable_region|part1	14	14	0	0	0
tRNA-Leu-AAG-1-1|anticodon_arm|part1	17	17	0	0	0
tRNA-Leu-AAG-1-1|anticodon|part1	3	3	0	0	0
tRNA-Leu-AAG-1-1|d_arm|part1	19	19	0	0	0
tRNA-Leu-AAG-1-1|acceptor_stem_5p|part1	7	7	0	0	0
tRNA-Leu-AAG-1-2|acceptor_stem_5p|part1	7	7	0	0	0
tRNA-Leu-AAG-1-2|d_arm|part1	19	19	0	0	0
tRNA-Leu-AAG-1-2|anticodon_arm|part1	17	17	0	0	0
tRNA-Leu-AAG-1-2|anticodon|part1	3	3	0	0	0
tRNA-Leu-AAG-1-2|variable_region|part1	14	14	0	0	0
tRNA-Leu-AAG-1-2|t_arm|part1	17	17	0	0	0
tRNA-Leu-AAG-1-2|acceptor_stem_3p|part1	8	8	0	0	0
tRNA-Val-CAC-1-3|acceptor_stem_3p|part1	8	8	0	0	0
tRNA-Val-CAC-1-3|t_arm|part1	17	17	0	0	0
tRNA-Val-CAC-1-3|variable_region|part1	5	5	0	0	0
tRNA-Val-CAC-1-3|anticodon_arm|part1	17	17	0	0	0
tRNA-Val-CAC-1-3|anticodon|part1	3	3	0	0	0
tRNA-Val-CAC-1-3|d_arm|part1	19	19	0	0	0
tRNA-Val-CAC-1-3|acceptor_stem_5p|part1	7	7	0	0	0
tRNA-Val-AAC-1-2|acceptor_stem_5p|part1	7	7	0	0	0
tRNA-Val-AAC-1-2|d_arm|part1	19	19	0	0	0
tRNA-Val-AAC-1-2|anticodon_arm|part1	17	17	0	0	0
tRNA-Val-AAC-1-2|anticodon|part1	3	3	0	0	0
tRNA-Val-AAC-1-2|variable_region|part1	5	5	0	0	0
tRNA-Val-AAC-1-2|t_arm|part1	17	17	0	0	0
tRNA-Val-AAC-1-2|acceptor_stem_3p|part1	8	8	0	0	0
tRNA-Leu-AAG-7-1|acceptor_stem_3p|part1	8	8	0	0	0
tRNA-Leu-AAG-7-1|t_arm|part1	17	17	0	0	0
tRNA-Leu-AAG-7-1|variable_region|part1	8	8	0	0	0
tRNA-Leu-AAG-7-1|anticodon_arm|part2	5	5	0	0	0
tRNA-Leu-AAG-7-1|intron|part1	9	9	0	0	0
tRNA-Leu-AAG-7-1|anticodon_arm|part1	12	12	0	0	0
tRNA-Leu-AAG-7-1|anticodon|part1	3	3	0	0	0
tRNA-Leu-AAG-7-1|d_arm|part1	19	19	0	0	0
tRNA-Leu-AAG-7-1|acceptor_stem_5p|part1	7	7	0	0	0
tRNA-Val-AAC-1-3|acceptor_stem_5p|part1	7	7	1.36686	0.195266	0.195266
tRNA-Val-AAC-1-3|d_arm|part1	19	19	3.71005	0.195266	0.195266
tRNA-Val-AAC-1-3|anticodon_arm|part1	17	17	3.51479	0.206752	0.206752
tRNA-Val-AAC-1-3|anticodon|part1	3	3	0.585798	0.195266	0.195266
tRNA-Val-AAC-1-3|variable_region|part1	5	5	1.46449	0.292899	0.292899
tRNA-Val-AAC-1-3|t_arm|part1	17	17	4.97928	0.292899	0.292899
tRNA-Val-AAC-1-3|acceptor_stem_3p|part1	8	8	2.34319	0.292899	0.292899
tRNA-Val-CAC-1-4|acceptor_stem_5p|part1	7	7	5.56508	0.795011	0.795011
tRNA-Val-CAC-1-4|d_arm|part1	19	19	14.8402	0.781064	0.781064
tRNA-Val-CAC-1-4|anticodon_arm|part1	17	17	13.2781	0.781064	0.781064
tRNA-Val-CAC-1-4|anticodon|part1	3	3	2.34319	0.781064	0.781064
tRNA-Val-CAC-1-4|variable_region|part1	5	5	3.90532	0.781064	0.781064
tRNA-Val-CAC-1-4|t_arm|part1	17	17	10.5444	0.620257	0.620257
tRNA-Val-CAC-1-4|acceptor_stem_3p|part1	8	8	4.68638	0.585798	0.585798
tRNA-Leu-AAG-1-3|acceptor_stem_3p|part1	8	8	0.781064	0.097633	0.097633
tRNA-Leu-AAG-1-3|t_arm|part1	17	17	1.65976	0.097633	0.097633
tRNA-Leu-AAG-1-3|variable_region|part1	14	14	1.36686	0.097633	0.097633
tRNA-Leu-AAG-1-3|anticodon_arm|part1	17	17	1.65976	0.097633	0.097633
tRNA-Leu-AAG-1-3|anticodon|part1	3	3	0.292899	0.097633	0.097633
tRNA-Leu-AAG-1-3|d_arm|part1	19	19	0.097633	0.00513858	0.00513858
tRNA-Leu-AAG-1-3|acceptor_stem_5p|part1	7	7	0	0	0
tRNA-Leu-AAG-2-1|acceptor_stem_5p|part1	7	7	13.6686	1.95266	1.95266
tRNA-Leu-AAG-2-1|d_arm|part1	19	19	37.1005	1.95266	1.95266
tRNA-Leu-AAG-2-1|anticodon_arm|part1	17	17	33.1952	1.95266	1.95266
tRNA-Leu-AAG-2-1|anticodon|part1	3	3	5.85798	1.95266	1.95266
tRNA-Leu-AAG-2-1|variable_region|part1	14	14	28.0207	2.00148	2.00148
tRNA-Leu-AAG-2-1|t_arm|part1	17	17	34.855	2.05029	2.05029
tRNA-Leu-AAG-2-1|acceptor_stem_3p|part1	8	8	16.4023	2.05029	2.05029
tRNA-Val-AAC-2-1|acceptor_stem_3p|part1	8	8	4.68638	0.585798	0.585798
tRNA-Val-AAC-2-1|t_arm|part1	17	17	9.95856	0.585798	0.585798
tRNA-Val-AAC-2-1|variable_region|part1	5	5	2.92899	0.585798	0.585798
tRNA-Val-AAC-2-1|anticodon_arm|part1	17	17	9.95856	0.585798	0.585798
tRNA-Val-AAC-2-1|anticodon|part1	3	3	1.75739	0.585798	0.585798
tRNA-Val-AAC-2-1|d_arm|part1	19	19	11.1302	0.585798	0.585798
tRNA-Val-AAC-2-1|acceptor_stem_5p|part1	7	7	4.10059	0.585798	0.585798
tRNA-Pro-TGG-3-1|acceptor_stem_3p|part1	8	8	4.68638	0.585798	0.585798
tRNA-Pro-TGG-3-1|t_arm|part1	17	17	9.95856	0.585798	0.585798
tRNA-Pro-TGG-3-1|variable_region|part1	4	4	2.34319	0.585798	0.585798
tRNA-Pro-TGG-3-1|anticodon_arm|part1	17	17	9.95856	0.585798	0.585798
tRNA-Pro-TGG-3-1|anticodon|part1	3	3	1.75739	0.585798	0.585798
tRNA-Pro-TGG-3-1|d_arm|part1	19	19	12.8876	0.678292	0.678292
tRNA-Pro-TGG-3-1|acceptor_stem_5p|part1	7	7	4.78402	0.683431	0.683431
tRNA-Thr-TGT-6-1|acceptor_stem_3p|part1	8	8	10.1538	1.26923	1.26923
tRNA-Thr-TGT-6-1|t_arm|part1	17	17	19.429	1.14288	1.14288
tRNA-Thr-TGT-6-1|variable_region|part1	4	4	4.29585	1.07396	1.07396
tRNA-Thr-TGT-6-1|anticodon_arm|part1	17	17	18.2574	1.07396	1.07396
tRNA-Thr-TGT-6-1|anticodon|part1	3	3	3.22189	1.07396	1.07396
tRNA-Thr-TGT-6-1|d_arm|part1	19	19	20.7958	1.09452	1.09452
tRNA-Thr-TGT-6-1|acceptor_stem_5p|part1	7	7	10.2515	1.46449	1.46449
tRNA-Ala-TGC-3-1|acceptor_stem_5p|part1	7	7	13.6686	1.95266	1.95266
tRNA-Ala-TGC-3-1|d_arm|part1	19	19	37.1005	1.95266	1.95266
tRNA-Ala-TGC-3-1|anticodon_arm|part1	17	17	34.1715	2.01009	2.01009
tRNA-Ala-TGC-3-1|anticodon|part1	3	3	6.15088	2.05029	2.05029
tRNA-Ala-TGC-3-1|variable_region|part1	4	4	8.20117	2.05029	2.05029
tRNA-Ala-TGC-3-1|t_arm|part1	17	17	34.855	2.05029	2.05029
tRNA-Ala-TGC-3-1|acceptor_stem_3p|part1	8	8	16.4023	2.05029	2.05029
tRNA-Lys-CTT-2-2|acceptor_stem_5p|part1	7	7	10.9349	1.56213	1.56213
tRNA-Lys-CTT-2-2|d_arm|part1	19	19	29.6804	1.56213	1.56213
tRNA-Lys-CTT-2-2|anticodon_arm|part1	17	17	26.5562	1.56213	1.56213
tRNA-Lys-CTT-2-2|anticodon|part1	3	3	4.68638	1.56213	1.56213
tRNA-Lys-CTT-2-2|variable_region|part1	5	5	7.81064	1.56213	1.56213
tRNA-Lys-CTT-2-2|t_arm|part1	17	17	26.5562	1.56213	1.56213
tRNA-Lys-CTT-2-2|acceptor_stem_3p|part1	8	8	12.497	1.56213	1.56213
tRNA-Val-AAC-1-4|acceptor_stem_3p|part1	8	8	5.46745	0.683431	0.683431
tRNA-Val-AAC-1-4|t_arm|part1	17	17	11.6183	0.683431	0.683431
tRNA-Val-AAC-1-4|variable_region|part1	5	5	3.41715	0.683431	0.683431
tRNA-Val-AAC-1-4|anticodon_arm|part1	17	17	13.1805	0.775321	0.775321
tRNA-Val-AAC-1-4|anticodon|part1	3	3	2.34319	0.781064	0.781064
tRNA-Val-AAC-1-4|d_arm|part1	19	19	14.8402	0.781064	0.781064
tRNA-Val-AAC-1-4|acceptor_stem_5p|part1	7	7	5.46745	0.781064	0.781064
tRNA-Lys-CTT-2-3|acceptor_stem_3p|part1	8	8	17.9645	2.24556	2.24556
tRNA-Lys-CTT-2-3|t_arm|part1	17	17	38.7603	2.28002	2.28002
tRNA-Lys-CTT-2-3|variable_region|part1	5	5	12.2041	2.44082	2.44082
tRNA-Lys-CTT-2-3|anticodon_arm|part1	17	17	41.494	2.44082	2.44082
tRNA-Lys-CTT-2-3|anticodon|part1	3	3	7.32247	2.44082	2.44082
tRNA-Lys-CTT-2-3|d_arm|part1	19	19	46.3757	2.44082	2.44082
tRNA-Lys-CTT-2-3|acceptor_stem_5p|part1	7	7	17.3787	2.48267	2.48267
tRNA-Val-CAC-1-5|acceptor_stem_3p|part1	8	8	21.6745	2.70932	2.70932
tRNA-Val-CAC-1-5|t_arm|part1	17	17	44.8135	2.63609	2.63609
tRNA-Val-CAC-1-5|variable_region|part1	5	5	13.1805	2.63609	2.63609
tRNA-Val-CAC-1-5|anticodon_arm|part1	17	17	44.8135	2.63609	2.63609
tRNA-Val-CAC-1-5|anticodon|part1	3	3	7.90827	2.63609	2.63609
tRNA-Val-CAC-1-5|d_arm|part1	19	19	48.1331	2.53332	2.53332
tRNA-Val-CAC-1-5|acceptor_stem_5p|part1	7	7	17.0858	2.44082	2.44082
tRNA-Gln-CTG-1-1|acceptor_stem_5p|part1	7	7	1.36686	0.195266	0.195266
tRNA-Gln-CTG-1-1|d_arm|part1	19	19	3.71005	0.195266	0.195266
tRNA-Gln-CTG-1-1|anticodon_arm|part1	17	17	3.31952	0.195266	0.195266
tRNA-Gln-CTG-1-1|anticodon|part1	3	3	0.585798	0.195266	0.195266
tRNA-Gln-CTG-1-1|variable_region|part1	4	4	0.781064	0.195266	0.195266
tRNA-Gln-CTG-1-1|t_arm|part1	17	17	4.78402	0.281413	0.281413
tRNA-Gln-CTG-1-1|acceptor_stem_3p|part1	8	8	2.34319	0.292899	0.292899
tRNA-iMet-CAT-1-2|acceptor_stem_5p|part1	7	7	2.05029	0.292899	0.292899
tRNA-iMet-CAT-1-2|d_arm|part1	19	19	5.56508	0.292899	0.292899
tRNA-iMet-CAT-1-2|anticodon_arm|part1	17	17	4.97928	0.292899	0.292899
tRNA-iMet-CAT-1-2|anticodon|part1	3	3	0.878697	0.292899	0.292899
tRNA-iMet-CAT-1-2|variable_region|part1	4	4	1.1716	0.292899	0.292899
tRNA-iMet-CAT-1-2|t_arm|part1	17	17	3.31952	0.195266	0.195266
tRNA-iMet-CAT-1-2|acceptor_stem_3p|part1	8	8	1.56213	0.195266	0.195266
tRNA-Arg-TCG-4-1|acceptor_stem_5p|part1	7	7	1.36686	0.195266	0.195266
tRNA-Arg-TCG-4-1|d_arm|part1	19	19	3.71005	0.195266	0.195266
tRNA-Arg-TCG-4-1|anticodon_arm|part1	17	17	3.31952	0.195266	0.195266
tRNA-Arg-TCG-4-1|anticodon|part1	3	3	0.585798	0.195266	0.195266
tRNA-Arg-TCG-4-1|variable_region|part1	5	5	0.97633	0.195266	0.195266
tRNA-Arg-TCG-4-1|t_arm|part1	17	17	3.31952	0.195266	0.195266
tRNA-Arg-TCG-4-1|acceptor_stem_3p|part1	8	8	1.56213	0.195266	0.195266
tRNA-Ser-GCT-6-1|acceptor_stem_3p|part1	8	8	3.90532	0.488165	0.488165
tRNA-Ser-GCT-6-1|t_arm|part1	17	17	8.2988	0.488165	0.488165
tRNA-Ser-GCT-6-1|variable_region|part1	16	16	7.81064	0.488165	0.488165
tRNA-Ser-GCT-6-1|anticodon_arm|part1	17	17	8.2988	0.488165	0.488165
tRNA-Ser-GCT-6-1|anticodon|part1	3	3	1.46449	0.488165	0.488165
tRNA-Ser-GCT-6-1|d_arm|part1	19	19	9.27513	0.488165	0.488165
tRNA-Ser-GCT-6-1|acceptor_stem_5p|part1	7	7	3.31952	0.474217	0.474217
tRNA-Gln-TTG-3-1|acceptor_stem_3p|part1	8	8	2.34319	0.292899	0.292899
tRNA-Gln-TTG-3-1|t_arm|part1	17	17	4.97928	0.292899	0.292899
tRNA-Gln-TTG-3-1|variable_region|part1	4	4	1.1716	0.292899	0.292899
tRNA-Gln-TTG-3-1|anticodon_arm|part1	17	17	4.97928	0.292899	0.292899
tRNA-Gln-TTG-3-1|anticodon|part1	3	3	0.878697	0.292899	0.292899
tRNA-Gln-TTG-3-1|d_arm|part1	19	19	5.56508	0.292899	0.292899
tRNA-Gln-TTG-3-1|acceptor_stem_5p|part1	7	7	2.05029	0.292899	0.292899
tRNA-Gln-TTG-3-2|acceptor_stem_3p|part1	8	8	3.12426	0.390532	0.390532
tRNA-Gln-TTG-3-2|t_arm|part1	17	17	6.63904	0.390532	0.390532
tRNA-Gln-TTG-3-2|variable_region|part1	4	4	1.26923	0.317307	0.317307
tRNA-Gln-TTG-3-2|anticodon_arm|part1	17	17	4.97928	0.292899	0.292899
tRNA-Gln-TTG-3-2|anticodon|part1	3	3	0.878697	0.292899	0.292899
tRNA-Gln-TTG-3-2|d_arm|part1	19	19	5.56508	0.292899	0.292899
tRNA-Gln-TTG-3-2|acceptor_stem_5p|part1	7	7	2.05029	0.292899	0.292899
tRNA-Ser-TGA-3-1|acceptor_stem_3p|part1	8	8	2.34319	0.292899	0.292899
tRNA-Ser-TGA-3-1|t_arm|part1	17	17	4.97928	0.292899	0.292899
tRNA-Ser-TGA-3-1|variable_region|part1	14	14	4.10059	0.292899	0.292899
tRNA-Ser-TGA-3-1|anticodon_arm|part1	17	17	4.97928	0.292899	0.292899
tRNA-Ser-TGA-3-1|anticodon|part1	3	3	0.878697	0.292899	0.292899
tRNA-Ser-TGA-3-1|d_arm|part1	19	19	5.56508	0.292899	0.292899
tRNA-Ser-TGA-3-1|acceptor_stem_5p|part1	7	7	4.00295	0.57185	0.57185
tRNA-iMet-CAT-1-3|acceptor_stem_3p|part1	8	8	6.24851	0.781064	0.781064
tRNA-iMet-CAT-1-3|t_arm|part1	17	17	13.2781	0.781064	0.781064
tRNA-iMet-CAT-1-3|variable_region|part1	4	4	3.12426	0.781064	0.781064
tRNA-iMet-CAT-1-3|anticodon_arm|part1	17	17	13.2781	0.781064	0.781064
tRNA-iMet-CAT-1-3|anticodon|part1	3	3	2.34319	0.781064	0.781064
tRNA-iMet-CAT-1-3|d_arm|part1	19	19	14.8402	0.781064	0.781064
tRNA-iMet-CAT-1-3|acceptor_stem_5p|part1	7	7	5.46745	0.781064	0.781064
tRNA-Trp-CCA-3-1|acceptor_stem_3p|part1	8	8	1.56213	0.195266	0.195266
tRNA-Trp-CCA-3-1|t_arm|part1	17	17	3.31952	0.195266	0.195266
tRNA-Trp-CCA-3-1|variable_region|part1	4	4	0.781064	0.195266	0.195266
tRNA-Trp-CCA-3-1|anticodon_arm|part1	17	17	3.31952	0.195266	0.195266
tRNA-Trp-CCA-3-1|anticodon|part1	3	3	0.585798	0.195266	0.195266
tRNA-Trp-CCA-3-1|d_arm|part1	19	19	3.71005	0.195266	0.195266
tRNA-Trp-CCA-3-1|acceptor_stem_5p|part1	7	7	1.36686	0.195266	0.195266
tRNA-Arg-TCG-2-1|acceptor_stem_5p|part1	7	7	7.51774	1.07396	1.07396
tRNA-Arg-TCG-2-1|d_arm|part1	19	19	20.4053	1.07396	1.07396
tRNA-Arg-TCG-2-1|anticodon_arm|part1	17	17	18.2574	1.07396	1.07396
tRNA-Arg-TCG-2-1|anticodon|part1	3	3	3.22189	1.07396	1.07396
tRNA-Arg-TCG-2-1|variable_region|part1	5	5	5.36981	1.07396	1.07396
tRNA-Arg-TCG-2-1|t_arm|part1	17	17	16.3047	0.9591	0.9591
tRNA-Arg-TCG-2-1|acceptor_stem_3p|part1	8	8	7.02957	0.878697	0.878697
tRNA-Ser-AGA-2-1|acceptor_stem_5p|part1	7	7	5.46745	0.781064	0.781064
tRNA-Ser-AGA-2-1|d_arm|part1	19	19	14.8402	0.781064	0.781064
tRNA-Ser-AGA-2-1|anticodon_arm|part1	17	17	11.5207	0.677688	0.677688
tRNA-Ser-AGA-2-1|anticodon|part1	3	3	1.95266	0.650887	0.650887
tRNA-Ser-AGA-2-1|variable_region|part1	14	14	8.20117	0.585798	0.585798
tRNA-Ser-AGA-2-1|t_arm|part1	17	17	9.95856	0.585798	0.585798
tRNA-Ser-AGA-2-1|acceptor_stem_3p|part1	8	8	4.68638	0.585798	0.585798
tRNA-Arg-ACG-1-1|acceptor_stem_5p|part1	7	7	4.78402	0.683431	0.683431
tRNA-Arg-ACG-1-1|d_arm|part1	19	19	12.9852	0.683431	0.683431
tRNA-Arg-ACG-1-1|anticodon_arm|part1	17	17	11.6183	0.683431	0.683431
tRNA-Arg-ACG-1-1|anticodon|part1	3	3	2.05029	0.683431	0.683431
tRNA-Arg-ACG-1-1|variable_region|part1	5	5	3.41715	0.683431	0.683431
tRNA-Arg-ACG-1-1|t_arm|part1	17	17	11.6183	0.683431	0.683431
tRNA-Arg-ACG-1-1|acceptor_stem_3p|part1	8	8	5.46745	0.683431	0.683431
tRNA-iMet-CAT-1-4|acceptor_stem_3p|part1	8	8	0.781064	0.097633	0.097633
tRNA-iMet-CAT-1-4|t_arm|part1	17	17	1.65976	0.097633	0.097633
tRNA-iMet-CAT-1-4|variable_region|part1	4	4	0.390532	0.097633	0.097633
tRNA-iMet-CAT-1-4|anticodon_arm|part1	17	17	1.65976	0.097633	0.097633
tRNA-iMet-CAT-1-4|anticodon|part1	3	3	0.292899	0.097633	0.097633
tRNA-iMet-CAT-1-4|d_arm|part1	19	19	1.85503	0.097633	0.097633
tRNA-iMet-CAT-1-4|acceptor_stem_5p|part1	7	7	0.683431	0.097633	0.097633
tRNA-Trp-CCA-3-2|acceptor_stem_3p|part1	8	8	1.56213	0.195266	0.195266
tRNA-Trp-CCA-3-2|t_arm|part1	17	17	3.31952	0.195266	0.195266
tRNA-Trp-CCA-3-2|variable_region|part1	4	4	0.781064	0.195266	0.195266
tRNA-Trp-CCA-3-2|anticodon_arm|part1	17	17	3.31952	0.195266	0.195266
tRNA-Trp-CCA-3-2|anticodon|part1	3	3	0.585798	0.195266	0.195266
tRNA-Trp-CCA-3-2|d_arm|part1	19	19	3.71005	0.195266	0.195266
tRNA-Trp-CCA-3-2|acceptor_stem_5p|part1	7	7	1.36686	0.195266	0.195266
tRNA-Leu-CAG-1-7|acceptor_stem_5p|part1	7	7	4.10059	0.585798	0.585798
tRNA-Leu-CAG-1-7|d_arm|part1	19	19	12.2041	0.642322	0.642322
tRNA-Leu-CAG-1-7|anticodon_arm|part1	17	17	11.6183	0.683431	0.683431
tRNA-Leu-CAG-1-7|anticodon|part1	3	3	2.05029	0.683431	0.683431
tRNA-Leu-CAG-1-7|variable_region|part1	15	15	10.2515	0.683431	0.683431
tRNA-Leu-CAG-1-7|t_arm|part1	17	17	14.5473	0.855724	0.855724
tRNA-Leu-CAG-1-7|acceptor_stem_3p|part1	8	8	7.81064	0.97633	0.97633
tRNA-Thr-AGT-2-1|acceptor_stem_3p|part1	8	8	4.88165	0.610206	0.610206
tRNA-Thr-AGT-2-1|t_arm|part1	17	17	11.6183	0.683431	0.683431
tRNA-Thr-AGT-2-1|variable_region|part1	6	6	4.10059	0.683431	0.683431
tRNA-Thr-AGT-2-1|anticodon_arm|part1	17	17	11.6183	0.683431	0.683431
tRNA-Thr-AGT-2-1|anticodon|part1	3	3	2.05029	0.683431	0.683431
tRNA-Thr-AGT-2-1|d_arm|part1	19	19	17.281	0.909528	0.909528
tRNA-Thr-AGT-2-1|acceptor_stem_5p|part1	7	7	7.51774	1.07396	1.07396
tRNA-Arg-ACG-1-2|acceptor_stem_5p|part1	7	7	12.9852	1.85503	1.85503
tRNA-Arg-ACG-1-2|d_arm|part1	19	19	35.2455	1.85503	1.85503
tRNA-Arg-ACG-1-2|anticodon_arm|part1	17	17	31.5355	1.85503	1.85503
tRNA-Arg-ACG-1-2|anticodon|part1	3	3	5.56508	1.85503	1.85503
tRNA-Arg-ACG-1-2|variable_region|part1	5	5	9.27513	1.85503	1.85503
tRNA-Arg-ACG-1-2|t_arm|part1	17	17	31.5355	1.85503	1.85503
tRNA-Arg-ACG-1-2|acceptor_stem_3p|part1	8	8	14.8402	1.85503	1.85503
tRNA-Val-CAC-1-6|acceptor_stem_5p|part1	7	7	7.51774	1.07396	1.07396
tRNA-Val-CAC-1-6|d_arm|part1	19	19	23.139	1.21784	1.21784
tRNA-Val-CAC-1-6|anticodon_arm|part1	17	17	24.8964	1.46449	1.46449
tRNA-Val-CAC-1-6|anticodon|part1	3	3	4.39348	1.46449	1.46449
tRNA-Val-CAC-1-6|variable_region|part1	5	5	7.32247	1.46449	1.46449
tRNA-Val-CAC-1-6|t_arm|part1	17	17	24.8964	1.46449	1.46449
tRNA-Val-CAC-1-6|acceptor_stem_3p|part1	8	8	12.497	1.56213	1.56213
tRNA-Ala-CGC-1-1|acceptor_stem_5p|part1	7	7	4.10059	0.585798	0.585798
tRNA-Ala-CGC-1-1|d_arm|part1	19	19	11.716	0.616629	0.616629
tRNA-Ala-CGC-1-1|anticodon_arm|part1	17	17	11.6183	0.683431	0.683431
tRNA-Ala-CGC-1-1|anticodon|part1	3	3	2.05029	0.683431	0.683431
tRNA-Ala-CGC-1-1|variable_region|part1	4	4	2.73372	0.683431	0.683431
tRNA-Ala-CGC-1-1|t_arm|part1	17	17	11.6183	0.683431	0.683431
tRNA-Ala-CGC-1-1|acceptor_stem_3p|part1	8	8	5.85798	0.732247	0.732247
tRNA-Ile-AAT-5-1|acceptor_stem_5p|part1	7	7	15.8165	2.25951	2.25951
tRNA-Ile-AAT-5-1|d_arm|part1	19	19	42.6656	2.24556	2.24556
tRNA-Ile-AAT-5-1|anticodon_arm|part1	17	17	38.1745	2.24556	2.24556
tRNA-Ile-AAT-5-1|anticodon|part1	3	3	6.73668	2.24556	2.24556
tRNA-Ile-AAT-5-1|variable_region|part1	6	6	13.4734	2.24556	2.24556
tRNA-Ile-AAT-5-1|t_arm|part1	17	17	36.71	2.15941	2.15941
tRNA-Ile-AAT-5-1|acceptor_stem_3p|part1	8	8	17.1834	2.14793	2.14793
tRNA-Pro-AGG-2-2|acceptor_stem_5p|part1	7	7	1.36686	0.195266	0.195266
tRNA-Pro-AGG-2-2|d_arm|part1	19	19	3.71005	0.195266	0.195266
tRNA-Pro-AGG-2-2|anticodon_arm|part1	17	17	3.31952	0.195266	0.195266
tRNA-Pro-AGG-2-2|anticodon|part1	3	3	0.585798	0.195266	0.195266
tRNA-Pro-AGG-2-2|variable_region|part1	4	4	0.781064	0.195266	0.195266
tRNA-Pro-AGG-2-2|t_arm|part1	17	17	2.24556	0.132092	0.132092
tRNA-Pro-AGG-2-2|acceptor_stem_3p|part1	8	8	0.781064	0.097633	0.097633
tRNA-Lys-CTT-2-4|acceptor_stem_5p|part1	7	7	5.46745	0.781064	0.781064
tRNA-Lys-CTT-2-4|d_arm|part1	19	19	14.8402	0.781064	0.781064
tRNA-Lys-CTT-2-4|anticodon_arm|part1	17	17	19.5266	1.14862	1.14862
tRNA-Lys-CTT-2-4|anticodon|part1	3	3	3.51479	1.1716	1.1716
tRNA-Lys-CTT-2-4|variable_region|part1	5	5	5.85798	1.1716	1.1716
tRNA-Lys-CTT-2-4|t_arm|part1	17	17	19.9171	1.1716	1.1716
tRNA-Lys-CTT-2-4|acceptor_stem_3p|part1	8	8	9.37277	1.1716	1.1716
tRNA-Tyr-GTA-1-1|acceptor_stem_5p|part1	7	7	4.78402	0.683431	0.683431
tRNA-Tyr-GTA-1-1|d_arm|part1	19	19	12.9852	0.683431	0.683431
tRNA-Tyr-GTA-1-1|anticodon_arm|part1	11	11	7.51774	0.683431	0.683431
tRNA-Tyr-GTA-1-1|anticodon|part1	3	3	2.05029	0.683431	0.683431
tRNA-Tyr-GTA-1-1|intron|part1	18	18	12.3018	0.683431	0.683431
tRNA-Tyr-GTA-1-1|anticodon_arm|part2	6	6	4.10059	0.683431	0.683431
tRNA-Tyr-GTA-1-1|variable_region|part1	5	5	3.71005	0.742011	0.742011
tRNA-Tyr-GTA-1-1|t_arm|part1	17	17	16.5976	0.97633	0.97633
tRNA-Tyr-GTA-1-1|acceptor_stem_3p|part1	8	8	7.81064	0.97633	0.97633
tRNA-Ala-AGC-11-1|acceptor_stem_3p|part1	8	8	7.81064	0.97633	0.97633
tRNA-Ala-AGC-11-1|t_arm|part1	17	17	16.5976	0.97633	0.97633
tRNA-Ala-AGC-11-1|variable_region|part1	5	5	4.88165	0.97633	0.97633
tRNA-Ala-AGC-11-1|anticodon_arm|part1	17	17	16.5976	0.97633	0.97633
tRNA-Ala-AGC-11-1|anticodon|part1	3	3	2.92899	0.97633	0.97633
tRNA-Ala-AGC-11-1|d_arm|part1	19	19	17.8668	0.94036	0.94036
tRNA-Ala-AGC-11-1|acceptor_stem_5p|part1	7	7	6.15088	0.878697	0.878697
tRNA-Tyr-GTA-8-1|acceptor_stem_5p|part1	7	7	0.683431	0.097633	0.097633
tRNA-Tyr-GTA-8-1|d_arm|part1	19	19	1.85503	0.097633	0.097633
tRNA-Tyr-GTA-8-1|anticodon_arm|part1	11	11	1.07396	0.097633	0.097633
tRNA-Tyr-GTA-8-1|anticodon|part1	3	3	0.292899	0.097633	0.097633
tRNA-Tyr-GTA-8-1|intron|part1	17	17	1.75739	0.103376	0.103376
tRNA-Tyr-GTA-8-1|anticodon_arm|part2	6	6	1.1716	0.195266	0.195266
tRNA-Tyr-GTA-8-1|variable_region|part1	5	5	0.97633	0.195266	0.195266
tRNA-Tyr-GTA-8-1|t_arm|part1	17	17	3.31952	0.195266	0.195266
tRNA-Tyr-GTA-8-1|acceptor_stem_3p|part1	8	8	1.56213	0.195266	0.195266
tRNA-Tyr-GTA-3-1|acceptor_stem_5p|part1	7	7	1.36686	0.195266	0.195266
tRNA-Tyr-GTA-3-1|d_arm|part1	19	19	3.02662	0.159296	0.159296
tRNA-Tyr-GTA-3-1|anticodon_arm|part1	11	11	1.07396	0.097633	0.097633
tRNA-Tyr-GTA-3-1|anticodon|part1	3	3	0.292899	0.097633	0.097633
tRNA-Tyr-GTA-3-1|intron|part1	16	16	1.56213	0.097633	0.097633
tRNA-Tyr-GTA-3-1|anticodon_arm|part2	6	6	0.585798	0.097633	0.097633
tRNA-Tyr-GTA-3-1|variable_region|part1	5	5	0.488165	0.097633	0.097633
tRNA-Tyr-GTA-3-1|t_arm|part1	17	17	1.65976	0.097633	0.097633
tRNA-Tyr-GTA-3-1|acceptor_stem_3p|part1	8	8	0.781064	0.097633	0.097633
tRNA-Tyr-GTA-6-1|acceptor_stem_5p|part1	7	7	1.36686	0.195266	0.195266
tRNA-Tyr-GTA-6-1|d_arm|part1	19	19	3.71005	0.195266	0.195266
tRNA-Tyr-GTA-6-1|anticodon_arm|part1	11	11	2.14793	0.195266	0.195266
tRNA-Tyr-GTA-6-1|anticodon|part1	3	3	0.585798	0.195266	0.195266
tRNA-Tyr-GTA-6-1|intron|part1	16	16	3.90532	0.244082	0.244082
tRNA-Tyr-GTA-6-1|anticodon_arm|part2	6	6	2.34319	0.390532	0.390532
tRNA-Tyr-GTA-6-1|variable_region|part1	5	5	1.95266	0.390532	0.390532
tRNA-Tyr-GTA-6-1|t_arm|part1	17	17	6.63904	0.390532	0.390532
tRNA-Tyr-GTA-6-1|acceptor_stem_3p|part1	8	8	3.12426	0.390532	0.390532
tRNA-Ala-AGC-14-1|acceptor_stem_5p|part1	7	7	0.683431	0.097633	0.097633
tRNA-Ala-AGC-14-1|d_arm|part1	19	19	1.85503	0.097633	0.097633
tRNA-Ala-AGC-14-1|anticodon_arm|part1	17	17	1.65976	0.097633	0.097633
tRNA-Ala-AGC-14-1|anticodon|part1	3	3	0.292899	0.097633	0.097633
tRNA-Ala-AGC-14-1|variable_region|part1	5	5	0.488165	0.097633	0.097633
tRNA-Ala-AGC-14-1|t_arm|part1	17	17	1.65976	0.097633	0.097633
tRNA-Ala-AGC-14-1|acceptor_stem_3p|part1	8	8	0.781064	0.097633	0.097633
tRNA-Ala-AGC-12-1|acceptor_stem_5p|part1	7	7	0	0	0
tRNA-Ala-AGC-12-1|d_arm|part1	19	19	0	0	0
tRNA-Ala-AGC-12-1|anticodon_arm|part1	17	17	0	0	0
tRNA-Ala-AGC-12-1|anticodon|part1	3	3	0	0	0
tRNA-Ala-AGC-12-1|variable_region|part1	5	5	0	0	0
tRNA-Ala-AGC-12-1|t_arm|part1	17	17	0	0	0
tRNA-Ala-AGC-12-1|acceptor_stem_3p|part1	8	8	0	0	0
tRNA-Ala-AGC-10-1|acceptor_stem_5p|part1	7	7	0	0	0
tRNA-Ala-AGC-10-1|d_arm|part1	19	19	0	0	0
tRNA-Ala-AGC-10-1|anticodon_arm|part1	17	17	0	0	0
tRNA-Ala-AGC-10-1|anticodon|part1	3	3	0	0	0
tRNA-Ala-AGC-10-1|variable_region|part1	5	5	0	0	0
tRNA-Ala-AGC-10-1|t_arm|part1	17	17	0	0	0
tRNA-Ala-AGC-10-1|acceptor_stem_3p|part1	8	8	0	0	0
tRNA-Met-CAT-5-1|acceptor_stem_5p|part1	7	7	0	0	0
tRNA-Met-CAT-5-1|d_arm|part1	19	19	0	0	0
tRNA-Met-CAT-5-1|anticodon_arm|part1	17	17	0	0	0
tRNA-Met-CAT-5-1|anticodon|part1	3	3	0	0	0
tRNA-Met-CAT-5-1|variable_region|part1	5	5	0	0	0
tRNA-Met-CAT-5-1|t_arm|part1	17	17	0	0	0
tRNA-Met-CAT-5-1|acceptor_stem_3p|part1	8	8	0	0	0
tRNA-Ala-AGC-13-1|acceptor_stem_5p|part1	7	7	0	0	0
tRNA-Ala-AGC-13-1|d_arm|part1	19	19	0	0	0
tRNA-Ala-AGC-13-1|anticodon_arm|part1	17	17	0	0	0
tRNA-Ala-AGC-13-1|anticodon|part1	3	3	0	0	0
tRNA-Ala-AGC-13-1|variable_region|part1	5	5	0	0	0
tRNA-Ala-AGC-13-1|t_arm|part1	17	17	0	0	0
tRNA-Ala-AGC-13-1|acceptor_stem_3p|part1	8	8	0	0	0
tRNA-Ile-AAT-7-1|acceptor_stem_3p|part1	8	8	0	0	0
tRNA-Ile-AAT-7-1|t_arm|part1	17	17	0	0	0
tRNA-Ile-AAT-7-1|variable_region|part1	6	6	0	0	0
tRNA-Ile-AAT-7-1|anticodon_arm|part1	17	17	0	0	0
tRNA-Ile-AAT-7-1|anticodon|part1	3	3	0	0	0
tRNA-Ile-AAT-7-1|d_arm|part1	19	19	0	0	0
tRNA-Ile-AAT-7-1|acceptor_stem_5p|part1	7	7	0	0	0
tRNA-Ala-AGC-9-1|acceptor_stem_5p|part1	7	7	0	0	0
tRNA-Ala-AGC-9-1|d_arm|part1	19	19	0	0	0
tRNA-Ala-AGC-9-1|anticodon_arm|part1	17	17	0	0	0
tRNA-Ala-AGC-9-1|anticodon|part1	3	3	0	0	0
tRNA-Ala-AGC-9-1|variable_region|part1	5	5	0	0	0
tRNA-Ala-AGC-9-1|t_arm|part1	17	17	0	0	0
tRNA-Ala-AGC-9-1|acceptor_stem_3p|part1	8	8	0	0	0
tRNA-Met-CAT-4-1|acceptor_stem_3p|part1	8	8	0	0	0
tRNA-Met-CAT-4-1|t_arm|part1	17	17	0	0	0
tRNA-Met-CAT-4-1|variable_region|part1	5	5	0	0	0
tRNA-Met-CAT-4-1|anticodon_arm|part1	17	17	0	0	0
tRNA-Met-CAT-4-1|anticodon|part1	3	3	0	0	0
tRNA-Met-CAT-4-1|d_arm|part1	19	19	0	0	0
tRNA-Met-CAT-4-1|acceptor_stem_5p|part1	7	7	0	0	0
tRNA-Met-CAT-4-2|acceptor_stem_5p|part1	7	7	4.78402	0.683431	0.683431
tRNA-Met-CAT-4-2|d_arm|part1	19	19	13.3757	0.703985	0.703985
tRNA-Met-CAT-4-2|anticodon_arm|part1	17	17	13.2781	0.781064	0.781064
tRNA-Met-CAT-4-2|anticodon|part1	3	3	2.34319	0.781064	0.781064
tRNA-Met-CAT-4-2|variable_region|part1	5	5	3.90532	0.781064	0.781064
tRNA-Met-CAT-4-2|t_arm|part1	17	17	13.2781	0.781064	0.781064
tRNA-Met-CAT-4-2|acceptor_stem_3p|part1	8	8	6.44378	0.805472	0.805472
tRNA-Ile-AAT-6-1|acceptor_stem_5p|part1	7	7	2.73372	0.390532	0.390532
tRNA-Ile-AAT-6-1|d_arm|part1	19	19	7.42011	0.390532	0.390532
tRNA-Ile-AAT-6-1|anticodon_arm|part1	17	17	8.10354	0.476679	0.476679
tRNA-Ile-AAT-6-1|anticodon|part1	3	3	1.46449	0.488165	0.488165
tRNA-Ile-AAT-6-1|variable_region|part1	6	6	2.92899	0.488165	0.488165
tRNA-Ile-AAT-6-1|t_arm|part1	17	17	8.2988	0.488165	0.488165
tRNA-Ile-AAT-6-1|acceptor_stem_3p|part1	8	8	3.90532	0.488165	0.488165
tRNA-Met-CAT-4-3|acceptor_stem_5p|part1	7	7	0	0	0
tRNA-Met-CAT-4-3|d_arm|part1	19	19	0	0	0
tRNA-Met-CAT-4-3|anticodon_arm|part1	17	17	0	0	0
tRNA-Met-CAT-4-3|anticodon|part1	3	3	0	0	0
tRNA-Met-CAT-4-3|variable_region|part1	5	5	0	0	0
tRNA-Met-CAT-4-3|t_arm|part1	17	17	0	0	0
tRNA-Met-CAT-4-3|acceptor_stem_3p|part1	8	8	0	0	0
tRNA-Ala-AGC-9-2|acceptor_stem_3p|part1	8	8	0	0	0
tRNA-Ala-AGC-9-2|t_arm|part1	17	17	0	0	0
tRNA-Ala-AGC-9-2|variable_region|part1	5	5	0	0	0
tRNA-Ala-AGC-9-2|anticodon_arm|part1	17	17	0	0	0
tRNA-Ala-AGC-9-2|anticodon|part1	3	3	0	0	0
tRNA-Ala-AGC-9-2|d_arm|part1	19	19	0	0	0
tRNA-Ala-AGC-9-2|acceptor_stem_5p|part1	7	7	0	0	0
tRNA-Ile-AAT-7-2|acceptor_stem_5p|part1	7	7	0	0	0
tRNA-Ile-AAT-7-2|d_arm|part1	19	19	0	0	0
tRNA-Ile-AAT-7-2|anticodon_arm|part1	17	17	0	0	0
tRNA-Ile-AAT-7-2|anticodon|part1	3	3	0	0	0
tRNA-Ile-AAT-7-2|variable_region|part1	6	6	0	0	0
tRNA-Ile-AAT-7-2|t_arm|part1	17	17	0	0	0
tRNA-Ile-AAT-7-2|acceptor_stem_3p|part1	8	8	0	0	0
tRNA-Ala-AGC-13-3|acceptor_stem_3p|part1	8	8	0	0	0
tRNA-Ala-AGC-13-3|t_arm|part1	17	17	0	0	0
tRNA-Ala-AGC-13-3|variable_region|part1	5	5	0	0	0
tRNA-Ala-AGC-13-3|anticodon_arm|part1	17	17	0	0	0
tRNA-Ala-AGC-13-3|anticodon|part1	3	3	0	0	0
tRNA-Ala-AGC-13-3|d_arm|part1	19	19	0	0	0
tRNA-Ala-AGC-13-3|acceptor_stem_5p|part1	7	7	0	0	0
tRNA-Met-CAT-5-2|acceptor_stem_3p|part1	8	8	0	0	0
tRNA-Met-CAT-5-2|t_arm|part1	17	17	0	0	0
tRNA-Met-CAT-5-2|variable_region|part1	5	5	0	0	0
tRNA-Met-CAT-5-2|anticodon_arm|part1	17	17	0	0	0
tRNA-Met-CAT-5-2|anticodon|part1	3	3	0	0	0
tRNA-Met-CAT-5-2|d_arm|part1	19	19	0	0	0
tRNA-Met-CAT-5-2|acceptor_stem_5p|part1	7	7	0	0	0
tRNA-Ala-AGC-10-2|acceptor_stem_3p|part1	8	8	0	0	0
tRNA-Ala-AGC-10-2|t_arm|part1	17	17	0	0	0
tRNA-Ala-AGC-10-2|variable_region|part1	5	5	0	0	0
tRNA-Ala-AGC-10-2|anticodon_arm|part1	17	17	0	0	0
tRNA-Ala-AGC-10-2|anticodon|part1	3	3	0	0	0
tRNA-Ala-AGC-10-2|d_arm|part1	19	19	0	0	0
tRNA-Ala-AGC-10-2|acceptor_stem_5p|part1	7	7	0	0	0
tRNA-Ala-AGC-12-2|acceptor_stem_3p|part1	8	8	0	0	0
tRNA-Ala-AGC-12-2|t_arm|part1	17	17	0	0	0
tRNA-Ala-AGC-12-2|variable_region|part1	5	5	0	0	0
tRNA-Ala-AGC-12-2|anticodon_arm|part1	17	17	0	0	0
tRNA-Ala-AGC-12-2|anticodon|part1	3	3	0	0	0
tRNA-Ala-AGC-12-2|d_arm|part1	19	19	0	0	0
tRNA-Ala-AGC-12-2|acceptor_stem_5p|part1	7	7	0	0	0
tRNA-Ala-AGC-14-2|acceptor_stem_3p|part1	8	8	0	0	0
tRNA-Ala-AGC-14-2|t_arm|part1	17	17	0	0	0
tRNA-Ala-AGC-14-2|variable_region|part1	5	5	0	0	0
tRNA-Ala-AGC-14-2|anticodon_arm|part1	17	17	0	0	0
tRNA-Ala-AGC-14-2|anticodon|part1	3	3	0	0	0
tRNA-Ala-AGC-14-2|d_arm|part1	19	19	0	0	0
tRNA-Ala-AGC-14-2|acceptor_stem_5p|part1	7	7	0	0	0
tRNA-Ile-TAT-2-2|acceptor_stem_5p|part1	7	7	10.9349	1.56213	1.56213
tRNA-Ile-TAT-2-2|d_arm|part1	19	19	29.6804	1.56213	1.56213
tRNA-Ile-TAT-2-2|anticodon_arm|part1	12	12	14.0591	1.1716	1.1716
tRNA-Ile-TAT-2-2|anticodon|part1	3	3	3.51479	1.1716	1.1716
tRNA-Ile-TAT-2-2|intron|part1	20	20	23.4319	1.1716	1.1716
tRNA-Ile-TAT-2-2|anticodon_arm|part2	5	5	5.85798	1.1716	1.1716
tRNA-Ile-TAT-2-2|variable_region|part1	6	6	7.02957	1.1716	1.1716
tRNA-Ile-TAT-2-2|t_arm|part1	17	17	15.0355	0.88444	0.88444
tRNA-Ile-TAT-2-2|acceptor_stem_3p|part1	8	8	5.46745	0.683431	0.683431
tRNA-Pro-CGG-2-1|acceptor_stem_5p|part1	7	7	7.51774	1.07396	1.07396
tRNA-Pro-CGG-2-1|d_arm|part1	19	19	20.4053	1.07396	1.07396
tRNA-Pro-CGG-2-1|anticodon_arm|part1	17	17	22.0651	1.29794	1.29794
tRNA-Pro-CGG-2-1|anticodon|part1	3	3	4.10059	1.36686	1.36686
tRNA-Pro-CGG-2-1|variable_region|part1	4	4	5.46745	1.36686	1.36686
tRNA-Pro-CGG-2-1|t_arm|part1	17	17	23.2367	1.36686	1.36686
tRNA-Pro-CGG-2-1|acceptor_stem_3p|part1	8	8	10.9349	1.36686	1.36686
tRNA-Ser-GCT-1-1|acceptor_stem_5p|part1	7	7	0	0	0
tRNA-Ser-GCT-1-1|d_arm|part1	19	19	0	0	0
tRNA-Ser-GCT-1-1|anticodon_arm|part1	17	17	0	0	0
tRNA-Ser-GCT-1-1|anticodon|part1	3	3	0	0	0
tRNA-Ser-GCT-1-1|variable_region|part1	14	14	0	0	0
tRNA-Ser-GCT-1-1|t_arm|part1	17	17	0	0	0
tRNA-Ser-GCT-1-1|acceptor_stem_3p|part1	8	8	0	0	0
tRNA-His-GTG-1-5|acceptor_stem_5p|part1	7	7	0.683431	0.097633	0.097633
tRNA-His-GTG-1-5|d_arm|part1	19	19	1.85503	0.097633	0.097633
tRNA-His-GTG-1-5|anticodon_arm|part1	17	17	1.65976	0.097633	0.097633
tRNA-His-GTG-1-5|anticodon|part1	3	3	0.292899	0.097633	0.097633
tRNA-His-GTG-1-5|variable_region|part1	4	4	0.390532	0.097633	0.097633
tRNA-His-GTG-1-5|t_arm|part1	17	17	1.65976	0.097633	0.097633
tRNA-His-GTG-1-5|acceptor_stem_3p|part1	8	8	0.781064	0.097633	0.097633
tRNA-Thr-AGT-6-1|acceptor_stem_5p|part1	7	7	1.46449	0.209214	0.209214
tRNA-Thr-AGT-6-1|d_arm|part1	19	19	3.71005	0.195266	0.195266
tRNA-Thr-AGT-6-1|anticodon_arm|part1	17	17	3.31952	0.195266	0.195266
tRNA-Thr-AGT-6-1|anticodon|part1	3	3	0.585798	0.195266	0.195266
tRNA-Thr-AGT-6-1|variable_region|part1	6	6	1.1716	0.195266	0.195266
tRNA-Thr-AGT-6-1|t_arm|part1	17	17	4.78402	0.281413	0.281413
tRNA-Thr-AGT-6-1|acceptor_stem_3p|part1	8	8	2.34319	0.292899	0.292899
tRNA-Ile-AAT-5-2|acceptor_stem_3p|part1	8	8	0.781064	0.097633	0.097633
tRNA-Ile-AAT-5-2|t_arm|part1	17	17	1.65976	0.097633	0.097633
tRNA-Ile-AAT-5-2|variable_region|part1	6	6	0.585798	0.097633	0.097633
tRNA-Ile-AAT-5-2|anticodon_arm|part1	17	17	1.65976	0.097633	0.097633
tRNA-Ile-AAT-5-2|anticodon|part1	3	3	0.292899	0.097633	0.097633
tRNA-Ile-AAT-5-2|d_arm|part1	19	19	1.85503	0.097633	0.097633
tRNA-Ile-AAT-5-2|acceptor_stem_5p|part1	7	7	0.683431	0.097633	0.097633
tRNA-Val-CAC-6-1|acceptor_stem_3p|part1	8	8	0	0	0
tRNA-Val-CAC-6-1|t_arm|part1	17	17	0	0	0
tRNA-Val-CAC-6-1|variable_region|part1	5	5	0	0	0
tRNA-Val-CAC-6-1|anticodon_arm|part1	17	17	0	0	0
tRNA-Val-CAC-6-1|anticodon|part1	3	3	0	0	0
tRNA-Val-CAC-6-1|d_arm|part1	19	19	0	0	0
tRNA-Val-CAC-6-1|acceptor_stem_5p|part1	7	7	0	0	0
tRNA-Ser-CGA-2-1|acceptor_stem_5p|part1	7	7	0	0	0
tRNA-Ser-CGA-2-1|d_arm|part1	19	19	0	0	0
tRNA-Ser-CGA-2-1|anticodon_arm|part1	17	17	0	0	0
tRNA-Ser-CGA-2-1|anticodon|part1	3	3	0	0	0
tRNA-Ser-CGA-2-1|variable_region|part1	14	14	0	0	0
tRNA-Ser-CGA-2-1|t_arm|part1	17	17	0	0	0
tRNA-Ser-CGA-2-1|acceptor_stem_3p|part1	8	8	0	0	0
tRNA-Arg-ACG-2-2|acceptor_stem_3p|part1	8	8	0.781064	0.097633	0.097633
tRNA-Arg-ACG-2-2|t_arm|part1	17	17	1.65976	0.097633	0.097633
tRNA-Arg-ACG-2-2|variable_region|part1	5	5	0.488165	0.097633	0.097633
tRNA-Arg-ACG-2-2|anticodon_arm|part1	17	17	1.65976	0.097633	0.097633
tRNA-Arg-ACG-2-2|anticodon|part1	3	3	0.292899	0.097633	0.097633
tRNA-Arg-ACG-2-2|d_arm|part1	19	19	1.85503	0.097633	0.097633
tRNA-Arg-ACG-2-2|acceptor_stem_5p|part1	7	7	0.683431	0.097633	0.097633
tRNA-Arg-ACG-2-3|acceptor_stem_5p|part1	7	7	3.41715	0.488165	0.488165
tRNA-Arg-ACG-2-3|d_arm|part1	19	19	9.27513	0.488165	0.488165
tRNA-Arg-ACG-2-3|anticodon_arm|part1	17	17	8.2988	0.488165	0.488165
tRNA-Arg-ACG-2-3|anticodon|part1	3	3	1.46449	0.488165	0.488165
tRNA-Arg-ACG-2-3|variable_region|part1	5	5	2.44082	0.488165	0.488165
tRNA-Arg-ACG-2-3|t_arm|part1	17	17	8.2988	0.488165	0.488165
tRNA-Arg-ACG-2-3|acceptor_stem_3p|part1	8	8	3.90532	0.488165	0.488165
tRNA-Leu-TAA-4-1|acceptor_stem_3p|part1	8	8	8.5917	1.07396	1.07396
tRNA-Leu-TAA-4-1|t_arm|part1	17	17	17.4763	1.02802	1.02802
tRNA-Leu-TAA-4-1|variable_region|part1	15	15	14.6449	0.97633	0.97633
tRNA-Leu-TAA-4-1|anticodon_arm|part1	17	17	16.5976	0.97633	0.97633
tRNA-Leu-TAA-4-1|anticodon|part1	3	3	2.92899	0.97633	0.97633
tRNA-Leu-TAA-4-1|d_arm|part1	19	19	18.5503	0.97633	0.97633
tRNA-Leu-TAA-4-1|acceptor_stem_5p|part1	7	7	6.83431	0.97633	0.97633
tRNA-Val-AAC-5-1|acceptor_stem_5p|part1	7	7	2.05029	0.292899	0.292899
tRNA-Val-AAC-5-1|d_arm|part1	19	19	5.56508	0.292899	0.292899
tRNA-Val-AAC-5-1|anticodon_arm|part1	17	17	4.97928	0.292899	0.292899
tRNA-Val-AAC-5-1|anticodon|part1	3	3	0.878697	0.292899	0.292899
tRNA-Val-AAC-5-1|variable_region|part1	5	5	1.46449	0.292899	0.292899
tRNA-Val-AAC-5-1|t_arm|part1	17	17	5.17455	0.304385	0.304385
tRNA-Val-AAC-5-1|acceptor_stem_3p|part1	8	8	3.12426	0.390532	0.390532
tRNA-Ile-AAT-5-3|acceptor_stem_3p|part1	8	8	1.56213	0.195266	0.195266
tRNA-Ile-AAT-5-3|t_arm|part1	17	17	3.31952	0.195266	0.195266
tRNA-Ile-AAT-5-3|variable_region|part1	6	6	1.1716	0.195266	0.195266
tRNA-Ile-AAT-5-3|anticodon_arm|part1	17	17	3.31952	0.195266	0.195266
tRNA-Ile-AAT-5-3|anticodon|part1	3	3	0.585798	0.195266	0.195266
tRNA-Ile-AAT-5-3|d_arm|part1	19	19	2.14793	0.113049	0.113049
tRNA-Ile-AAT-5-3|acceptor_stem_5p|part1	7	7	0.683431	0.097633	0.097633
tRNA-Ile-AAT-9-1|acceptor_stem_5p|part1	7	7	0	0	0
tRNA-Ile-AAT-9-1|d_arm|part1	19	19	0	0	0
tRNA-Ile-AAT-9-1|anticodon_arm|part1	17	17	0	0	0
tRNA-Ile-AAT-9-1|anticodon|part1	3	3	0	0	0
tRNA-Ile-AAT-9-1|variable_region|part1	6	6	0	0	0
tRNA-Ile-AAT-9-1|t_arm|part1	17	17	0	0	0
tRNA-Ile-AAT-9-1|acceptor_stem_3p|part1	8	8	0	0	0
tRNA-Ile-AAT-3-1|acceptor_stem_3p|part1	8	8	0	0	0
tRNA-Ile-AAT-3-1|t_arm|part1	17	17	0	0	0
tRNA-Ile-AAT-3-1|variable_region|part1	6	6	0	0	0
tRNA-Ile-AAT-3-1|anticodon_arm|part1	17	17	0	0	0
tRNA-Ile-AAT-3-1|anticodon|part1	3	3	0	0	0
tRNA-Ile-AAT-3-1|d_arm|part1	19	19	0	0	0
tRNA-Ile-AAT-3-1|acceptor_stem_5p|part1	7	7	0	0	0
tRNA-Val-CAC-2-1|acceptor_stem_3p|part1	8	8	0	0	0
tRNA-Val-CAC-2-1|t_arm|part1	17	17	0	0	0
tRNA-Val-CAC-2-1|variable_region|part1	5	5	0	0	0
tRNA-Val-CAC-2-1|anticodon_arm|part1	17	17	0	0	0
tRNA-Val-CAC-2-1|anticodon|part1	3	3	0	0	0
tRNA-Val-CAC-2-1|d_arm|part1	19	19	0	0	0
tRNA-Val-CAC-2-1|acceptor_stem_5p|part1	7	7	0	0	0
tRNA-Ile-AAT-10-1|acceptor_stem_5p|part1	7	7	0	0	0
tRNA-Ile-AAT-10-1|d_arm|part1	19	19	0	0	0
tRNA-Ile-AAT-10-1|anticodon_arm|part1	17	17	0	0	0
tRNA-Ile-AAT-10-1|anticodon|part1	3	3	0	0	0
tRNA-Ile-AAT-10-1|variable_region|part1	6	6	0	0	0
tRNA-Ile-AAT-10-1|t_arm|part1	17	17	0	0	0
tRNA-Ile-AAT-10-1|acceptor_stem_3p|part1	8	8	0	0	0
tRNA-Val-TAC-4-1|acceptor_stem_5p|part1	7	7	0	0	0
tRNA-Val-TAC-4-1|d_arm|part1	19	19	0	0	0
tRNA-Val-TAC-4-1|anticodon_arm|part1	17	17	0	0	0
tRNA-Val-TAC-4-1|anticodon|part1	3	3	0	0	0
tRNA-Val-TAC-4-1|variable_region|part1	5	5	0	0	0
tRNA-Val-TAC-4-1|t_arm|part1	17	17	0	0	0
tRNA-Val-TAC-4-1|acceptor_stem_3p|part1	8	8	0	0	0
tRNA-Ser-ACT-1-1|acceptor_stem_5p|part1	7	7	5.46745	0.781064	0.781064
tRNA-Ser-ACT-1-1|d_arm|part1	19	19	14.8402	0.781064	0.781064
tRNA-Ser-ACT-1-1|anticodon_arm|part1	17	17	12.0089	0.706403	0.706403
tRNA-Ser-ACT-1-1|anticodon|part1	3	3	2.05029	0.683431	0.683431
tRNA-Ser-ACT-1-1|variable_region|part1	6	6	4.10059	0.683431	0.683431
tRNA-Ser-ACT-1-1|t_arm|part1	17	17	11.6183	0.683431	0.683431
tRNA-Ser-ACT-1-1|acceptor_stem_3p|part1	8	8	5.46745	0.683431	0.683431
tRNA-Gln-CTG-5-1|acceptor_stem_5p|part1	7	7	2.73372	0.390532	0.390532
tRNA-Gln-CTG-5-1|d_arm|part1	19	19	7.42011	0.390532	0.390532
tRNA-Gln-CTG-5-1|anticodon_arm|part1	17	17	6.63904	0.390532	0.390532
tRNA-Gln-CTG-5-1|anticodon|part1	3	3	1.1716	0.390532	0.390532
tRNA-Gln-CTG-5-1|variable_region|part1	4	4	1.56213	0.390532	0.390532
tRNA-Gln-CTG-5-1|t_arm|part1	17	17	6.63904	0.390532	0.390532
tRNA-Gln-CTG-5-1|acceptor_stem_3p|part1	8	8	3.12426	0.390532	0.390532
tRNA-Ser-GCT-2-1|acceptor_stem_5p|part1	7	7	0.683431	0.097633	0.097633
tRNA-Ser-GCT-2-1|d_arm|part1	19	19	1.85503	0.097633	0.097633
tRNA-Ser-GCT-2-1|anticodon_arm|part1	17	17	1.65976	0.097633	0.097633
tRNA-Ser-GCT-2-1|anticodon|part1	3	3	0.292899	0.097633	0.097633
tRNA-Ser-GCT-2-1|variable_region|part1	14	14	1.36686	0.097633	0.097633
tRNA-Ser-GCT-2-1|t_arm|part1	17	17	1.65976	0.097633	0.097633
tRNA-Ser-GCT-2-1|acceptor_stem_3p|part1	8	8	0.781064	0.097633	0.097633
tRNA-iMet-CAT-1-5|acceptor_stem_3p|part1	8	8	7.81064	0.97633	0.97633
tRNA-iMet-CAT-1-5|t_arm|part1	17	17	16.5976	0.97633	0.97633
tRNA-iMet-CAT-1-5|variable_region|part1	4	4	3.90532	0.97633	0.97633
tRNA-iMet-CAT-1-5|anticodon_arm|part1	17	17	16.5976	0.97633	0.97633
tRNA-iMet-CAT-1-5|anticodon|part1	3	3	2.92899	0.97633	0.97633
tRNA-iMet-CAT-1-5|d_arm|part1	19	19	18.5503	0.97633	0.97633
tRNA-iMet-CAT-1-5|acceptor_stem_5p|part1	7	7	6.83431	0.97633	0.97633
tRNA-Lys-TTT-6-1|acceptor_stem_3p|part1	8	8	1.56213	0.195266	0.195266
tRNA-Lys-TTT-6-1|t_arm|part1	17	17	3.31952	0.195266	0.195266
tRNA-Lys-TTT-6-1|variable_region|part1	5	5	0.97633	0.195266	0.195266
tRNA-Lys-TTT-6-1|anticodon_arm|part1	17	17	4.78402	0.281413	0.281413
tRNA-Lys-TTT-6-1|anticodon|part1	3	3	0.878697	0.292899	0.292899
tRNA-Lys-TTT-6-1|d_arm|part1	19	19	5.56508	0.292899	0.292899
tRNA-Lys-TTT-6-1|acceptor_stem_5p|part1	7	7	2.05029	0.292899	0.292899
tRNA-Ser-AGA-2-2|acceptor_stem_5p|part1	7	7	6.15088	0.878697	0.878697
tRNA-Ser-AGA-2-2|d_arm|part1	19	19	15.1331	0.79648	0.79648
tRNA-Ser-AGA-2-2|anticodon_arm|part1	17	17	13.2781	0.781064	0.781064
tRNA-Ser-AGA-2-2|anticodon|part1	3	3	2.34319	0.781064	0.781064
tRNA-Ser-AGA-2-2|variable_region|part1	14	14	10.9349	0.781064	0.781064
tRNA-Ser-AGA-2-2|t_arm|part1	17	17	14.6449	0.861468	0.861468
tRNA-Ser-AGA-2-2|acceptor_stem_3p|part1	8	8	7.02957	0.878697	0.878697
tRNA-Asp-GTC-2-6|acceptor_stem_5p|part1	7	7	11.6183	1.65976	1.65976
tRNA-Asp-GTC-2-6|d_arm|part1	19	19	31.5355	1.65976	1.65976
tRNA-Asp-GTC-2-6|anticodon_arm|part1	17	17	28.2159	1.65976	1.65976
tRNA-Asp-GTC-2-6|anticodon|part1	3	3	4.97928	1.65976	1.65976
tRNA-Asp-GTC-2-6|variable_region|part1	4	4	6.63904	1.65976	1.65976
tRNA-Asp-GTC-2-6|t_arm|part1	17	17	26.6538	1.56787	1.56787
tRNA-Asp-GTC-2-6|acceptor_stem_3p|part1	8	8	12.497	1.56213	1.56213
tRNA-Ser-AGA-2-3|acceptor_stem_5p|part1	7	7	5.46745	0.781064	0.781064
tRNA-Ser-AGA-2-3|d_arm|part1	19	19	13.0828	0.688569	0.688569
tRNA-Ser-AGA-2-3|anticodon_arm|part1	17	17	11.6183	0.683431	0.683431
tRNA-Ser-AGA-2-3|anticodon|part1	3	3	2.05029	0.683431	0.683431
tRNA-Ser-AGA-2-3|variable_region|part1	14	14	9.56803	0.683431	0.683431
tRNA-Ser-AGA-2-3|t_arm|part1	17	17	8.49407	0.499651	0.499651
tRNA-Ser-AGA-2-3|acceptor_stem_3p|part1	8	8	3.90532	0.488165	0.488165
tRNA-Ser-AGA-2-4|acceptor_stem_5p|part1	7	7	5.46745	0.781064	0.781064
tRNA-Ser-AGA-2-4|d_arm|part1	19	19	14.8402	0.781064	0.781064
tRNA-Ser-AGA-2-4|anticodon_arm|part1	17	17	12.3018	0.723633	0.723633
tRNA-Ser-AGA-2-4|anticodon|part1	3	3	2.05029	0.683431	0.683431
tRNA-Ser-AGA-2-4|variable_region|part1	14	14	9.56803	0.683431	0.683431
tRNA-Ser-AGA-2-4|t_arm|part1	17	17	11.6183	0.683431	0.683431
tRNA-Ser-AGA-2-4|acceptor_stem_3p|part1	8	8	5.46745	0.683431	0.683431
tRNA-Asp-GTC-2-7|acceptor_stem_5p|part1	7	7	3.41715	0.488165	0.488165
tRNA-Asp-GTC-2-7|d_arm|part1	19	19	9.27513	0.488165	0.488165
tRNA-Asp-GTC-2-7|anticodon_arm|part1	17	17	9.7633	0.574312	0.574312
tRNA-Asp-GTC-2-7|anticodon|part1	3	3	1.75739	0.585798	0.585798
tRNA-Asp-GTC-2-7|variable_region|part1	4	4	2.34319	0.585798	0.585798
tRNA-Asp-GTC-2-7|t_arm|part1	17	17	9.95856	0.585798	0.585798
tRNA-Asp-GTC-2-7|acceptor_stem_3p|part1	8	8	4.68638	0.585798	0.585798
tRNA-Ser-TGA-4-1|acceptor_stem_3p|part1	8	8	0	0	0
tRNA-Ser-TGA-4-1|t_arm|part1	17	17	0	0	0
tRNA-Ser-TGA-4-1|variable_region|part1	14	14	0	0	0
tRNA-Ser-TGA-4-1|anticodon_arm|part1	17	17	0	0	0
tRNA-Ser-TGA-4-1|anticodon|part1	3	3	0	0	0
tRNA-Ser-TGA-4-1|d_arm|part1	19	19	0	0	0
tRNA-Ser-TGA-4-1|acceptor_stem_5p|part1	7	7	0	0	0
tRNA-Gln-CTG-1-2|acceptor_stem_5p|part1	7	7	4.78402	0.683431	0.683431
tRNA-Gln-CTG-1-2|d_arm|part1	19	19	12.9852	0.683431	0.683431
tRNA-Gln-CTG-1-2|anticodon_arm|part1	17	17	11.6183	0.683431	0.683431
tRNA-Gln-CTG-1-2|anticodon|part1	3	3	2.05029	0.683431	0.683431
tRNA-Gln-CTG-1-2|variable_region|part1	4	4	1.95266	0.488165	0.488165
tRNA-Gln-CTG-1-2|t_arm|part1	17	17	8.2988	0.488165	0.488165
tRNA-Gln-CTG-1-2|acceptor_stem_3p|part1	8	8	3.90532	0.488165	0.488165
tRNA-Ser-AGA-3-1|acceptor_stem_5p|part1	7	7	0.683431	0.097633	0.097633
tRNA-Ser-AGA-3-1|d_arm|part1	19	19	1.85503	0.097633	0.097633
tRNA-Ser-AGA-3-1|anticodon_arm|part1	17	17	1.65976	0.097633	0.097633
tRNA-Ser-AGA-3-1|anticodon|part1	3	3	0.292899	0.097633	0.097633
tRNA-Ser-AGA-3-1|variable_region|part1	14	14	1.36686	0.097633	0.097633
tRNA-Ser-AGA-3-1|t_arm|part1	17	17	2.63609	0.155064	0.155064
tRNA-Ser-AGA-3-1|acceptor_stem_3p|part1	8	8	1.56213	0.195266	0.195266
tRNA-Ser-AGA-1-1|acceptor_stem_3p|part1	8	8	3.12426	0.390532	0.390532
tRNA-Ser-AGA-1-1|t_arm|part1	17	17	6.63904	0.390532	0.390532
tRNA-Ser-AGA-1-1|variable_region|part1	14	14	5.46745	0.390532	0.390532
tRNA-Ser-AGA-1-1|anticodon_arm|part1	17	17	5.76035	0.338844	0.338844
tRNA-Ser-AGA-1-1|anticodon|part1	3	3	0.97633	0.325443	0.325443
tRNA-Ser-AGA-1-1|d_arm|part1	19	19	5.56508	0.292899	0.292899
tRNA-Ser-AGA-1-1|acceptor_stem_5p|part1	7	7	2.05029	0.292899	0.292899
tRNA-Ser-TGA-2-1|acceptor_stem_5p|part1	7	7	0.683431	0.097633	0.097633
tRNA-Ser-TGA-2-1|d_arm|part1	19	19	1.85503	0.097633	0.097633
tRNA-Ser-TGA-2-1|anticodon_arm|part1	17	17	1.65976	0.097633	0.097633
tRNA-Ser-TGA-2-1|anticodon|part1	3	3	0.292899	0.097633	0.097633
tRNA-Ser-TGA-2-1|variable_region|part1	14	14	1.36686	0.097633	0.097633
tRNA-Ser-TGA-2-1|t_arm|part1	17	17	1.65976	0.097633	0.097633
tRNA-Ser-TGA-2-1|acceptor_stem_3p|part1	8	8	0.781064	0.097633	0.097633
tRNA-Gln-CTG-2-1|acceptor_stem_3p|part1	8	8	3.12426	0.390532	0.390532
tRNA-Gln-CTG-2-1|t_arm|part1	17	17	6.15088	0.361816	0.361816
tRNA-Gln-CTG-2-1|variable_region|part1	4	4	1.1716	0.292899	0.292899
tRNA-Gln-CTG-2-1|anticodon_arm|part1	17	17	4.97928	0.292899	0.292899
tRNA-Gln-CTG-2-1|anticodon|part1	3	3	0.878697	0.292899	0.292899
tRNA-Gln-CTG-2-1|d_arm|part1	19	19	5.56508	0.292899	0.292899
tRNA-Gln-CTG-2-1|acceptor_stem_5p|part1	7	7	1.65976	0.237109	0.237109
tRNA-Ser-AGA-4-1|acceptor_stem_3p|part1	8	8	3.12426	0.390532	0.390532
tRNA-Ser-AGA-4-1|t_arm|part1	17	17	6.63904	0.390532	0.390532
tRNA-Ser-AGA-4-1|variable_region|part1	14	14	5.46745	0.390532	0.390532
tRNA-Ser-AGA-4-1|anticodon_arm|part1	17	17	6.63904	0.390532	0.390532
tRNA-Ser-AGA-4-1|anticodon|part1	3	3	1.1716	0.390532	0.390532
tRNA-Ser-AGA-4-1|d_arm|part1	19	19	5.85798	0.308315	0.308315
tRNA-Ser-AGA-4-1|acceptor_stem_5p|part1	7	7	2.05029	0.292899	0.292899
tRNA-Arg-TCT-5-1|acceptor_stem_5p|part1	7	7	0	0	0
tRNA-Arg-TCT-5-1|d_arm|part1	19	19	0	0	0
tRNA-Arg-TCT-5-1|anticodon_arm|part1	11	11	0	0	0
tRNA-Arg-TCT-5-1|anticodon|part1	3	3	0	0	0
tRNA-Arg-TCT-5-1|intron|part1	14	14	0	0	0
tRNA-Arg-TCT-5-1|anticodon_arm|part2	6	6	0	0	0
tRNA-Arg-TCT-5-1|variable_region|part1	5	5	0	0	0
tRNA-Arg-TCT-5-1|t_arm|part1	17	17	0	0	0
tRNA-Arg-TCT-5-1|acceptor_stem_3p|part1	8	8	0	0	0
tRNA-Asp-GTC-3-1|acceptor_stem_3p|part1	8	8	4.68638	0.585798	0.585798
tRNA-Asp-GTC-3-1|t_arm|part1	17	17	9.95856	0.585798	0.585798
tRNA-Asp-GTC-3-1|variable_region|part1	4	4	2.34319	0.585798	0.585798
tRNA-Asp-GTC-3-1|anticodon_arm|part1	17	17	9.95856	0.585798	0.585798
tRNA-Asp-GTC-3-1|anticodon|part1	3	3	1.75739	0.585798	0.585798
tRNA-Asp-GTC-3-1|d_arm|part1	19	19	11.1302	0.585798	0.585798
tRNA-Asp-GTC-3-1|acceptor_stem_5p|part1	7	7	4.78402	0.683431	0.683431
tRNA-Lys-TTT-4-1|acceptor_stem_3p|part1	8	8	0	0	0
tRNA-Lys-TTT-4-1|t_arm|part1	17	17	1.65976	0.097633	0.097633
tRNA-Lys-TTT-4-1|variable_region|part1	5	5	0.488165	0.097633	0.097633
tRNA-Lys-TTT-4-1|anticodon_arm|part1	17	17	1.65976	0.097633	0.097633
tRNA-Lys-TTT-4-1|anticodon|part1	3	3	0.292899	0.097633	0.097633
tRNA-Lys-TTT-4-1|d_arm|part1	19	19	1.85503	0.097633	0.097633
tRNA-Lys-TTT-4-1|acceptor_stem_5p|part1	7	7	0.683431	0.097633	0.097633
tRNA-iMet-CAT-1-6|acceptor_stem_3p|part1	8	8	11.6183	1.45229	1.45229
tRNA-iMet-CAT-1-6|t_arm|part1	17	17	24.8964	1.46449	1.46449
tRNA-iMet-CAT-1-6|variable_region|part1	4	4	5.85798	1.46449	1.46449
tRNA-iMet-CAT-1-6|anticodon_arm|part1	17	17	24.8964	1.46449	1.46449
tRNA-iMet-CAT-1-6|anticodon|part1	3	3	4.39348	1.46449	1.46449
tRNA-iMet-CAT-1-6|d_arm|part1	19	19	29.1923	1.53643	1.53643
tRNA-iMet-CAT-1-6|acceptor_stem_5p|part1	7	7	10.9349	1.56213	1.56213
tRNA-Leu-CAA-3-1|acceptor_stem_3p|part1	8	8	0.781064	0.097633	0.097633
tRNA-Leu-CAA-3-1|t_arm|part1	17	17	1.65976	0.097633	0.097633
tRNA-Leu-CAA-3-1|variable_region|part1	16	16	1.56213	0.097633	0.097633
tRNA-Leu-CAA-3-1|anticodon_arm|part2	5	5	0.488165	0.097633	0.097633
tRNA-Leu-CAA-3-1|intron|part1	23	23	2.24556	0.097633	0.097633
tRNA-Leu-CAA-3-1|anticodon_arm|part1	12	12	1.1716	0.097633	0.097633
tRNA-Leu-CAA-3-1|anticodon|part1	3	3	0.292899	0.097633	0.097633
tRNA-Leu-CAA-3-1|d_arm|part1	19	19	1.85503	0.097633	0.097633
tRNA-Leu-CAA-3-1|acceptor_stem_5p|part1	7	7	0.683431	0.097633	0.097633
tRNA-Leu-CAA-2-1|acceptor_stem_3p|part1	8	8	0.781064	0.097633	0.097633
tRNA-Leu-CAA-2-1|t_arm|part1	17	17	1.65976	0.097633	0.097633
tRNA-Leu-CAA-2-1|variable_region|part1	16	16	1.56213	0.097633	0.097633
tRNA-Leu-CAA-2-1|anticodon_arm|part2	5	5	0.488165	0.097633	0.097633
tRNA-Leu-CAA-2-1|intron|part1	24	24	2.34319	0.097633	0.097633
tRNA-Leu-CAA-2-1|anticodon_arm|part1	12	12	1.1716	0.097633	0.097633
tRNA-Leu-CAA-2-1|anticodon|part1	3	3	0.292899	0.097633	0.097633
tRNA-Leu-CAA-2-1|d_arm|part1	19	19	1.85503	0.097633	0.097633
tRNA-Leu-CAA-2-1|acceptor_stem_5p|part1	7	7	0.683431	0.097633	0.097633
tRNA-Thr-CGT-5-1|acceptor_stem_5p|part1	7	7	2.05029	0.292899	0.292899
tRNA-Thr-CGT-5-1|d_arm|part1	19	19	5.56508	0.292899	0.292899
tRNA-Thr-CGT-5-1|anticodon_arm|part1	17	17	4.97928	0.292899	0.292899
tRNA-Thr-CGT-5-1|anticodon|part1	3	3	0.878697	0.292899	0.292899
tRNA-Thr-CGT-5-1|variable_region|part1	6	6	1.75739	0.292899	0.292899
tRNA-Thr-CGT-5-1|t_arm|part1	17	17	4.97928	0.292899	0.292899
tRNA-Thr-CGT-5-1|acceptor_stem_3p|part1	8	8	0.781064	0.097633	0.097633
tRNA-Ile-TAT-2-3|acceptor_stem_5p|part1	7	7	6.83431	0.97633	0.97633
tRNA-Ile-TAT-2-3|d_arm|part1	19	19	18.5503	0.97633	0.97633
tRNA-Ile-TAT-2-3|anticodon_arm|part1	12	12	11.716	0.97633	0.97633
tRNA-Ile-TAT-2-3|anticodon|part1	3	3	2.92899	0.97633	0.97633
tRNA-Ile-TAT-2-3|intron|part1	20	20	16.7929	0.839644	0.839644
tRNA-Ile-TAT-2-3|anticodon_arm|part2	5	5	2.92899	0.585798	0.585798
tRNA-Ile-TAT-2-3|variable_region|part1	6	6	3.51479	0.585798	0.585798
tRNA-Ile-TAT-2-3|t_arm|part1	17	17	9.95856	0.585798	0.585798
tRNA-Ile-TAT-2-3|acceptor_stem_3p|part1	8	8	4.68638	0.585798	0.585798
tRNA-Val-AAC-3-1|acceptor_stem_3p|part1	8	8	3.12426	0.390532	0.390532
tRNA-Val-AAC-3-1|t_arm|part1	17	17	6.63904	0.390532	0.390532
tRNA-Val-AAC-3-1|variable_region|part1	5	5	1.95266	0.390532	0.390532
tRNA-Val-AAC-3-1|anticodon_arm|part1	17	17	6.05325	0.356073	0.356073
tRNA-Val-AAC-3-1|anticodon|part1	3	3	1.1716	0.390532	0.390532
tRNA-Val-AAC-3-1|d_arm|part1	19	19	3.71005	0.195266	0.195266
tRNA-Val-AAC-3-1|acceptor_stem_5p|part1	7	7	1.36686	0.195266	0.195266
tRNA-Phe-GAA-7-1|acceptor_stem_5p|part1	7	7	0	0	0
tRNA-Phe-GAA-7-1|d_arm|part1	19	19	0	0	0
tRNA-Phe-GAA-7-1|anticodon_arm|part1	11	11	0	0	0
tRNA-Phe-GAA-7-1|anticodon|part1	3	3	0	0	0
tRNA-Phe-GAA-7-1|intron|part1	3	3	0	0	0
tRNA-Phe-GAA-7-1|anticodon_arm|part2	6	6	0	0	0
tRNA-Phe-GAA-7-1|variable_region|part1	5	5	0	0	0
tRNA-Phe-GAA-7-1|t_arm|part1	17	17	0	0	0
tRNA-Phe-GAA-7-1|acceptor_stem_3p|part1	8	8	0	0	0
tRNA-Ile-AAT-8-1|acceptor_stem_5p|part1	7	7	0.683431	0.097633	0.097633
tRNA-Ile-AAT-8-1|d_arm|part1	19	19	1.85503	0.097633	0.097633
tRNA-Ile-AAT-8-1|anticodon_arm|part1	17	17	1.65976	0.097633	0.097633
tRNA-Ile-AAT-8-1|anticodon|part1	3	3	0.292899	0.097633	0.097633
tRNA-Ile-AAT-8-1|variable_region|part1	6	6	0.585798	0.097633	0.097633
tRNA-Ile-AAT-8-1|t_arm|part1	17	17	1.65976	0.097633	0.097633
tRNA-Ile-AAT-8-1|acceptor_stem_3p|part1	8	8	0.781064	0.097633	0.097633
tRNA-Arg-ACG-2-4|acceptor_stem_3p|part1	8	8	0.097633	0.0122041	0.0122041
tRNA-Arg-ACG-2-4|t_arm|part1	17	17	1.65976	0.097633	0.097633
tRNA-Arg-ACG-2-4|variable_region|part1	5	5	0.488165	0.097633	0.097633
tRNA-Arg-ACG-2-4|anticodon_arm|part1	17	17	1.65976	0.097633	0.097633
tRNA-Arg-ACG-2-4|anticodon|part1	3	3	0.292899	0.097633	0.097633
tRNA-Arg-ACG-2-4|d_arm|part1	19	19	1.85503	0.097633	0.097633
tRNA-Arg-ACG-2-4|acceptor_stem_5p|part1	7	7	0.683431	0.097633	0.097633
tRNA-Ser-CGA-3-1|acceptor_stem_3p|part1	8	8	10.1538	1.26923	1.26923
tRNA-Ser-CGA-3-1|t_arm|part1	17	17	21.5769	1.26923	1.26923
tRNA-Ser-CGA-3-1|variable_region|part1	14	14	17.7692	1.26923	1.26923
tRNA-Ser-CGA-3-1|anticodon_arm|part1	17	17	21.5769	1.26923	1.26923
tRNA-Ser-CGA-3-1|anticodon|part1	3	3	3.80769	1.26923	1.26923
tRNA-Ser-CGA-3-1|d_arm|part1	19	19	24.7011	1.30006	1.30006
tRNA-Ser-CGA-3-1|acceptor_stem_5p|part1	7	7	10.2515	1.46449	1.46449
tRNA-Val-AAC-4-1|acceptor_stem_3p|part1	8	8	0	0	0
tRNA-Val-AAC-4-1|t_arm|part1	17	17	0	0	0
tRNA-Val-AAC-4-1|variable_region|part1	5	5	0	0	0
tRNA-Val-AAC-4-1|anticodon_arm|part1	17	17	0	0	0
tRNA-Val-AAC-4-1|anticodon|part1	3	3	0	0	0
tRNA-Val-AAC-4-1|d_arm|part1	19	19	0	0	0
tRNA-Val-AAC-4-1|acceptor_stem_5p|part1	7	7	0	0	0
tRNA-Thr-AGT-2-2|acceptor_stem_3p|part1	8	8	12.497	1.56213	1.56213
tRNA-Thr-AGT-2-2|t_arm|part1	17	17	26.5562	1.56213	1.56213
tRNA-Thr-AGT-2-2|variable_region|part1	6	6	8.20117	1.36686	1.36686
tRNA-Thr-AGT-2-2|anticodon_arm|part1	17	17	21.5769	1.26923	1.26923
tRNA-Thr-AGT-2-2|anticodon|part1	3	3	3.80769	1.26923	1.26923
tRNA-Thr-AGT-2-2|d_arm|part1	19	19	24.1153	1.26923	1.26923
tRNA-Thr-AGT-2-2|acceptor_stem_5p|part1	7	7	8.8846	1.26923	1.26923
tRNA-Ile-AAT-2-1|acceptor_stem_5p|part1	7	7	10.9349	1.56213	1.56213
tRNA-Ile-AAT-2-1|d_arm|part1	19	19	29.6804	1.56213	1.56213
tRNA-Ile-AAT-2-1|anticodon_arm|part1	17	17	27.4349	1.61382	1.61382
tRNA-Ile-AAT-2-1|anticodon|part1	3	3	4.88165	1.62722	1.62722
tRNA-Ile-AAT-2-1|variable_region|part1	6	6	9.95856	1.65976	1.65976
tRNA-Ile-AAT-2-1|t_arm|part1	17	17	28.2159	1.65976	1.65976
tRNA-Ile-AAT-2-1|acceptor_stem_3p|part1	8	8	13.2781	1.65976	1.65976
tRNA-Leu-TAA-2-1|acceptor_stem_3p|part1	8	8	0	0	0
tRNA-Leu-TAA-2-1|t_arm|part1	17	17	0	0	0
tRNA-Leu-TAA-2-1|variable_region|part1	15	15	0	0	0
tRNA-Leu-TAA-2-1|anticodon_arm|part1	17	17	0	0	0
tRNA-Leu-TAA-2-1|anticodon|part1	3	3	0	0	0
tRNA-Leu-TAA-2-1|d_arm|part1	19	19	0	0	0
tRNA-Leu-TAA-2-1|acceptor_stem_5p|part1	7	7	0	0	0
tRNA-Thr-AGT-4-1|acceptor_stem_5p|part1	7	7	0	0	0
tRNA-Thr-AGT-4-1|d_arm|part1	19	19	0	0	0
tRNA-Thr-AGT-4-1|anticodon_arm|part1	17	17	0	0	0
tRNA-Thr-AGT-4-1|anticodon|part1	3	3	0	0	0
tRNA-Thr-AGT-4-1|variable_region|part1	6	6	0	0	0
tRNA-Thr-AGT-4-1|t_arm|part1	17	17	0	0	0
tRNA-Thr-AGT-4-1|acceptor_stem_3p|part1	8	8	0	0	0
tRNA-Val-AAC-1-5|acceptor_stem_3p|part1	8	8	2.34319	0.292899	0.292899
tRNA-Val-AAC-1-5|t_arm|part1	17	17	5.56508	0.327358	0.327358
tRNA-Val-AAC-1-5|variable_region|part1	5	5	2.44082	0.488165	0.488165
tRNA-Val-AAC-1-5|anticodon_arm|part1	17	17	8.2988	0.488165	0.488165
tRNA-Val-AAC-1-5|anticodon|part1	3	3	1.46449	0.488165	0.488165
tRNA-Val-AAC-1-5|d_arm|part1	19	19	9.27513	0.488165	0.488165
tRNA-Val-AAC-1-5|acceptor_stem_5p|part1	7	7	3.31952	0.474217	0.474217
tRNA-iMet-CAT-2-1|acceptor_stem_5p|part1	7	7	0	0	0
tRNA-iMet-CAT-2-1|d_arm|part1	19	19	0	0	0
tRNA-iMet-CAT-2-1|anticodon_arm|part1	17	17	0	0	0
tRNA-iMet-CAT-2-1|anticodon|part1	3	3	0	0	0
tRNA-iMet-CAT-2-1|variable_region|part1	4	4	0	0	0
tRNA-iMet-CAT-2-1|t_arm|part1	17	17	0	0	0
tRNA-iMet-CAT-2-1|acceptor_stem_3p|part1	8	8	0	0	0
tRNA-Gln-CTG-6-1|acceptor_stem_3p|part1	8	8	5.46745	0.683431	0.683431
tRNA-Gln-CTG-6-1|t_arm|part1	17	17	13.3757	0.786807	0.786807
tRNA-Gln-CTG-6-1|variable_region|part1	4	4	3.51479	0.878697	0.878697
tRNA-Gln-CTG-6-1|anticodon_arm|part1	17	17	14.9378	0.878697	0.878697
tRNA-Gln-CTG-6-1|anticodon|part1	3	3	2.63609	0.878697	0.878697
tRNA-Gln-CTG-6-1|d_arm|part1	19	19	16.6952	0.878697	0.878697
tRNA-Gln-CTG-6-1|acceptor_stem_5p|part1	7	7	5.56508	0.795011	0.795011
tRNA-Gln-TTG-3-3|acceptor_stem_3p|part1	8	8	2.34319	0.292899	0.292899
tRNA-Gln-TTG-3-3|t_arm|part1	17	17	4.97928	0.292899	0.292899
tRNA-Gln-TTG-3-3|variable_region|part1	4	4	1.1716	0.292899	0.292899
tRNA-Gln-TTG-3-3|anticodon_arm|part1	17	17	4.97928	0.292899	0.292899
tRNA-Gln-TTG-3-3|anticodon|part1	3	3	0.878697	0.292899	0.292899
tRNA-Gln-TTG-3-3|d_arm|part1	19	19	5.95561	0.313453	0.313453
tRNA-Gln-TTG-3-3|acceptor_stem_5p|part1	7	7	2.73372	0.390532	0.390532
tRNA-iMet-CAT-1-7|acceptor_stem_3p|part1	8	8	1.56213	0.195266	0.195266
tRNA-iMet-CAT-1-7|t_arm|part1	17	17	3.31952	0.195266	0.195266
tRNA-iMet-CAT-1-7|variable_region|part1	4	4	0.781064	0.195266	0.195266
tRNA-iMet-CAT-1-7|anticodon_arm|part1	17	17	4.88165	0.287156	0.287156
tRNA-iMet-CAT-1-7|anticodon|part1	3	3	0.878697	0.292899	0.292899
tRNA-iMet-CAT-1-7|d_arm|part1	19	19	5.56508	0.292899	0.292899
tRNA-iMet-CAT-1-7|acceptor_stem_5p|part1	7	7	2.05029	0.292899	0.292899
tRNA-Gly-GCC-2-3|acceptor_stem_3p|part1	8	8	8.5917	1.07396	1.07396
tRNA-Gly-GCC-2-3|t_arm|part1	17	17	19.2337	1.13139	1.13139
tRNA-Gly-GCC-2-3|variable_region|part1	3	3	3.51479	1.1716	1.1716
tRNA-Gly-GCC-2-3|anticodon_arm|part1	17	17	19.9171	1.1716	1.1716
tRNA-Gly-GCC-2-3|anticodon|part1	3	3	3.51479	1.1716	1.1716
tRNA-Gly-GCC-2-3|d_arm|part1	19	19	22.2603	1.1716	1.1716
tRNA-Gly-GCC-2-3|acceptor_stem_5p|part1	7	7	6.44378	0.92054	0.92054
tRNA-Ser-GCT-5-1|acceptor_stem_5p|part1	7	7	4.78402	0.683431	0.683431
tRNA-Ser-GCT-5-1|d_arm|part1	19	19	12.9852	0.683431	0.683431
tRNA-Ser-GCT-5-1|anticodon_arm|part1	17	17	10.9349	0.643229	0.643229
tRNA-Ser-GCT-5-1|anticodon|part1	3	3	2.05029	0.683431	0.683431
tRNA-Ser-GCT-5-1|variable_region|part1	14	14	8.20117	0.585798	0.585798
tRNA-Ser-GCT-5-1|t_arm|part1	17	17	9.95856	0.585798	0.585798
tRNA-Ser-GCT-5-1|acceptor_stem_3p|part1	8	8	4.68638	0.585798	0.585798
tRNA-Thr-TGT-1-1|acceptor_stem_3p|part1	8	8	5.46745	0.683431	0.683431
tRNA-Thr-TGT-1-1|t_arm|part1	17	17	11.6183	0.683431	0.683431
tRNA-Thr-TGT-1-1|variable_region|part1	6	6	4.10059	0.683431	0.683431
tRNA-Thr-TGT-1-1|anticodon_arm|part1	17	17	11.6183	0.683431	0.683431
tRNA-Thr-TGT-1-1|anticodon|part1	3	3	2.05029	0.683431	0.683431
tRNA-Thr-TGT-1-1|d_arm|part1	19	19	12.9852	0.683431	0.683431
tRNA-Thr-TGT-1-1|acceptor_stem_5p|part1	7	7	4.78402	0.683431	0.683431
tRNA-Leu-AAG-4-1|acceptor_stem_3p|part1	8	8	0.683431	0.0854289	0.0854289
tRNA-Leu-AAG-4-1|t_arm|part1	17	17	1.65976	0.097633	0.097633
tRNA-Leu-AAG-4-1|variable_region|part1	14	14	1.36686	0.097633	0.097633
tRNA-Leu-AAG-4-1|anticodon_arm|part1	17	17	1.65976	0.097633	0.097633
tRNA-Leu-AAG-4-1|anticodon|part1	3	3	0.292899	0.097633	0.097633
tRNA-Leu-AAG-4-1|d_arm|part1	19	19	1.85503	0.097633	0.097633
tRNA-Leu-AAG-4-1|acceptor_stem_5p|part1	7	7	0.683431	0.097633	0.097633
tRX-Met-NNN-1-1|acceptor_stem_5p|part1	7	7	0	0	0
tRX-Met-NNN-1-1|d_arm|part1	19	19	0	0	0
tRX-Met-NNN-1-1|anticodon_arm|part1	17	17	0	0	0
tRX-Met-NNN-1-1|anticodon|part1	3	3	0	0	0
tRX-Met-NNN-1-1|variable_region|part1	5	5	0	0	0
tRX-Met-NNN-1-1|t_arm|part1	17	17	0	0	0
tRX-Met-NNN-1-1|acceptor_stem_3p|part1	8	8	0	0	0
tRNA-Thr-CGT-1-1|acceptor_stem_3p|part1	8	8	0	0	0
tRNA-Thr-CGT-1-1|t_arm|part1	17	17	0	0	0
tRNA-Thr-CGT-1-1|variable_region|part1	6	6	0	0	0
tRNA-Thr-CGT-1-1|anticodon_arm|part1	17	17	0	0	0
tRNA-Thr-CGT-1-1|anticodon|part1	3	3	0	0	0
tRNA-Thr-CGT-1-1|d_arm|part1	19	19	0	0	0
tRNA-Thr-CGT-1-1|acceptor_stem_5p|part1	7	7	0	0	0
tRNA-Ile-TAT-3-1|acceptor_stem_5p|part1	7	7	6.15088	0.878697	0.878697
tRNA-Ile-TAT-3-1|d_arm|part1	19	19	16.6952	0.878697	0.878697
tRNA-Ile-TAT-3-1|anticodon_arm|part1	12	12	10.9349	0.911241	0.911241
tRNA-Ile-TAT-3-1|anticodon|part1	3	3	2.83136	0.943786	0.943786
tRNA-Ile-TAT-3-1|intron|part1	20	20	19.5266	0.97633	0.97633
tRNA-Ile-TAT-3-1|anticodon_arm|part2	5	5	4.88165	0.97633	0.97633
tRNA-Ile-TAT-3-1|variable_region|part1	6	6	5.85798	0.97633	0.97633
tRNA-Ile-TAT-3-1|t_arm|part1	17	17	16.5976	0.97633	0.97633
tRNA-Ile-TAT-3-1|acceptor_stem_3p|part1	8	8	7.81064	0.97633	0.97633
tRNA-Arg-TCG-5-1|acceptor_stem_3p|part1	8	8	14.0591	1.75739	1.75739
tRNA-Arg-TCG-5-1|t_arm|part1	17	17	25.4822	1.49895	1.49895
tRNA-Arg-TCG-5-1|variable_region|part1	5	5	7.32247	1.46449	1.46449
tRNA-Arg-TCG-5-1|anticodon_arm|part1	17	17	24.8964	1.46449	1.46449
tRNA-Arg-TCG-5-1|anticodon|part1	3	3	4.39348	1.46449	1.46449
tRNA-Arg-TCG-5-1|d_arm|part1	19	19	26.6538	1.40283	1.40283
tRNA-Arg-TCG-5-1|acceptor_stem_5p|part1	7	7	8.8846	1.26923	1.26923
tRNA-Gln-TTG-2-1|acceptor_stem_5p|part1	7	7	5.46745	0.781064	0.781064
tRNA-Gln-TTG-2-1|d_arm|part1	19	19	14.8402	0.781064	0.781064
tRNA-Gln-TTG-2-1|anticodon_arm|part1	17	17	13.2781	0.781064	0.781064
tRNA-Gln-TTG-2-1|anticodon|part1	3	3	2.34319	0.781064	0.781064
tRNA-Gln-TTG-2-1|variable_region|part1	4	4	3.31952	0.82988	0.82988
tRNA-Gln-TTG-2-1|t_arm|part1	17	17	14.9378	0.878697	0.878697
tRNA-Gln-TTG-2-1|acceptor_stem_3p|part1	8	8	7.02957	0.878697	0.878697
tRNA-Ser-GCT-4-1|acceptor_stem_3p|part1	8	8	3.12426	0.390532	0.390532
tRNA-Ser-GCT-4-1|t_arm|part1	17	17	6.63904	0.390532	0.390532
tRNA-Ser-GCT-4-1|variable_region|part1	14	14	5.46745	0.390532	0.390532
tRNA-Ser-GCT-4-1|anticodon_arm|part1	17	17	6.63904	0.390532	0.390532
tRNA-Ser-GCT-4-1|anticodon|part1	3	3	1.1716	0.390532	0.390532
tRNA-Ser-GCT-4-1|d_arm|part1	19	19	7.42011	0.390532	0.390532
tRNA-Ser-GCT-4-1|acceptor_stem_5p|part1	7	7	2.73372	0.390532	0.390532
tRNA-Ala-AGC-3-1|acceptor_stem_5p|part1	7	7	7.51774	1.07396	1.07396
tRNA-Ala-AGC-3-1|d_arm|part1	19	19	21.1864	1.11507	1.11507
tRNA-Ala-AGC-3-1|anticodon_arm|part1	17	17	19.9171	1.1716	1.1716
tRNA-Ala-AGC-3-1|anticodon|part1	3	3	3.51479	1.1716	1.1716
tRNA-Ala-AGC-3-1|variable_region|part1	4	4	4.68638	1.1716	1.1716
tRNA-Ala-AGC-3-1|t_arm|part1	17	17	19.9171	1.1716	1.1716
tRNA-Ala-AGC-3-1|acceptor_stem_3p|part1	8	8	8.5917	1.07396	1.07396
tRNA-Ala-TGC-9-1|acceptor_stem_3p|part1	8	8	0	0	0
tRNA-Ala-TGC-9-1|t_arm|part1	17	17	0	0	0
tRNA-Ala-TGC-9-1|variable_region|part1	5	5	0	0	0
tRNA-Ala-TGC-9-1|anticodon_arm|part1	17	17	0	0	0
tRNA-Ala-TGC-9-1|anticodon|part1	3	3	0	0	0
tRNA-Ala-TGC-9-1|d_arm|part1	19	19	0	0	0
tRNA-Ala-TGC-9-1|acceptor_stem_5p|part1	7	7	0	0	0
tRNA-Ala-TGC-2-1|acceptor_stem_5p|part1	7	7	3.41715	0.488165	0.488165
tRNA-Ala-TGC-2-1|d_arm|part1	19	19	9.27513	0.488165	0.488165
tRNA-Ala-TGC-2-1|anticodon_arm|part1	17	17	9.66567	0.568569	0.568569
tRNA-Ala-TGC-2-1|anticodon|part1	3	3	1.75739	0.585798	0.585798
tRNA-Ala-TGC-2-1|variable_region|part1	4	4	2.34319	0.585798	0.585798
tRNA-Ala-TGC-2-1|t_arm|part1	17	17	9.95856	0.585798	0.585798
tRNA-Ala-TGC-2-1|acceptor_stem_3p|part1	8	8	4.68638	0.585798	0.585798
tRNA-Thr-CGT-3-1|acceptor_stem_3p|part1	8	8	1.56213	0.195266	0.195266
tRNA-Thr-CGT-3-1|t_arm|part1	17	17	3.31952	0.195266	0.195266
tRNA-Thr-CGT-3-1|variable_region|part1	6	6	1.1716	0.195266	0.195266
tRNA-Thr-CGT-3-1|anticodon_arm|part1	17	17	3.31952	0.195266	0.195266
tRNA-Thr-CGT-3-1|anticodon|part1	3	3	0.585798	0.195266	0.195266
tRNA-Thr-CGT-3-1|d_arm|part1	19	19	3.71005	0.195266	0.195266
tRNA-Thr-CGT-3-1|acceptor_stem_5p|part1	7	7	1.36686	0.195266	0.195266
tRNA-Ala-AGC-4-1|acceptor_stem_3p|part1	8	8	0	0	0
tRNA-Ala-AGC-4-1|t_arm|part1	17	17	0	0	0
tRNA-Ala-AGC-4-1|variable_region|part1	4	4	0	0	0
tRNA-Ala-AGC-4-1|anticodon_arm|part1	17	17	0.878697	0.0516881	0.0516881
tRNA-Ala-AGC-4-1|anticodon|part1	3	3	0.195266	0.0650887	0.0650887
tRNA-Ala-AGC-4-1|d_arm|part1	19	19	1.85503	0.097633	0.097633
tRNA-Ala-AGC-4-1|acceptor_stem_5p|part1	7	7	0.683431	0.097633	0.097633
tRNA-Ala-CGC-2-1|acceptor_stem_3p|part1	8	8	3.12426	0.390532	0.390532
tRNA-Ala-CGC-2-1|t_arm|part1	17	17	6.63904	0.390532	0.390532
tRNA-Ala-CGC-2-1|variable_region|part1	4	4	1.56213	0.390532	0.390532
tRNA-Ala-CGC-2-1|anticodon_arm|part1	17	17	6.63904	0.390532	0.390532
tRNA-Ala-CGC-2-1|anticodon|part1	3	3	1.1716	0.390532	0.390532
tRNA-Ala-CGC-2-1|d_arm|part1	19	19	7.42011	0.390532	0.390532
tRNA-Ala-CGC-2-1|acceptor_stem_5p|part1	7	7	2.73372	0.390532	0.390532
tRNA-Lys-TTT-13-1|acceptor_stem_3p|part1	8	8	0	0	0
tRNA-Lys-TTT-13-1|t_arm|part1	17	17	0	0	0
tRNA-Lys-TTT-13-1|variable_region|part1	6	6	0	0	0
tRNA-Lys-TTT-13-1|anticodon_arm|part1	17	17	0	0	0
tRNA-Lys-TTT-13-1|anticodon|part1	3	3	0	0	0
tRNA-Lys-TTT-13-1|d_arm|part1	19	19	0.292899	0.0154157	0.0154157
tRNA-Lys-TTT-13-1|acceptor_stem_5p|part1	7	7	0.683431	0.097633	0.097633
tRNA-Ala-AGC-5-1|acceptor_stem_5p|part1	7	7	4.10059	0.585798	0.585798
tRNA-Ala-AGC-5-1|d_arm|part1	19	19	11.1302	0.585798	0.585798
tRNA-Ala-AGC-5-1|anticodon_arm|part1	17	17	9.1775	0.539853	0.539853
tRNA-Ala-AGC-5-1|anticodon|part1	3	3	1.65976	0.553254	0.553254
tRNA-Ala-AGC-5-1|variable_region|part1	4	4	1.95266	0.488165	0.488165
tRNA-Ala-AGC-5-1|t_arm|part1	17	17	8.2988	0.488165	0.488165
tRNA-Ala-AGC-5-1|acceptor_stem_3p|part1	8	8	3.90532	0.488165	0.488165
tRNA-Ala-AGC-7-1|acceptor_stem_5p|part1	7	7	1.36686	0.195266	0.195266
tRNA-Ala-AGC-7-1|d_arm|part1	19	19	3.71005	0.195266	0.195266
tRNA-Ala-AGC-7-1|anticodon_arm|part1	17	17	3.31952	0.195266	0.195266
tRNA-Ala-AGC-7-1|anticodon|part1	3	3	0.585798	0.195266	0.195266
tRNA-Ala-AGC-7-1|variable_region|part1	4	4	0.781064	0.195266	0.195266
tRNA-Ala-AGC-7-1|t_arm|part1	17	17	3.31952	0.195266	0.195266
tRNA-Ala-AGC-7-1|acceptor_stem_3p|part1	8	8	1.56213	0.195266	0.195266
tRNA-Thr-AGT-3-1|acceptor_stem_5p|part1	7	7	0	0	0
tRNA-Thr-AGT-3-1|d_arm|part1	19	19	0	0	0
tRNA-Thr-AGT-3-1|anticodon_arm|part1	17	17	0	0	0
tRNA-Thr-AGT-3-1|anticodon|part1	3	3	0	0	0
tRNA-Thr-AGT-3-1|variable_region|part1	6	6	0	0	0
tRNA-Thr-AGT-3-1|t_arm|part1	17	17	0	0	0
tRNA-Thr-AGT-3-1|acceptor_stem_3p|part1	8	8	0	0	0
tRNA-Phe-GAA-11-1|acceptor_stem_3p|part1	8	8	0	0	0
tRNA-Phe-GAA-11-1|t_arm|part1	17	17	0	0	0
tRNA-Phe-GAA-11-1|variable_region|part1	5	5	0	0	0
tRNA-Phe-GAA-11-1|anticodon_arm|part1	17	17	0	0	0
tRNA-Phe-GAA-11-1|anticodon|part1	3	3	0	0	0
tRNA-Phe-GAA-11-1|d_arm|part1	19	19	0	0	0
tRNA-Phe-GAA-11-1|acceptor_stem_5p|part1	7	7	0	0	0
tRNA-Ala-CGC-4-1|acceptor_stem_5p|part1	7	7	1.36686	0.195266	0.195266
tRNA-Ala-CGC-4-1|d_arm|part1	19	19	3.71005	0.195266	0.195266
tRNA-Ala-CGC-4-1|anticodon_arm|part1	17	17	3.31952	0.195266	0.195266
tRNA-Ala-CGC-4-1|anticodon|part1	3	3	0.585798	0.195266	0.195266
tRNA-Ala-CGC-4-1|variable_region|part1	4	4	0.781064	0.195266	0.195266
tRNA-Ala-CGC-4-1|t_arm|part1	17	17	3.80769	0.223982	0.223982
tRNA-Ala-CGC-4-1|acceptor_stem_3p|part1	8	8	2.34319	0.292899	0.292899
tRNA-Arg-CCG-1-1|acceptor_stem_3p|part1	8	8	0	0	0
tRNA-Arg-CCG-1-1|t_arm|part1	17	17	0.292899	0.0172294	0.0172294
tRNA-Arg-CCG-1-1|variable_region|part1	5	5	0.488165	0.097633	0.097633
tRNA-Arg-CCG-1-1|anticodon_arm|part1	17	17	1.65976	0.097633	0.097633
tRNA-Arg-CCG-1-1|anticodon|part1	3	3	0.292899	0.097633	0.097633
tRNA-Arg-CCG-1-1|d_arm|part1	19	19	1.85503	0.097633	0.097633
tRNA-Arg-CCG-1-1|acceptor_stem_5p|part1	7	7	0.781064	0.111581	0.111581
tRNA-Lys-TTT-7-1|acceptor_stem_5p|part1	7	7	8.20117	1.1716	1.1716
tRNA-Lys-TTT-7-1|d_arm|part1	19	19	22.2603	1.1716	1.1716
tRNA-Lys-TTT-7-1|anticodon_arm|part1	17	17	18.6479	1.09694	1.09694
tRNA-Lys-TTT-7-1|anticodon|part1	3	3	3.22189	1.07396	1.07396
tRNA-Lys-TTT-7-1|variable_region|part1	5	5	5.36981	1.07396	1.07396
tRNA-Lys-TTT-7-1|t_arm|part1	17	17	18.2574	1.07396	1.07396
tRNA-Lys-TTT-7-1|acceptor_stem_3p|part1	8	8	8.5917	1.07396	1.07396
tRNA-Ala-TGC-6-1|acceptor_stem_3p|part1	8	8	2.34319	0.292899	0.292899
tRNA-Ala-TGC-6-1|t_arm|part1	17	17	6.44378	0.379046	0.379046
tRNA-Ala-TGC-6-1|variable_region|part1	4	4	1.56213	0.390532	0.390532
tRNA-Ala-TGC-6-1|anticodon_arm|part1	17	17	6.63904	0.390532	0.390532
tRNA-Ala-TGC-6-1|anticodon|part1	3	3	1.1716	0.390532	0.390532
tRNA-Ala-TGC-6-1|d_arm|part1	19	19	7.42011	0.390532	0.390532
tRNA-Ala-TGC-6-1|acceptor_stem_5p|part1	7	7	2.73372	0.390532	0.390532
tRNA-Phe-GAA-6-1|acceptor_stem_3p|part1	8	8	0	0	0
tRNA-Phe-GAA-6-1|t_arm|part1	17	17	0	0	0
tRNA-Phe-GAA-6-1|variable_region|part1	6	6	0	0	0
tRNA-Phe-GAA-6-1|anticodon_arm|part1	17	17	0	0	0
tRNA-Phe-GAA-6-1|anticodon|part1	3	3	0	0	0
tRNA-Phe-GAA-6-1|d_arm|part1	19	19	0	0	0
tRNA-Phe-GAA-6-1|acceptor_stem_5p|part1	7	7	0	0	0
tRNA-Ala-AGC-23-1|acceptor_stem_3p|part1	8	8	0	0	0
tRNA-Ala-AGC-23-1|t_arm|part1	17	17	0	0	0
tRNA-Ala-AGC-23-1|variable_region|part1	4	4	0	0	0
tRNA-Ala-AGC-23-1|anticodon_arm|part1	17	17	0	0	0
tRNA-Ala-AGC-23-1|anticodon|part1	3	3	0	0	0
tRNA-Ala-AGC-23-1|d_arm|part1	19	19	0	0	0
tRNA-Ala-AGC-23-1|acceptor_stem_5p|part1	7	7	0	0	0
tRNA-Ala-TGC-1-1|acceptor_stem_3p|part1	8	8	0.781064	0.097633	0.097633
tRNA-Ala-TGC-1-1|t_arm|part1	17	17	1.65976	0.097633	0.097633
tRNA-Ala-TGC-1-1|variable_region|part1	4	4	0.390532	0.097633	0.097633
tRNA-Ala-TGC-1-1|anticodon_arm|part1	17	17	1.65976	0.097633	0.097633
tRNA-Ala-TGC-1-1|anticodon|part1	3	3	0.292899	0.097633	0.097633
tRNA-Ala-TGC-1-1|d_arm|part1	19	19	2.92899	0.154157	0.154157
tRNA-Ala-TGC-1-1|acceptor_stem_5p|part1	7	7	1.36686	0.195266	0.195266
tRNA-Phe-GAA-1-1|acceptor_stem_3p|part1	8	8	5.46745	0.683431	0.683431
tRNA-Phe-GAA-1-1|t_arm|part1	17	17	11.6183	0.683431	0.683431
tRNA-Phe-GAA-1-1|variable_region|part1	5	5	3.41715	0.683431	0.683431
tRNA-Phe-GAA-1-1|anticodon_arm|part1	17	17	11.6183	0.683431	0.683431
tRNA-Phe-GAA-1-1|anticodon|part1	3	3	2.05029	0.683431	0.683431
tRNA-Phe-GAA-1-1|d_arm|part1	19	19	12.9852	0.683431	0.683431
tRNA-Phe-GAA-1-1|acceptor_stem_5p|part1	7	7	4.78402	0.683431	0.683431
tRNA-Ala-AGC-1-1|acceptor_stem_3p|part1	8	8	3.12426	0.390532	0.390532
tRNA-Ala-AGC-1-1|t_arm|part1	17	17	6.63904	0.390532	0.390532
tRNA-Ala-AGC-1-1|variable_region|part1	4	4	1.56213	0.390532	0.390532
tRNA-Ala-AGC-1-1|anticodon_arm|part1	17	17	6.63904	0.390532	0.390532
tRNA-Ala-AGC-1-1|anticodon|part1	3	3	1.1716	0.390532	0.390532
tRNA-Ala-AGC-1-1|d_arm|part1	19	19	8.39644	0.441918	0.441918
tRNA-Ala-AGC-1-1|acceptor_stem_5p|part1	7	7	4.10059	0.585798	0.585798
tRNA-Ala-TGC-7-1|acceptor_stem_3p|part1	8	8	3.12426	0.390532	0.390532
tRNA-Ala-TGC-7-1|t_arm|part1	17	17	6.63904	0.390532	0.390532
tRNA-Ala-TGC-7-1|variable_region|part1	3	3	1.1716	0.390532	0.390532
tRNA-Ala-TGC-7-1|anticodon_arm|part1	17	17	6.63904	0.390532	0.390532
tRNA-Ala-TGC-7-1|anticodon|part1	3	3	1.1716	0.390532	0.390532
tRNA-Ala-TGC-7-1|d_arm|part1	19	19	7.42011	0.390532	0.390532
tRNA-Ala-TGC-7-1|acceptor_stem_5p|part1	7	7	2.73372	0.390532	0.390532
tRNA-Phe-GAA-3-1|acceptor_stem_3p|part1	8	8	3.12426	0.390532	0.390532
tRNA-Phe-GAA-3-1|t_arm|part1	17	17	6.63904	0.390532	0.390532
tRNA-Phe-GAA-3-1|variable_region|part1	5	5	1.95266	0.390532	0.390532
tRNA-Phe-GAA-3-1|anticodon_arm|part1	17	17	7.22484	0.424991	0.424991
tRNA-Phe-GAA-3-1|anticodon|part1	3	3	1.1716	0.390532	0.390532
tRNA-Phe-GAA-3-1|d_arm|part1	19	19	9.27513	0.488165	0.488165
tRNA-Phe-GAA-3-1|acceptor_stem_5p|part1	7	7	3.41715	0.488165	0.488165
tRNA-Ala-AGC-6-1|acceptor_stem_3p|part1	8	8	1.56213	0.195266	0.195266
tRNA-Ala-AGC-6-1|t_arm|part1	17	17	3.31952	0.195266	0.195266
tRNA-Ala-AGC-6-1|variable_region|part1	4	4	0.781064	0.195266	0.195266
tRNA-Ala-AGC-6-1|anticodon_arm|part1	17	17	3.31952	0.195266	0.195266
tRNA-Ala-AGC-6-1|anticodon|part1	3	3	0.585798	0.195266	0.195266
tRNA-Ala-AGC-6-1|d_arm|part1	19	19	2.44082	0.128464	0.128464
tRNA-Ala-AGC-6-1|acceptor_stem_5p|part1	7	7	0.683431	0.097633	0.097633
tRNA-Ala-TGC-5-1|acceptor_stem_3p|part1	8	8	3.12426	0.390532	0.390532
tRNA-Ala-TGC-5-1|t_arm|part1	17	17	6.63904	0.390532	0.390532
tRNA-Ala-TGC-5-1|variable_region|part1	4	4	1.56213	0.390532	0.390532
tRNA-Ala-TGC-5-1|anticodon_arm|part1	17	17	5.95561	0.35033	0.35033
tRNA-Ala-TGC-5-1|anticodon|part1	3	3	1.1716	0.390532	0.390532
tRNA-Ala-TGC-5-1|d_arm|part1	19	19	5.56508	0.292899	0.292899
tRNA-Ala-TGC-5-1|acceptor_stem_5p|part1	7	7	2.05029	0.292899	0.292899
tRNA-Phe-GAA-4-1|acceptor_stem_3p|part1	8	8	0	0	0
tRNA-Phe-GAA-4-1|t_arm|part1	17	17	0	0	0
tRNA-Phe-GAA-4-1|variable_region|part1	6	6	0	0	0
tRNA-Phe-GAA-4-1|anticodon_arm|part1	17	17	0	0	0
tRNA-Phe-GAA-4-1|anticodon|part1	3	3	0	0	0
tRNA-Phe-GAA-4-1|d_arm|part1	19	19	0	0	0
tRNA-Phe-GAA-4-1|acceptor_stem_5p|part1	7	7	0	0	0
tRNA-Ala-AGC-2-1|acceptor_stem_3p|part1	8	8	8.5917	1.07396	1.07396
tRNA-Ala-AGC-2-1|t_arm|part1	17	17	18.2574	1.07396	1.07396
tRNA-Ala-AGC-2-1|variable_region|part1	4	4	4.29585	1.07396	1.07396
tRNA-Ala-AGC-2-1|anticodon_arm|part1	17	17	21.3816	1.25774	1.25774
tRNA-Ala-AGC-2-1|anticodon|part1	3	3	3.80769	1.26923	1.26923
tRNA-Ala-AGC-2-1|d_arm|part1	19	19	24.1153	1.26923	1.26923
tRNA-Ala-AGC-2-1|acceptor_stem_5p|part1	7	7	8.8846	1.26923	1.26923
tRNA-Ala-AGC-2-2|acceptor_stem_3p|part1	8	8	3.12426	0.390532	0.390532
tRNA-Ala-AGC-2-2|t_arm|part1	17	17	6.63904	0.390532	0.390532
tRNA-Ala-AGC-2-2|variable_region|part1	4	4	1.56213	0.390532	0.390532
tRNA-Ala-AGC-2-2|anticodon_arm|part1	17	17	6.63904	0.390532	0.390532
tRNA-Ala-AGC-2-2|anticodon|part1	3	3	1.1716	0.390532	0.390532
tRNA-Ala-AGC-2-2|d_arm|part1	19	19	7.42011	0.390532	0.390532
tRNA-Ala-AGC-2-2|acceptor_stem_5p|part1	7	7	2.73372	0.390532	0.390532
tRNA-Arg-CCG-1-2|acceptor_stem_5p|part1	7	7	2.05029	0.292899	0.292899
tRNA-Arg-CCG-1-2|d_arm|part1	19	19	5.56508	0.292899	0.292899
tRNA-Arg-CCG-1-2|anticodon_arm|part1	17	17	4.29585	0.252697	0.252697
tRNA-Arg-CCG-1-2|anticodon|part1	3	3	0.878697	0.292899	0.292899
tRNA-Arg-CCG-1-2|variable_region|part1	5	5	0.97633	0.195266	0.195266
tRNA-Arg-CCG-1-2|t_arm|part1	17	17	3.31952	0.195266	0.195266
tRNA-Arg-CCG-1-2|acceptor_stem_3p|part1	8	8	1.56213	0.195266	0.195266
tRNA-Leu-CAA-1-1|acceptor_stem_3p|part1	8	8	3.90532	0.488165	0.488165
tRNA-Leu-CAA-1-1|t_arm|part1	17	17	8.2988	0.488165	0.488165
tRNA-Leu-CAA-1-1|variable_region|part1	15	15	7.32247	0.488165	0.488165
tRNA-Leu-CAA-1-1|anticodon_arm|part2	5	5	2.44082	0.488165	0.488165
tRNA-Leu-CAA-1-1|intron|part1	23	23	11.2278	0.488165	0.488165
tRNA-Leu-CAA-1-1|anticodon_arm|part1	12	12	5.85798	0.488165	0.488165
tRNA-Leu-CAA-1-1|anticodon|part1	3	3	1.46449	0.488165	0.488165
tRNA-Leu-CAA-1-1|d_arm|part1	19	19	9.27513	0.488165	0.488165
tRNA-Leu-CAA-1-1|acceptor_stem_5p|part1	7	7	5.36981	0.767116	0.767116
tRNA-Leu-CAA-1-2|acceptor_stem_5p|part1	7	7	10.2515	1.46449	1.46449
tRNA-Leu-CAA-1-2|d_arm|part1	19	19	27.8254	1.46449	1.46449
tRNA-Leu-CAA-1-2|anticodon_arm|part1	12	12	17.5739	1.46449	1.46449
tRNA-Leu-CAA-1-2|anticodon|part1	3	3	4.39348	1.46449	1.46449
tRNA-Leu-CAA-1-2|intron|part1	22	22	32.2189	1.46449	1.46449
tRNA-Leu-CAA-1-2|anticodon_arm|part2	5	5	7.32247	1.46449	1.46449
tRNA-Leu-CAA-1-2|variable_region|part1	15	15	23.7248	1.58165	1.58165
tRNA-Leu-CAA-1-2|t_arm|part1	17	17	28.2159	1.65976	1.65976
tRNA-Leu-CAA-1-2|acceptor_stem_3p|part1	8	8	13.2781	1.65976	1.65976
tRNA-Gln-CTG-1-3|acceptor_stem_3p|part1	8	8	11.716	1.46449	1.46449
tRNA-Gln-CTG-1-3|t_arm|part1	17	17	25.0917	1.47598	1.47598
tRNA-Gln-CTG-1-3|variable_region|part1	4	4	6.24851	1.56213	1.56213
tRNA-Gln-CTG-1-3|anticodon_arm|part1	17	17	26.5562	1.56213	1.56213
tRNA-Gln-CTG-1-3|anticodon|part1	3	3	4.68638	1.56213	1.56213
tRNA-Gln-CTG-1-3|d_arm|part1	19	19	29.6804	1.56213	1.56213
tRNA-Gln-CTG-1-3|acceptor_stem_5p|part1	7	7	10.9349	1.56213	1.56213
tRNA-Leu-AAG-2-2|acceptor_stem_3p|part1	8	8	5.07692	0.634614	0.634614
tRNA-Leu-AAG-2-2|t_arm|part1	17	17	11.6183	0.683431	0.683431
tRNA-Leu-AAG-2-2|variable_region|part1	14	14	9.56803	0.683431	0.683431
tRNA-Leu-AAG-2-2|anticodon_arm|part1	17	17	12.0089	0.706403	0.706403
tRNA-Leu-AAG-2-2|anticodon|part1	3	3	2.05029	0.683431	0.683431
tRNA-Leu-AAG-2-2|d_arm|part1	19	19	14.8402	0.781064	0.781064
tRNA-Leu-AAG-2-2|acceptor_stem_5p|part1	7	7	5.46745	0.781064	0.781064
tRNA-Met-CAT-3-1|acceptor_stem_5p|part1	7	7	1.36686	0.195266	0.195266
tRNA-Met-CAT-3-1|d_arm|part1	19	19	3.71005	0.195266	0.195266
tRNA-Met-CAT-3-1|anticodon_arm|part1	17	17	3.31952	0.195266	0.195266
tRNA-Met-CAT-3-1|anticodon|part1	3	3	0.585798	0.195266	0.195266
tRNA-Met-CAT-3-1|variable_region|part1	5	5	0.97633	0.195266	0.195266
tRNA-Met-CAT-3-1|t_arm|part1	17	17	1.75739	0.103376	0.103376
tRNA-Met-CAT-3-1|acceptor_stem_3p|part1	8	8	0.781064	0.097633	0.097633
tRNA-Lys-TTT-3-3|acceptor_stem_5p|part1	7	7	2.05029	0.292899	0.292899
tRNA-Lys-TTT-3-3|d_arm|part1	19	19	5.56508	0.292899	0.292899
tRNA-Lys-TTT-3-3|anticodon_arm|part1	17	17	4.97928	0.292899	0.292899
tRNA-Lys-TTT-3-3|anticodon|part1	3	3	0.878697	0.292899	0.292899
tRNA-Lys-TTT-3-3|variable_region|part1	5	5	2.05029	0.410059	0.410059
tRNA-Lys-TTT-3-3|t_arm|part1	17	17	8.2988	0.488165	0.488165
tRNA-Lys-TTT-3-3|acceptor_stem_3p|part1	8	8	3.90532	0.488165	0.488165
tRNA-Met-CAT-3-2|acceptor_stem_3p|part1	8	8	8.5917	1.07396	1.07396
tRNA-Met-CAT-3-2|t_arm|part1	17	17	12.0089	0.706403	0.706403
tRNA-Met-CAT-3-2|variable_region|part1	5	5	3.41715	0.683431	0.683431
tRNA-Met-CAT-3-2|anticodon_arm|part1	17	17	11.6183	0.683431	0.683431
tRNA-Met-CAT-3-2|anticodon|part1	3	3	2.05029	0.683431	0.683431
tRNA-Met-CAT-3-2|d_arm|part1	19	19	13.6686	0.719401	0.719401
tRNA-Met-CAT-3-2|acceptor_stem_5p|part1	7	7	5.46745	0.781064	0.781064
tRNA-Phe-GAA-1-2|acceptor_stem_3p|part1	8	8	6.24851	0.781064	0.781064
tRNA-Phe-GAA-1-2|t_arm|part1	17	17	13.2781	0.781064	0.781064
tRNA-Phe-GAA-1-2|variable_region|part1	5	5	3.90532	0.781064	0.781064
tRNA-Phe-GAA-1-2|anticodon_arm|part1	17	17	13.2781	0.781064	0.781064
tRNA-Phe-GAA-1-2|anticodon|part1	3	3	2.34319	0.781064	0.781064
tRNA-Phe-GAA-1-2|d_arm|part1	19	19	14.8402	0.781064	0.781064
tRNA-Phe-GAA-1-2|acceptor_stem_5p|part1	7	7	5.46745	0.781064	0.781064
tRNA-Glu-CTC-1-6|acceptor_stem_5p|part1	7	7	8.20117	1.1716	1.1716
tRNA-Glu-CTC-1-6|d_arm|part1	19	19	22.1627	1.16646	1.16646
tRNA-Glu-CTC-1-6|anticodon_arm|part1	17	17	18.2574	1.07396	1.07396
tRNA-Glu-CTC-1-6|anticodon|part1	3	3	3.22189	1.07396	1.07396
tRNA-Glu-CTC-1-6|variable_region|part1	4	4	4.29585	1.07396	1.07396
tRNA-Glu-CTC-1-6|t_arm|part1	17	17	18.2574	1.07396	1.07396
tRNA-Glu-CTC-1-6|acceptor_stem_3p|part1	8	8	8.5917	1.07396	1.07396
tRNA-Leu-AAG-3-1|acceptor_stem_5p|part1	7	7	1.36686	0.195266	0.195266
tRNA-Leu-AAG-3-1|d_arm|part1	19	19	3.71005	0.195266	0.195266
tRNA-Leu-AAG-3-1|anticodon_arm|part1	17	17	3.31952	0.195266	0.195266
tRNA-Leu-AAG-3-1|anticodon|part1	3	3	0.585798	0.195266	0.195266
tRNA-Leu-AAG-3-1|variable_region|part1	14	14	2.73372	0.195266	0.195266
tRNA-Leu-AAG-3-1|t_arm|part1	17	17	3.12426	0.18378	0.18378
tRNA-Leu-AAG-3-1|acceptor_stem_3p|part1	8	8	0.781064	0.097633	0.097633
tRNA-Gln-TTG-10-1|acceptor_stem_5p|part1	7	7	0	0	0
tRNA-Gln-TTG-10-1|d_arm|part1	19	19	0	0	0
tRNA-Gln-TTG-10-1|anticodon_arm|part1	17	17	0	0	0
tRNA-Gln-TTG-10-1|anticodon|part1	3	3	0	0	0
tRNA-Gln-TTG-10-1|variable_region|part1	5	5	0	0	0
tRNA-Gln-TTG-10-1|t_arm|part1	17	17	0	0	0
tRNA-Gln-TTG-10-1|acceptor_stem_3p|part1	8	8	0	0	0
tRNA-Ile-AAT-12-1|acceptor_stem_5p|part1	7	7	0	0	0
tRNA-Ile-AAT-12-1|d_arm|part1	19	19	0	0	0
tRNA-Ile-AAT-12-1|anticodon_arm|part1	17	17	0	0	0
tRNA-Ile-AAT-12-1|anticodon|part1	3	3	0	0	0
tRNA-Ile-AAT-12-1|variable_region|part1	6	6	0	0	0
tRNA-Ile-AAT-12-1|t_arm|part1	17	17	0	0	0
tRNA-Ile-AAT-12-1|acceptor_stem_3p|part1	8	8	0	0	0
tRX-Met-NNN-2-1|acceptor_stem_5p|part1	7	7	0	0	0
tRX-Met-NNN-2-1|d_arm|part1	19	19	0	0	0
tRX-Met-NNN-2-1|anticodon_arm|part1	17	17	0	0	0
tRX-Met-NNN-2-1|anticodon|part1	3	3	0	0	0
tRX-Met-NNN-2-1|variable_region|part1	6	6	0	0	0
tRX-Met-NNN-2-1|t_arm|part1	17	17	0	0	0
tRX-Met-NNN-2-1|acceptor_stem_3p|part1	8	8	0	0	0
tRNA-Ala-AGC-24-1|acceptor_stem_3p|part1	8	8	0	0	0
tRNA-Ala-AGC-24-1|t_arm|part1	17	17	0	0	0
tRNA-Ala-AGC-24-1|variable_region|part1	5	5	0	0	0
tRNA-Ala-AGC-24-1|anticodon_arm|part1	17	17	0	0	0
tRNA-Ala-AGC-24-1|anticodon|part1	3	3	0	0	0
tRNA-Ala-AGC-24-1|d_arm|part1	19	19	0	0	0
tRNA-Ala-AGC-24-1|acceptor_stem_5p|part1	7	7	0	0	0
tRNA-Ile-AAT-1-1|acceptor_stem_5p|part1	7	7	0	0	0
tRNA-Ile-AAT-1-1|d_arm|part1	19	19	0	0	0
tRNA-Ile-AAT-1-1|anticodon_arm|part1	17	17	0	0	0
tRNA-Ile-AAT-1-1|anticodon|part1	3	3	0	0	0
tRNA-Ile-AAT-1-1|variable_region|part1	6	6	0	0	0
tRNA-Ile-AAT-1-1|t_arm|part1	17	17	0	0	0
tRNA-Ile-AAT-1-1|acceptor_stem_3p|part1	8	8	0	0	0
tRNA-Ala-AGC-13-2|acceptor_stem_3p|part1	8	8	0	0	0
tRNA-Ala-AGC-13-2|t_arm|part1	17	17	0	0	0
tRNA-Ala-AGC-13-2|variable_region|part1	5	5	0	0	0
tRNA-Ala-AGC-13-2|anticodon_arm|part1	17	17	0	0	0
tRNA-Ala-AGC-13-2|anticodon|part1	3	3	0	0	0
tRNA-Ala-AGC-13-2|d_arm|part1	19	19	0	0	0
tRNA-Ala-AGC-13-2|acceptor_stem_5p|part1	7	7	0	0	0
tRNA-Met-CAT-7-1|acceptor_stem_3p|part1	8	8	0	0	0
tRNA-Met-CAT-7-1|t_arm|part1	17	17	0	0	0
tRNA-Met-CAT-7-1|variable_region|part1	5	5	0	0	0
tRNA-Met-CAT-7-1|anticodon_arm|part1	17	17	0	0	0
tRNA-Met-CAT-7-1|anticodon|part1	3	3	0	0	0
tRNA-Met-CAT-7-1|d_arm|part1	19	19	0.683431	0.03597	0.03597
tRNA-Met-CAT-7-1|acceptor_stem_5p|part1	7	7	0.683431	0.097633	0.097633
tRNA-Ala-AGC-12-3|acceptor_stem_3p|part1	8	8	0.781064	0.097633	0.097633
tRNA-Ala-AGC-12-3|t_arm|part1	17	17	1.65976	0.097633	0.097633
tRNA-Ala-AGC-12-3|variable_region|part1	5	5	0.488165	0.097633	0.097633
tRNA-Ala-AGC-12-3|anticodon_arm|part1	17	17	1.65976	0.097633	0.097633
tRNA-Ala-AGC-12-3|anticodon|part1	3	3	0.292899	0.097633	0.097633
tRNA-Ala-AGC-12-3|d_arm|part1	19	19	1.85503	0.097633	0.097633
tRNA-Ala-AGC-12-3|acceptor_stem_5p|part1	7	7	0.683431	0.097633	0.097633
tRNA-Ala-AGC-16-1|acceptor_stem_3p|part1	8	8	0	0	0
tRNA-Ala-AGC-16-1|t_arm|part1	17	17	0	0	0
tRNA-Ala-AGC-16-1|variable_region|part1	5	5	0	0	0
tRNA-Ala-AGC-16-1|anticodon_arm|part1	17	17	0	0	0
tRNA-Ala-AGC-16-1|anticodon|part1	3	3	0	0	0
tRNA-Ala-AGC-16-1|d_arm|part1	19	19	0	0	0
tRNA-Ala-AGC-16-1|acceptor_stem_5p|part1	7	7	0	0	0
tRNA-Leu-TAA-5-1|acceptor_stem_5p|part1	7	7	0	0	0
tRNA-Leu-TAA-5-1|d_arm|part1	19	19	0	0	0
tRNA-Leu-TAA-5-1|anticodon_arm|part1	17	17	0	0	0
tRNA-Leu-TAA-5-1|anticodon|part1	3	3	0	0	0
tRNA-Leu-TAA-5-1|variable_region|part1	15	15	0	0	0
tRNA-Leu-TAA-5-1|t_arm|part1	17	17	0	0	0
tRNA-Leu-TAA-5-1|acceptor_stem_3p|part1	8	8	0	0	0
tRNA-Phe-GAA-8-1|acceptor_stem_3p|part1	8	8	0	0	0
tRNA-Phe-GAA-8-1|t_arm|part1	17	17	0	0	0
tRNA-Phe-GAA-8-1|variable_region|part1	5	5	0	0	0
tRNA-Phe-GAA-8-1|anticodon_arm|part1	17	17	0	0	0
tRNA-Phe-GAA-8-1|anticodon|part1	3	3	0	0	0
tRNA-Phe-GAA-8-1|d_arm|part1	19	19	0	0	0
tRNA-Phe-GAA-8-1|acceptor_stem_5p|part1	7	7	0	0	0
tRNA-Glu-CTC-1-7|acceptor_stem_3p|part1	8	8	14.0591	1.75739	1.75739
tRNA-Glu-CTC-1-7|t_arm|part1	17	17	34.855	2.05029	2.05029
tRNA-Glu-CTC-1-7|variable_region|part1	4	4	8.20117	2.05029	2.05029
tRNA-Glu-CTC-1-7|anticodon_arm|part1	17	17	34.855	2.05029	2.05029
tRNA-Glu-CTC-1-7|anticodon|part1	3	3	6.15088	2.05029	2.05029
tRNA-Glu-CTC-1-7|d_arm|part1	19	19	43.7396	2.30208	2.30208
tRNA-Glu-CTC-1-7|acceptor_stem_5p|part1	7	7	19.1361	2.73372	2.73372
tRNA-Leu-TAA-1-1|acceptor_stem_5p|part1	7	7	62.8756	8.98223	8.98223
tRNA-Leu-TAA-1-1|d_arm|part1	19	19	167.148	8.79725	8.79725
tRNA-Leu-TAA-1-1|anticodon_arm|part1	17	17	146.059	8.5917	8.5917
tRNA-Leu-TAA-1-1|anticodon|part1	3	3	25.7751	8.5917	8.5917
tRNA-Leu-TAA-1-1|variable_region|part1	15	15	128.876	8.5917	8.5917
tRNA-Leu-TAA-1-1|t_arm|part1	17	17	143.716	8.45387	8.45387
tRNA-Leu-TAA-1-1|acceptor_stem_3p|part1	8	8	66.3904	8.2988	8.2988
tRNA-Gln-TTG-4-1|acceptor_stem_5p|part1	7	7	0	0	0
tRNA-Gln-TTG-4-1|d_arm|part1	19	19	0	0	0
tRNA-Gln-TTG-4-1|anticodon_arm|part1	17	17	0	0	0
tRNA-Gln-TTG-4-1|anticodon|part1	3	3	0	0	0
tRNA-Gln-TTG-4-1|variable_region|part1	4	4	0	0	0
tRNA-Gln-TTG-4-1|t_arm|part1	17	17	0	0	0
tRNA-Gln-TTG-4-1|acceptor_stem_3p|part1	8	8	0	0	0
tRX-Lys-NNN-5-1|acceptor_stem_5p|part1	7	7	1.36686	0.195266	0.195266
tRX-Lys-NNN-5-1|d_arm|part1	19	19	3.71005	0.195266	0.195266
tRX-Lys-NNN-5-1|anticodon_arm|part1	17	17	3.31952	0.195266	0.195266
tRX-Lys-NNN-5-1|anticodon|part1	3	3	0.585798	0.195266	0.195266
tRX-Lys-NNN-5-1|variable_region|part1	16	16	3.12426	0.195266	0.195266
tRX-Lys-NNN-5-1|t_arm|part1	17	17	1.95266	0.114862	0.114862
tRX-Lys-NNN-5-1|acceptor_stem_3p|part1	8	8	0.781064	0.097633	0.097633
tRX-Trp-NNN-1-1|acceptor_stem_3p|part1	8	8	0.390532	0.0488165	0.0488165
tRX-Trp-NNN-1-1|t_arm|part1	17	17	0	0	0
tRX-Trp-NNN-1-1|variable_region|part1	4	4	0	0	0
tRX-Trp-NNN-1-1|anticodon_arm|part1	17	17	0	0	0
tRX-Trp-NNN-1-1|anticodon|part1	3	3	0	0	0
tRX-Trp-NNN-1-1|d_arm|part1	19	19	0	0	0
tRX-Trp-NNN-1-1|acceptor_stem_5p|part1	7	7	0	0	0
tRX-Lys-NNN-4-1|acceptor_stem_3p|part1	8	8	0	0	0
tRX-Lys-NNN-4-1|t_arm|part1	17	17	0	0	0
tRX-Lys-NNN-4-1|variable_region|part1	5	5	0	0	0
tRX-Lys-NNN-4-1|anticodon_arm|part1	17	17	0	0	0
tRX-Lys-NNN-4-1|anticodon|part1	3	3	0	0	0
tRX-Lys-NNN-4-1|d_arm|part1	19	19	0	0	0
tRX-Lys-NNN-4-1|acceptor_stem_5p|part1	7	7	0.683431	0.097633	0.097633
tRNA-Trp-CCA-5-1|acceptor_stem_5p|part1	7	7	0.683431	0.097633	0.097633
tRNA-Trp-CCA-5-1|d_arm|part1	19	19	1.85503	0.097633	0.097633
tRNA-Trp-CCA-5-1|anticodon_arm|part1	17	17	1.65976	0.097633	0.097633
tRNA-Trp-CCA-5-1|anticodon|part1	3	3	0.292899	0.097633	0.097633
tRNA-Trp-CCA-5-1|variable_region|part1	4	4	0.390532	0.097633	0.097633
tRNA-Trp-CCA-5-1|t_arm|part1	17	17	1.65976	0.097633	0.097633
tRNA-Trp-CCA-5-1|acceptor_stem_3p|part1	8	8	0.781064	0.097633	0.097633
tRNA-Pro-AGG-2-3|acceptor_stem_5p|part1	7	7	19.8195	2.83136	2.83136
tRNA-Pro-AGG-2-3|d_arm|part1	19	19	53.7958	2.83136	2.83136
tRNA-Pro-AGG-2-3|anticodon_arm|part1	17	17	48.1331	2.83136	2.83136
tRNA-Pro-AGG-2-3|anticodon|part1	3	3	8.49407	2.83136	2.83136
tRNA-Pro-AGG-2-3|variable_region|part1	4	4	11.3254	2.83136	2.83136
tRNA-Pro-AGG-2-3|t_arm|part1	17	17	49.7928	2.92899	2.92899
tRNA-Pro-AGG-2-3|acceptor_stem_3p|part1	8	8	23.4319	2.92899	2.92899
tRNA-Arg-CCT-4-1|acceptor_stem_5p|part1	7	7	37.1982	5.31402	5.31402
tRNA-Arg-CCT-4-1|d_arm|part1	19	19	89.0413	4.68638	4.68638
tRNA-Arg-CCT-4-1|anticodon_arm|part1	17	17	79.6685	4.68638	4.68638
tRNA-Arg-CCT-4-1|anticodon|part1	3	3	14.0591	4.68638	4.68638
tRNA-Arg-CCT-4-1|variable_region|part1	5	5	23.4319	4.68638	4.68638
tRNA-Arg-CCT-4-1|t_arm|part1	17	17	64.0472	3.76748	3.76748
tRNA-Arg-CCT-4-1|acceptor_stem_3p|part1	8	8	24.994	3.12426	3.12426
tRNA-Cys-GCA-1-1|acceptor_stem_5p|part1	7	7	5.46745	0.781064	0.781064
tRNA-Cys-GCA-1-1|d_arm|part1	19	19	16.0118	0.842727	0.842727
tRNA-Cys-GCA-1-1|anticodon_arm|part1	17	17	16.5976	0.97633	0.97633
tRNA-Cys-GCA-1-1|anticodon|part1	3	3	2.92899	0.97633	0.97633
tRNA-Cys-GCA-1-1|variable_region|part1	4	4	3.90532	0.97633	0.97633
tRNA-Cys-GCA-1-1|t_arm|part1	17	17	16.5976	0.97633	0.97633
tRNA-Cys-GCA-1-1|acceptor_stem_3p|part1	8	8	7.61537	0.951922	0.951922
tRNA-Cys-GCA-9-2|acceptor_stem_5p|part1	7	7	0	0	0
tRNA-Cys-GCA-9-2|d_arm|part1	19	19	0	0	0
tRNA-Cys-GCA-9-2|anticodon_arm|part1	17	17	0	0	0
tRNA-Cys-GCA-9-2|anticodon|part1	3	3	0	0	0
tRNA-Cys-GCA-9-2|variable_region|part1	4	4	0	0	0
tRNA-Cys-GCA-9-2|t_arm|part1	17	17	0	0	0
tRNA-Cys-GCA-9-2|acceptor_stem_3p|part1	8	8	0	0	0
tRNA-Cys-GCA-13-1|acceptor_stem_3p|part1	8	8	1.56213	0.195266	0.195266
tRNA-Cys-GCA-13-1|t_arm|part1	17	17	3.31952	0.195266	0.195266
tRNA-Cys-GCA-13-1|variable_region|part1	4	4	0.781064	0.195266	0.195266
tRNA-Cys-GCA-13-1|anticodon_arm|part1	17	17	3.31952	0.195266	0.195266
tRNA-Cys-GCA-13-1|anticodon|part1	3	3	0.585798	0.195266	0.195266
tRNA-Cys-GCA-13-1|d_arm|part1	19	19	3.71005	0.195266	0.195266
tRNA-Cys-GCA-13-1|acceptor_stem_5p|part1	7	7	1.36686	0.195266	0.195266
tRNA-Tyr-GTA-11-1|acceptor_stem_3p|part1	8	8	0.781064	0.097633	0.097633
tRNA-Tyr-GTA-11-1|t_arm|part1	17	17	1.65976	0.097633	0.097633
tRNA-Tyr-GTA-11-1|variable_region|part1	9	9	0.878697	0.097633	0.097633
tRNA-Tyr-GTA-11-1|anticodon_arm|part1	17	17	1.65976	0.097633	0.097633
tRNA-Tyr-GTA-11-1|anticodon|part1	3	3	0.292899	0.097633	0.097633
tRNA-Tyr-GTA-11-1|d_arm|part1	19	19	1.85503	0.097633	0.097633
tRNA-Tyr-GTA-11-1|acceptor_stem_5p|part1	7	7	0.683431	0.097633	0.097633
tRNA-Cys-GCA-18-1|acceptor_stem_3p|part1	8	8	1.56213	0.195266	0.195266
tRNA-Cys-GCA-18-1|t_arm|part1	17	17	3.31952	0.195266	0.195266
tRNA-Cys-GCA-18-1|variable_region|part1	4	4	0.781064	0.195266	0.195266
tRNA-Cys-GCA-18-1|anticodon_arm|part1	17	17	3.31952	0.195266	0.195266
tRNA-Cys-GCA-18-1|anticodon|part1	3	3	0.585798	0.195266	0.195266
tRNA-Cys-GCA-18-1|d_arm|part1	19	19	3.71005	0.195266	0.195266
tRNA-Cys-GCA-18-1|acceptor_stem_5p|part1	7	7	1.36686	0.195266	0.195266
tRNA-Cys-GCA-10-1|acceptor_stem_3p|part1	8	8	0	0	0
tRNA-Cys-GCA-10-1|t_arm|part1	17	17	0	0	0
tRNA-Cys-GCA-10-1|variable_region|part1	4	4	0	0	0
tRNA-Cys-GCA-10-1|anticodon_arm|part1	17	17	0	0	0
tRNA-Cys-GCA-10-1|anticodon|part1	3	3	0	0	0
tRNA-Cys-GCA-10-1|d_arm|part1	19	19	0	0	0
tRNA-Cys-GCA-10-1|acceptor_stem_5p|part1	7	7	0	0	0
tRNA-Cys-GCA-11-1|acceptor_stem_3p|part1	8	8	0	0	0
tRNA-Cys-GCA-11-1|t_arm|part1	17	17	0	0	0
tRNA-Cys-GCA-11-1|variable_region|part1	4	4	0	0	0
tRNA-Cys-GCA-11-1|anticodon_arm|part1	17	17	0	0	0
tRNA-Cys-GCA-11-1|anticodon|part1	3	3	0	0	0
tRNA-Cys-GCA-11-1|d_arm|part1	19	19	0	0	0
tRNA-Cys-GCA-11-1|acceptor_stem_5p|part1	7	7	0	0	0
tRNA-Cys-GCA-16-1|acceptor_stem_5p|part1	7	7	0.683431	0.097633	0.097633
tRNA-Cys-GCA-16-1|d_arm|part1	19	19	1.85503	0.097633	0.097633
tRNA-Cys-GCA-16-1|anticodon_arm|part1	17	17	1.65976	0.097633	0.097633
tRNA-Cys-GCA-16-1|anticodon|part1	3	3	0.292899	0.097633	0.097633
tRNA-Cys-GCA-16-1|variable_region|part1	4	4	0.390532	0.097633	0.097633
tRNA-Cys-GCA-16-1|t_arm|part1	17	17	1.65976	0.097633	0.097633
tRNA-Cys-GCA-16-1|acceptor_stem_3p|part1	8	8	0.585798	0.0732247	0.0732247
tRNA-Cys-GCA-22-1|acceptor_stem_5p|part1	7	7	0.683431	0.097633	0.097633
tRNA-Cys-GCA-22-1|d_arm|part1	19	19	1.85503	0.097633	0.097633
tRNA-Cys-GCA-22-1|anticodon_arm|part1	17	17	1.65976	0.097633	0.097633
tRNA-Cys-GCA-22-1|anticodon|part1	3	3	0.292899	0.097633	0.097633
tRNA-Cys-GCA-22-1|variable_region|part1	2	2	0.195266	0.097633	0.097633
tRNA-Cys-GCA-22-1|t_arm|part1	17	17	2.92899	0.172294	0.172294
tRNA-Cys-GCA-22-1|acceptor_stem_3p|part1	8	8	1.56213	0.195266	0.195266
tRNA-Cys-GCA-15-1|acceptor_stem_5p|part1	7	7	0	0	0
tRNA-Cys-GCA-15-1|d_arm|part1	19	19	0	0	0
tRNA-Cys-GCA-15-1|anticodon_arm|part1	17	17	0	0	0
tRNA-Cys-GCA-15-1|anticodon|part1	3	3	0	0	0
tRNA-Cys-GCA-15-1|variable_region|part1	4	4	0	0	0
tRNA-Cys-GCA-15-1|t_arm|part1	17	17	0	0	0
tRNA-Cys-GCA-15-1|acceptor_stem_3p|part1	8	8	0	0	0
tRNA-Cys-GCA-3-1|acceptor_stem_3p|part1	8	8	0	0	0
tRNA-Cys-GCA-3-1|t_arm|part1	17	17	0	0	0
tRNA-Cys-GCA-3-1|variable_region|part1	4	4	0	0	0
tRNA-Cys-GCA-3-1|anticodon_arm|part1	17	17	0	0	0
tRNA-Cys-GCA-3-1|anticodon|part1	3	3	0	0	0
tRNA-Cys-GCA-3-1|d_arm|part1	19	19	0	0	0
tRNA-Cys-GCA-3-1|acceptor_stem_5p|part1	7	7	0	0	0
tRNA-Cys-GCA-23-1|acceptor_stem_3p|part1	8	8	0	0	0
tRNA-Cys-GCA-23-1|t_arm|part1	17	17	0	0	0
tRNA-Cys-GCA-23-1|variable_region|part1	4	4	0	0	0
tRNA-Cys-GCA-23-1|anticodon_arm|part1	17	17	0	0	0
tRNA-Cys-GCA-23-1|anticodon|part1	3	3	0	0	0
tRNA-Cys-GCA-23-1|d_arm|part1	19	19	1.85503	0.097633	0.097633
tRNA-Cys-GCA-23-1|acceptor_stem_5p|part1	7	7	0.683431	0.097633	0.097633
tRNA-Cys-GCA-20-1|acceptor_stem_5p|part1	7	7	0.878697	0.125528	0.125528
tRNA-Cys-GCA-20-1|d_arm|part1	19	19	3.71005	0.195266	0.195266
tRNA-Cys-GCA-20-1|anticodon_arm|part1	17	17	3.31952	0.195266	0.195266
tRNA-Cys-GCA-20-1|anticodon|part1	3	3	0.585798	0.195266	0.195266
tRNA-Cys-GCA-20-1|variable_region|part1	4	4	0.781064	0.195266	0.195266
tRNA-Cys-GCA-20-1|t_arm|part1	17	17	4.19822	0.246954	0.246954
tRNA-Cys-GCA-20-1|acceptor_stem_3p|part1	8	8	2.34319	0.292899	0.292899
tRNA-Cys-GCA-19-1|acceptor_stem_3p|part1	8	8	0	0	0
tRNA-Cys-GCA-19-1|t_arm|part1	17	17	0	0	0
tRNA-Cys-GCA-19-1|variable_region|part1	4	4	0	0	0
tRNA-Cys-GCA-19-1|anticodon_arm|part1	17	17	0	0	0
tRNA-Cys-GCA-19-1|anticodon|part1	3	3	0	0	0
tRNA-Cys-GCA-19-1|d_arm|part1	19	19	0	0	0
tRNA-Cys-GCA-19-1|acceptor_stem_5p|part1	7	7	0	0	0
tRNA-Cys-GCA-9-3|acceptor_stem_5p|part1	7	7	0	0	0
tRNA-Cys-GCA-9-3|d_arm|part1	19	19	0	0	0
tRNA-Cys-GCA-9-3|anticodon_arm|part1	17	17	0	0	0
tRNA-Cys-GCA-9-3|anticodon|part1	3	3	0	0	0
tRNA-Cys-GCA-9-3|variable_region|part1	4	4	0	0	0
tRNA-Cys-GCA-9-3|t_arm|part1	17	17	0	0	0
tRNA-Cys-GCA-9-3|acceptor_stem_3p|part1	8	8	0	0	0
tRNA-Cys-GCA-12-1|acceptor_stem_3p|part1	8	8	3.90532	0.488165	0.488165
tRNA-Cys-GCA-12-1|t_arm|part1	17	17	8.2988	0.488165	0.488165
tRNA-Cys-GCA-12-1|variable_region|part1	4	4	1.95266	0.488165	0.488165
tRNA-Cys-GCA-12-1|anticodon_arm|part1	17	17	8.2988	0.488165	0.488165
tRNA-Cys-GCA-12-1|anticodon|part1	3	3	1.46449	0.488165	0.488165
tRNA-Cys-GCA-12-1|d_arm|part1	19	19	10.2515	0.539551	0.539551
tRNA-Cys-GCA-12-1|acceptor_stem_5p|part1	7	7	4.10059	0.585798	0.585798
tRNA-Cys-GCA-21-1|acceptor_stem_5p|part1	7	7	0	0	0
tRNA-Cys-GCA-21-1|d_arm|part1	19	19	0	0	0
tRNA-Cys-GCA-21-1|anticodon_arm|part1	17	17	0	0	0
tRNA-Cys-GCA-21-1|anticodon|part1	3	3	0	0	0
tRNA-Cys-GCA-21-1|variable_region|part1	4	4	0	0	0
tRNA-Cys-GCA-21-1|t_arm|part1	17	17	0	0	0
tRNA-Cys-GCA-21-1|acceptor_stem_3p|part1	8	8	0	0	0
tRNA-Cys-GCA-17-1|acceptor_stem_3p|part1	8	8	11.716	1.46449	1.46449
tRNA-Cys-GCA-17-1|t_arm|part1	17	17	24.8964	1.46449	1.46449
tRNA-Cys-GCA-17-1|variable_region|part1	4	4	5.85798	1.46449	1.46449
tRNA-Cys-GCA-17-1|anticodon_arm|part1	17	17	19.9171	1.1716	1.1716
tRNA-Cys-GCA-17-1|anticodon|part1	3	3	3.51479	1.1716	1.1716
tRNA-Cys-GCA-17-1|d_arm|part1	19	19	22.2603	1.1716	1.1716
tRNA-Cys-GCA-17-1|acceptor_stem_5p|part1	7	7	8.20117	1.1716	1.1716
tRNA-Cys-GCA-9-4|acceptor_stem_5p|part1	7	7	3.41715	0.488165	0.488165
tRNA-Cys-GCA-9-4|d_arm|part1	19	19	9.27513	0.488165	0.488165
tRNA-Cys-GCA-9-4|anticodon_arm|part1	17	17	8.10354	0.476679	0.476679
tRNA-Cys-GCA-9-4|anticodon|part1	3	3	1.46449	0.488165	0.488165
tRNA-Cys-GCA-9-4|variable_region|part1	4	4	1.56213	0.390532	0.390532
tRNA-Cys-GCA-9-4|t_arm|part1	17	17	6.63904	0.390532	0.390532
tRNA-Cys-GCA-9-4|acceptor_stem_3p|part1	8	8	3.12426	0.390532	0.390532
tRNA-Tyr-GTA-9-1|acceptor_stem_3p|part1	8	8	0	0	0
tRNA-Tyr-GTA-9-1|t_arm|part1	17	17	0	0	0
tRNA-Tyr-GTA-9-1|variable_region|part1	4	4	0	0	0
tRNA-Tyr-GTA-9-1|anticodon_arm|part2	6	6	0	0	0
tRNA-Tyr-GTA-9-1|intron|part1	16	16	0	0	0
tRNA-Tyr-GTA-9-1|anticodon_arm|part1	11	11	0	0	0
tRNA-Tyr-GTA-9-1|anticodon|part1	3	3	0	0	0
tRNA-Tyr-GTA-9-1|d_arm|part1	19	19	0	0	0
tRNA-Tyr-GTA-9-1|acceptor_stem_5p|part1	7	7	0	0	0
tRX-Arg-NNN-1-1|acceptor_stem_3p|part1	8	8	18.7455	2.34319	2.34319
tRX-Arg-NNN-1-1|t_arm|part1	17	17	39.8343	2.34319	2.34319
tRX-Arg-NNN-1-1|variable_region|part1	5	5	11.716	2.34319	2.34319
tRX-Arg-NNN-1-1|anticodon_arm|part1	17	17	39.8343	2.34319	2.34319
tRX-Arg-NNN-1-1|anticodon|part1	3	3	7.02957	2.34319	2.34319
tRX-Arg-NNN-1-1|d_arm|part1	19	19	44.5206	2.34319	2.34319
tRX-Arg-NNN-1-1|acceptor_stem_5p|part1	7	7	16.4023	2.34319	2.34319
tRNA-Tyr-GTA-5-1|acceptor_stem_5p|part1	7	7	40.3224	5.76035	5.76035
tRNA-Tyr-GTA-5-1|d_arm|part1	19	19	109.447	5.76035	5.76035
tRNA-Tyr-GTA-5-1|anticodon_arm|part1	11	11	63.3638	5.76035	5.76035
tRNA-Tyr-GTA-5-1|anticodon|part1	3	3	17.281	5.76035	5.76035
tRNA-Tyr-GTA-5-1|intron|part1	20	20	101.929	5.09644	5.09644
tRNA-Tyr-GTA-5-1|anticodon_arm|part2	6	6	24.6035	4.10059	4.10059
tRNA-Tyr-GTA-5-1|variable_region|part1	5	5	20.5029	4.10059	4.10059
tRNA-Tyr-GTA-5-1|t_arm|part1	17	17	69.71	4.10059	4.10059
tRNA-Tyr-GTA-5-1|acceptor_stem_3p|part1	8	8	32.8047	4.10059	4.10059
tRNA-Tyr-GTA-5-2|acceptor_stem_5p|part1	7	7	10.9349	1.56213	1.56213
tRNA-Tyr-GTA-5-2|d_arm|part1	19	19	29.6804	1.56213	1.56213
tRNA-Tyr-GTA-5-2|anticodon_arm|part1	11	11	15.426	1.40236	1.40236
tRNA-Tyr-GTA-5-2|anticodon|part1	3	3	4.10059	1.36686	1.36686
tRNA-Tyr-GTA-5-2|intron|part1	16	16	21.8698	1.36686	1.36686
tRNA-Tyr-GTA-5-2|anticodon_arm|part2	6	6	8.20117	1.36686	1.36686
tRNA-Tyr-GTA-5-2|variable_region|part1	5	5	6.83431	1.36686	1.36686
tRNA-Tyr-GTA-5-2|t_arm|part1	17	17	22.6509	1.3324	1.3324
tRNA-Tyr-GTA-5-2|acceptor_stem_3p|part1	8	8	9.37277	1.1716	1.1716
tRNA-Ala-AGC-8-2|acceptor_stem_5p|part1	7	7	12.3018	1.75739	1.75739
tRNA-Ala-AGC-8-2|d_arm|part1	19	19	33.3905	1.75739	1.75739
tRNA-Ala-AGC-8-2|anticodon_arm|part1	17	17	29.8757	1.75739	1.75739
tRNA-Ala-AGC-8-2|anticodon|part1	3	3	5.27218	1.75739	1.75739
tRNA-Ala-AGC-8-2|variable_region|part1	5	5	8.78697	1.75739	1.75739
tRNA-Ala-AGC-8-2|t_arm|part1	17	17	29.8757	1.75739	1.75739
tRNA-Ala-AGC-8-2|acceptor_stem_3p|part1	8	8	14.0591	1.75739	1.75739
tRNA-Ser-AGA-2-5|acceptor_stem_3p|part1	8	8	21.8698	2.73372	2.73372
tRNA-Ser-AGA-2-5|t_arm|part1	17	17	49.1094	2.88879	2.88879
tRNA-Ser-AGA-2-5|variable_region|part1	14	14	42.3727	3.02662	3.02662
tRNA-Ser-AGA-2-5|anticodon_arm|part1	17	17	51.4526	3.02662	3.02662
tRNA-Ser-AGA-2-5|anticodon|part1	3	3	9.07987	3.02662	3.02662
tRNA-Ser-AGA-2-5|d_arm|part1	19	19	54.8697	2.88788	2.88788
tRNA-Ser-AGA-2-5|acceptor_stem_5p|part1	7	7	19.1361	2.73372	2.73372
tRNA-Met-CAT-1-1|acceptor_stem_3p|part1	8	8	30.4615	3.80769	3.80769
tRNA-Met-CAT-1-1|t_arm|part1	17	17	64.7307	3.80769	3.80769
tRNA-Met-CAT-1-1|variable_region|part1	5	5	19.0384	3.80769	3.80769
tRNA-Met-CAT-1-1|anticodon_arm|part1	17	17	70.9792	4.17525	4.17525
tRNA-Met-CAT-1-1|anticodon|part1	3	3	12.5947	4.19822	4.19822
tRNA-Met-CAT-1-1|d_arm|part1	19	19	79.7661	4.19822	4.19822
tRNA-Met-CAT-1-1|acceptor_stem_5p|part1	7	7	29.3875	4.19822	4.19822
tRNA-Phe-GAA-12-1|acceptor_stem_3p|part1	8	8	0	0	0
tRNA-Phe-GAA-12-1|t_arm|part1	17	17	0	0	0
tRNA-Phe-GAA-12-1|variable_region|part1	8	8	0	0	0
tRNA-Phe-GAA-12-1|anticodon_arm|part1	17	17	0	0	0
tRNA-Phe-GAA-12-1|anticodon|part1	3	3	0	0	0
tRNA-Phe-GAA-12-1|d_arm|part1	19	19	0	0	0
tRNA-Phe-GAA-12-1|acceptor_stem_5p|part1	7	7	0	0	0
tRX-Und-NNN-6-1|acceptor_stem_5p|part1	7	7	0	0	0
tRX-Und-NNN-6-1|d_arm|part1	19	19	0	0	0
tRX-Und-NNN-6-1|anticodon_arm|part1	17	17	0	0	0
tRX-Und-NNN-6-1|anticodon|part1	3	3	0	0	0
tRX-Und-NNN-6-1|variable_region|part1	11	11	0	0	0
tRX-Und-NNN-6-1|t_arm|part1	17	17	0	0	0
tRX-Und-NNN-6-1|acceptor_stem_3p|part1	8	8	0	0	0
tRNA-His-GTG-1-6|acceptor_stem_3p|part1	8	8	14.0591	1.75739	1.75739
tRNA-His-GTG-1-6|t_arm|part1	17	17	27.5325	1.61956	1.61956
tRNA-His-GTG-1-6|variable_region|part1	4	4	6.24851	1.56213	1.56213
tRNA-His-GTG-1-6|anticodon_arm|part1	17	17	26.5562	1.56213	1.56213
tRNA-His-GTG-1-6|anticodon|part1	3	3	4.68638	1.56213	1.56213
tRNA-His-GTG-1-6|d_arm|part1	19	19	29.0946	1.5313	1.5313
tRNA-His-GTG-1-6|acceptor_stem_5p|part1	7	7	8.8846	1.26923	1.26923
tRNA-iMet-CAT-3-1|acceptor_stem_5p|part1	7	7	0	0	0
tRNA-iMet-CAT-3-1|d_arm|part1	19	19	0	0	0
tRNA-iMet-CAT-3-1|anticodon_arm|part1	17	17	0	0	0
tRNA-iMet-CAT-3-1|anticodon|part1	3	3	0	0	0
tRNA-iMet-CAT-3-1|variable_region|part1	7	7	0	0	0
tRNA-iMet-CAT-3-1|t_arm|part1	17	17	0	0	0
tRNA-iMet-CAT-3-1|acceptor_stem_3p|part1	8	8	0	0	0
tRNA-Arg-TCG-6-1|acceptor_stem_5p|part1	7	7	1.36686	0.195266	0.195266
tRNA-Arg-TCG-6-1|d_arm|part1	19	19	3.71005	0.195266	0.195266
tRNA-Arg-TCG-6-1|anticodon_arm|part1	17	17	3.31952	0.195266	0.195266
tRNA-Arg-TCG-6-1|anticodon|part1	3	3	0.585798	0.195266	0.195266
tRNA-Arg-TCG-6-1|variable_region|part1	5	5	0.97633	0.195266	0.195266
tRNA-Arg-TCG-6-1|t_arm|part1	17	17	1.65976	0.097633	0.097633
tRNA-Arg-TCG-6-1|acceptor_stem_3p|part1	8	8	0.781064	0.097633	0.097633
tRX-Leu-NNN-1-1|acceptor_stem_3p|part1	8	8	0	0	0
tRX-Leu-NNN-1-1|t_arm|part1	17	17	0	0	0
tRX-Leu-NNN-1-1|variable_region|part1	15	15	0	0	0
tRX-Leu-NNN-1-1|anticodon_arm|part1	17	17	0	0	0
tRX-Leu-NNN-1-1|anticodon|part1	3	3	0	0	0
tRX-Leu-NNN-1-1|d_arm|part1	19	19	0	0	0
tRX-Leu-NNN-1-1|acceptor_stem_5p|part1	7	7	0	0	0
tRNA-Arg-TCT-3-1|acceptor_stem_3p|part1	8	8	4.68638	0.585798	0.585798
tRNA-Arg-TCT-3-1|t_arm|part1	17	17	9.95856	0.585798	0.585798
tRNA-Arg-TCT-3-1|variable_region|part1	5	5	2.92899	0.585798	0.585798
tRNA-Arg-TCT-3-1|anticodon_arm|part2	6	6	3.51479	0.585798	0.585798
tRNA-Arg-TCT-3-1|intron|part1	18	18	13.6686	0.759368	0.759368
tRNA-Arg-TCT-3-1|anticodon_arm|part1	11	11	10.7396	0.97633	0.97633
tRNA-Arg-TCT-3-1|anticodon|part1	3	3	2.92899	0.97633	0.97633
tRNA-Arg-TCT-3-1|d_arm|part1	19	19	18.5503	0.97633	0.97633
tRNA-Arg-TCT-3-1|acceptor_stem_5p|part1	7	7	6.83431	0.97633	0.97633
tRNA-Ile-GAT-1-1|acceptor_stem_3p|part1	8	8	0	0	0
tRNA-Ile-GAT-1-1|t_arm|part1	17	17	0	0	0
tRNA-Ile-GAT-1-1|variable_region|part1	6	6	0	0	0
tRNA-Ile-GAT-1-1|anticodon_arm|part1	17	17	0	0	0
tRNA-Ile-GAT-1-1|anticodon|part1	3	3	0	0	0
tRNA-Ile-GAT-1-1|d_arm|part1	19	19	0	0	0
tRNA-Ile-GAT-1-1|acceptor_stem_5p|part1	7	7	0	0	0
tRX-Ile-NNN-2-1|acceptor_stem_3p|part1	8	8	0	0	0
tRX-Ile-NNN-2-1|t_arm|part1	17	17	0	0	0
tRX-Ile-NNN-2-1|variable_region|part1	6	6	0	0	0
tRX-Ile-NNN-2-1|anticodon_arm|part1	17	17	0	0	0
tRX-Ile-NNN-2-1|anticodon|part1	3	3	0	0	0
tRX-Ile-NNN-2-1|d_arm|part1	19	19	0	0	0
tRX-Ile-NNN-2-1|acceptor_stem_5p|part1	7	7	0	0	0
tRNA-Ile-GAT-1-2|acceptor_stem_3p|part1	8	8	0	0	0
tRNA-Ile-GAT-1-2|t_arm|part1	17	17	0	0	0
tRNA-Ile-GAT-1-2|variable_region|part1	6	6	0	0	0
tRNA-Ile-GAT-1-2|anticodon_arm|part1	17	17	0	0	0
tRNA-Ile-GAT-1-2|anticodon|part1	3	3	0	0	0
tRNA-Ile-GAT-1-2|d_arm|part1	19	19	0	0	0
tRNA-Ile-GAT-1-2|acceptor_stem_5p|part1	7	7	0	0	0
tRNA-Ile-GAT-1-3|acceptor_stem_3p|part1	8	8	0	0	0
tRNA-Ile-GAT-1-3|t_arm|part1	17	17	0	0	0
tRNA-Ile-GAT-1-3|variable_region|part1	6	6	0	0	0
tRNA-Ile-GAT-1-3|anticodon_arm|part1	17	17	0	0	0
tRNA-Ile-GAT-1-3|anticodon|part1	3	3	0	0	0
tRNA-Ile-GAT-1-3|d_arm|part1	19	19	0	0	0
tRNA-Ile-GAT-1-3|acceptor_stem_5p|part1	7	7	0	0	0
tRNA-Val-TAC-1-2|acceptor_stem_3p|part1	8	8	33.5857	4.19822	4.19822
tRNA-Val-TAC-1-2|t_arm|part1	17	17	71.9555	4.23268	4.23268
tRNA-Val-TAC-1-2|variable_region|part1	5	5	21.9674	4.39348	4.39348
tRNA-Val-TAC-1-2|anticodon_arm|part1	17	17	74.6892	4.39348	4.39348
tRNA-Val-TAC-1-2|anticodon|part1	3	3	13.1805	4.39348	4.39348
tRNA-Val-TAC-1-2|d_arm|part1	19	19	83.4762	4.39348	4.39348
tRNA-Val-TAC-1-2|acceptor_stem_5p|part1	7	7	31.1449	4.44927	4.44927
tRX-Pro-NNN-1-1|acceptor_stem_5p|part1	7	7	0	0	0
tRX-Pro-NNN-1-1|d_arm|part1	19	19	0	0	0
tRX-Pro-NNN-1-1|anticodon_arm|part1	17	17	0	0	0
tRX-Pro-NNN-1-1|anticodon|part1	3	3	0	0	0
tRX-Pro-NNN-1-1|variable_region|part1	1	1	0	0	0
tRX-Pro-NNN-1-1|t_arm|part1	17	17	0	0	0
tRX-Pro-NNN-1-1|acceptor_stem_3p|part1	8	8	0	0	0
tRNA-Und-NNN-4-1	70	70	0	0	0
tRNA-Asn-GTT-5-1	74	74	0	0	0
tRNA-Glu-TTC-4-1	72	72	0	0	0
tRNA-Gly-CCC-1-1	71	71	7.32247	0.103133	0.103133
tRNA-Val-CAC-11-1	73	73	0	0	0
tRNA-Val-CAC-11-2	73	73	0	0	0
tRNA-Gly-CCC-1-2	71	71	6.93194	0.097633	0.097633
tRNA-Glu-TTC-3-1	72	72	7.02958	0.097633	0.097633
tRNA-Asn-GTT-4-1	74	74	7.22484	0.097633	0.097633
tRNA-Lys-CTT-12-1	76	76	0	0	0
tRNA-Lys-CTT-7-1	73	73	0	0	0
tRNA-Cys-GCA-7-1	73	73	0	0	0
tRNA-Arg-TCT-1-1	85	85	309.985	3.64688	3.64688
tRNA-Asn-GTT-7-1	74	74	105.834	1.43019	1.43019
tRNA-Asn-GTT-11-1	74	74	0	0	0
tRX-Phe-NNN-2-1	80	80	0	0	0
tRNA-Val-CAC-5-1	73	73	15.3284	0.209978	0.209978
tRNA-Asn-GTT-27-1	74	74	0	0	0
tRNA-Gln-CTG-11-1	72	72	28.1183	0.390532	0.390532
tRNA-Glu-TTC-7-1	72	72	0	0	0
tRNA-Gln-CTG-4-2	72	72	30.6568	0.425788	0.425788
tRNA-Asn-GTT-22-1	74	74	0	0	0
tRNA-Asn-GTT-6-1	74	74	21.6745	0.292899	0.292899
tRNA-Glu-TTC-10-1	73	73	0	0	0
tRNA-Phe-GAA-9-1	80	80	0	0	0
tRNA-Val-CAC-4-1	73	73	156.799	2.14793	2.14793
tRNA-Asn-GTT-12-1	74	74	0	0	0
tRNA-Arg-CCT-7-1	71	71	0	0	0
tRNA-Asn-GTT-3-1	74	74	7.22484	0.097633	0.097633
tRNA-Asn-GTT-2-8	74	74	0	0	0
tRNA-Asn-GTT-10-1	74	74	0	0	0
tRNA-Val-CAC-14-1	73	73	0	0	0
tRX-Phe-NNN-1-1	80	80	0	0	0
tRNA-Glu-TTC-10-2	73	73	0	0	0
tRNA-Asn-GTT-2-7	74	74	0	0	0
tRX-Gly-NNN-3-1	71	71	0	0	0
tRNA-Gln-CTG-3-1	72	72	0	0	0
tRNA-Asn-GTT-9-1	74	74	0	0	0
tRNA-Glu-CTC-1-1	72	72	320.627	4.45315	4.45315
tRNA-Gly-TCC-2-1	72	72	221.725	3.07951	3.07951
tRNA-His-GTG-1-1	72	72	179.449	2.49235	2.49235
tRNA-Lys-CTT-2-1	73	73	152.503	2.08908	2.08908
tRNA-Asn-GTT-24-1	74	74	0	0	0
tRNA-Gly-CCC-8-1	71	71	0	0	0
tRNA-His-GTG-1-2	72	72	9.7633	0.135601	0.135601
tRNA-Arg-CCT-6-1	71	71	0	0	0
tRX-Gly-NNN-1-2	71	71	0	0	0
tRNA-Gln-CTG-3-2	72	72	0	0	0
tRNA-Asn-GTT-9-2	74	74	0	0	0
tRX-Gly-NNN-2-1	72	72	15.3284	0.212894	0.212894
tRNA-Gln-CTG-4-1	72	72	22.9438	0.318663	0.318663
tRNA-His-GTG-1-3	72	72	0	0	0
tRNA-His-GTG-1-4	72	72	0	0	0
tRNA-Glu-TTC-6-1	72	72	13.8639	0.192554	0.192554
tRNA-Gln-CTG-7-1	72	72	0	0	0
tRNA-Gln-CTG-9-1	72	72	15.0355	0.208826	0.208826
tRNA-Asn-GTT-21-1	74	74	0	0	0
tRNA-Asn-GTT-2-1	74	74	72.0531	0.973691	0.973691
tRNA-Asn-GTT-25-1	75	75	0	0	0
tRNA-Asn-GTT-16-5	74	74	0	0	0
tRNA-Asn-GTT-11-2	74	74	0	0	0
tRNA-Glu-TTC-8-1	73	73	0	0	0
tRNA-Phe-GAA-10-1	80	80	0	0	0
tRX-Val-NNN-4-1	71	71	0	0	0
tRNA-Val-CAC-1-7	73	73	0	0	0
tRNA-Asn-GTT-8-1	74	74	0	0	0
tRNA-iMet-CAT-1-1	72	72	470.982	6.54141	6.54141
tRNA-Arg-TCT-4-1	74	74	0	0	0
tRNA-Val-CAC-1-1	73	73	325.899	4.46437	4.46437
tRNA-Und-NNN-3-1	73	73	24.6035	0.337034	0.337034
tRNA-Glu-TTC-4-2	72	72	110.716	1.53772	1.53772
tRNA-Asn-GTT-2-2	74	74	65.0236	0.878697	0.878697
tRNA-Gly-TCC-4-1	72	72	169.491	2.35404	2.35404
tRNA-Asp-GTC-2-1	72	72	66.781	0.927513	0.927513
tRNA-Leu-CAG-1-1	83	83	0	0	0
tRNA-Gly-GCC-1-1	71	71	0	0	0
tRNA-Glu-CTC-1-2	72	72	0	0	0
tRNA-Gly-TCC-2-2	72	72	0	0	0
tRNA-Asp-GTC-2-2	72	72	0	0	0
tRNA-Leu-CAG-1-2	83	83	0	0	0
tRNA-Gly-GCC-1-2	71	71	0	0	0
tRNA-Glu-CTC-1-3	72	72	0	0	0
tRNA-Gly-TCC-2-3	72	72	0	0	0
tRNA-Asp-GTC-2-3	72	72	0	0	0
tRNA-Leu-CAG-1-3	83	83	0	0	0
tRNA-Gly-GCC-1-3	71	71	0	0	0
tRNA-Glu-CTC-1-4	72	72	0	0	0
tRNA-Gly-TCC-2-4	72	72	0	0	0
tRNA-Asp-GTC-2-4	72	72	0	0	0
tRNA-Leu-CAG-1-4	83	83	0	0	0
tRNA-Gly-GCC-1-4	71	71	0	0	0
tRNA-Glu-CTC-1-5	72	72	0	0	0
tRNA-Gly-TCC-2-5	72	72	0	0	0
tRNA-Asp-GTC-2-5	72	72	0	0	0
tRNA-Leu-CAG-1-5	83	83	0	0	0
tRNA-Gly-GCC-4-1	71	71	6.93194	0.097633	0.097633
tRNA-Gly-GCC-2-1	71	71	106.029	1.49337	1.49337
tRNA-Leu-CAG-1-6	83	83	63.852	0.769301	0.769301
tRNA-Gly-TCC-2-6	72	72	234.319	3.25443	3.25443
tRNA-Asn-GTT-1-1	74	74	57.7987	0.781064	0.781064
tRX-Cys-NNN-3-1	71	71	0	0	0
tRNA-Leu-CAA-6-1	84	84	3.71005	0.0441673	0.0441673
tRNA-Lys-CTT-13-1	73	73	0	0	0
tRNA-Pro-CGG-1-1	72	72	316.917	4.40162	4.40162
tRNA-Pro-AGG-2-1	72	72	254.236	3.53106	3.53106
tRNA-Glu-TTC-12-1	76	76	8.68934	0.114333	0.114333
tRNA-Lys-TTT-3-1	73	73	156.799	2.14793	2.14793
tRNA-Lys-TTT-3-2	73	73	122.432	1.67715	1.67715
tRNA-Pro-TGG-5-1	77	77	15.0355	0.195266	0.195266
tRNA-Thr-TGT-2-1	73	73	111.79	1.53137	1.53137
tRNA-Leu-CAA-4-1	106	106	644.671	6.0818	6.0818
tRNA-Glu-CTC-2-1	72	72	221.432	3.07544	3.07544
tRNA-Val-TAC-3-1	73	73	28.5088	0.390532	0.390532
tRNA-Asn-GTT-2-3	74	74	164.804	2.22709	2.22709
tRX-Und-NNN-8-1	74	74	0	0	0
tRNA-Ser-TGA-1-1	82	82	223.384	2.7242	2.7242
tRX-Gln-NNN-2-1	78	78	0	0	0
tRNA-Lys-CTT-15-1	73	73	0	0	0
tRNA-Val-TAC-1-1	73	73	401.662	5.50222	5.50222
tRNA-Val-TAC-2-1	73	73	172.81	2.36727	2.36727
tRNA-Arg-TCT-3-2	86	86	102.515	1.19203	1.19203
tRNA-Leu-TAA-3-1	83	83	78.7898	0.949275	0.949275
tRNA-Lys-TTT-5-1	73	73	26.1656	0.358433	0.358433
tRNA-Phe-GAA-1-3	73	73	178.18	2.44082	2.44082
tRNA-Lys-TTT-3-4	73	73	82.988	1.13682	1.13682
tRNA-Phe-GAA-2-1	73	73	199.367	2.73105	2.73105
tRNA-Ser-GCT-3-1	82	82	110.911	1.35257	1.35257
tRNA-Pro-AGG-2-4	72	72	216.745	3.01035	3.01035
tRNA-Pro-TGG-2-1	72	72	149.183	2.07199	2.07199
tRX-Arg-NNN-2-1	79	79	14.0592	0.177964	0.177964
tRNA-Lys-TTT-2-1	73	73	7.12721	0.097633	0.097633
tRNA-Lys-TTT-11-1	73	73	0	0	0
tRNA-Ser-CGA-4-1	82	82	37.1982	0.453636	0.453636
tRNA-Asp-GTC-2-8	72	72	202.1	2.80695	2.80695
tRNA-Asp-GTC-1-1	72	72	230.804	3.20562	3.20562
tRNA-Trp-CCA-4-1	72	72	164.414	2.28353	2.28353
tRNA-Glu-CTC-16-1	71	71	0	0	0
tRNA-Ala-TGC-3-2	72	72	14.0592	0.195266	0.195266
tRNA-Asp-GTC-2-9	72	72	86.6981	1.20414	1.20414
tRNA-Phe-GAA-1-4	73	73	72.346	0.991042	0.991042
tRNA-Asp-GTC-2-10	72	72	328.437	4.56163	4.56163
tRNA-Ala-TGC-4-1	72	72	345.035	4.79215	4.79215
tRNA-Ile-AAT-11-1	75	75	0	0	0
tRNA-Asn-GTT-2-4	74	74	226.118	3.05565	3.05565
tRNA-Glu-TTC-1-2	72	72	124.775	1.73299	1.73299
tRNA-Glu-TTC-2-1	72	72	290.263	4.03143	4.03143
tRNA-Phe-GAA-1-5	73	73	320.724	4.39348	4.39348
tRX-Ser-NNN-1-1	76	76	0	0	0
tRNA-Pro-AGG-2-5	72	72	57.7987	0.80276	0.80276
tRNA-Leu-AAG-2-3	82	82	78.8875	0.962042	0.962042
tRNA-Pro-AGG-2-6	72	72	320.431	4.45044	4.45044
tRNA-Thr-TGT-3-1	73	73	256.189	3.50944	3.50944
tRNA-Leu-TAG-2-1	82	82	88.846	1.08349	1.08349
tRNA-Thr-TGT-4-1	73	73	38.7603	0.530963	0.530963
tRNA-Pro-TGG-1-1	72	72	42.1774	0.585798	0.585798
tRNA-Tyr-GTA-5-3	94	94	9.27513	0.0986716	0.0986716
tRNA-Tyr-GTA-4-1	94	94	26.3609	0.280435	0.280435
tRNA-Tyr-GTA-7-1	94	94	10.1538	0.108019	0.108019
tRNA-Tyr-GTA-5-4	94	94	23.2367	0.247198	0.247198
tRNA-Leu-TAG-4-1	82	82	0	0	0
tRNA-Thr-TGT-5-1	73	73	95.4851	1.30801	1.30801
tRNA-Tyr-GTA-5-5	89	89	74.3963	0.835914	0.835914
tRNA-Pro-TGG-3-2	72	72	135.515	1.88215	1.88215
tRNA-Arg-ACG-1-3	73	73	450.283	6.16826	6.16826
tRNA-Glu-TTC-11-1	75	75	0	0	0
tRNA-Lys-CTT-1-1	73	73	81.8164	1.12077	1.12077
tRNA-Cys-GCA-8-1	72	72	129.266	1.79536	1.79536
tRNA-Ala-AGC-15-1	73	73	13.3757	0.183229	0.183229
tRNA-Ile-AAT-5-4	74	74	155.041	2.09515	2.09515
tRNA-Glu-TTC-2-2	72	72	62.2898	0.865137	0.865137
tRNA-Ser-GCT-4-2	82	82	108.568	1.324	1.324
tRNA-His-GTG-1-7	72	72	168.417	2.33912	2.33912
tRNA-His-GTG-1-8	72	72	134.343	1.86587	1.86587
tRNA-His-GTG-1-9	72	72	64.4378	0.894969	0.894969
tRNA-Gln-CTG-1-4	72	72	58.2869	0.80954	0.80954
tRNA-Lys-CTT-16-1	74	74	0	0	0
tRNA-Lys-CTT-1-2	73	73	183.843	2.5184	2.5184
tRNA-Cys-GCA-5-1	73	73	12.3994	0.169855	0.169855
tRNA-Arg-TCG-1-1	73	73	298.855	4.0939	4.0939
tRX-Lys-NNN-3-1	73	73	0	0	0
tRNA-Gly-CCC-2-2	71	71	127.997	1.80277	1.80277
tRNA-Arg-CCG-1-3	73	73	145.083	1.98743	1.98743
tRNA-Arg-CCT-3-1	73	73	78.3993	1.07396	1.07396
tRNA-Lys-CTT-3-1	73	73	128.29	1.75739	1.75739
tRNA-Pro-TGG-3-3	72	72	58.9703	0.819032	0.819032
tRNA-Lys-CTT-8-1	73	73	0	0	0
tRNA-Pro-TGG-4-1	71	71	13.8639	0.195266	0.195266
tRNA-Pro-CGG-1-2	72	72	26.9467	0.37426	0.37426
tRNA-Lys-CTT-2-5	73	73	12.8876	0.176542	0.176542
tRNA-Lys-CTT-5-1	73	73	0	0	0
tRNA-Pro-AGG-2-7	72	72	19.5266	0.271203	0.271203
tRNA-Pro-TGG-3-4	72	72	58.7751	0.81632	0.81632
tRNA-Pro-TGG-3-5	72	72	28.1183	0.390532	0.390532
tRNA-Pro-AGG-2-8	72	72	35.1479	0.488165	0.488165
tRNA-Lys-CTT-4-1	73	73	14.2544	0.195266	0.195266
tRNA-Pro-AGG-1-1	72	72	11.9112	0.165434	0.165434
tRNA-Arg-CCT-5-1	73	73	0	0	0
tRNA-Lys-CTT-14-1	73	73	0	0	0
tRNA-Thr-CGT-2-1	72	72	213.914	2.97103	2.97103
tRNA-Leu-TAG-3-1	82	82	75.8608	0.925132	0.925132
tRNA-Leu-AAG-2-4	82	82	288.408	3.51717	3.51717
tRNA-Leu-CAG-2-1	83	83	331.562	3.99472	3.99472
tRNA-Leu-CAG-2-2	83	83	270.443	3.25835	3.25835
tRNA-Gly-GCC-3-1	71	71	0	0	0
tRNA-Gly-GCC-2-4	71	71	21.9674	0.3094	0.3094
tRNA-Gly-GCC-5-1	71	71	0	0	0
tRNA-Gly-GCC-2-5	71	71	0	0	0
tRNA-Met-CAT-2-1	73	73	121.944	1.67046	1.67046
tRNA-Lys-TTT-1-1	73	73	0	0	0
tRNA-Met-CAT-6-1	73	73	287.724	3.94143	3.94143
tRNA-Lys-TTT-3-5	73	73	105.248	1.44176	1.44176
tRNA-Gln-CTG-1-5	72	72	39.1508	0.543761	0.543761
tRNA-Leu-TAG-1-1	82	82	106.615	1.30019	1.30019
tRNA-Arg-TCT-2-1	88	88	45.6922	0.51923	0.51923
tRNA-Gly-GCC-2-6	71	71	24.7011	0.347903	0.347903
tRNA-Ser-CGA-1-1	82	82	128.094	1.56213	1.56213
tRNA-Thr-AGT-5-1	74	74	14.4497	0.195266	0.195266
tRNA-Trp-CCA-3-3	72	72	9.4704	0.131533	0.131533
tRNA-Ser-GCT-4-3	82	82	170.077	2.07411	2.07411
tRNA-Thr-AGT-1-1	74	74	115.402	1.55949	1.55949
tRNA-Ile-AAT-5-5	74	74	165.586	2.23764	2.23764
tRX-Ile-NNN-4-1	87	87	9.4704	0.108855	0.108855
tRNA-Trp-CCA-1-1	72	72	70.8815	0.984466	0.984466
tRNA-Gly-TCC-3-1	72	72	84.1596	1.16888	1.16888
tRNA-Asp-GTC-2-11	72	72	28.1183	0.390532	0.390532
tRNA-Pro-CGG-1-3	72	72	83.7691	1.16346	1.16346
tRNA-Thr-AGT-1-2	74	74	52.7218	0.712457	0.712457
tRNA-Ser-AGA-2-6	82	82	90.3105	1.10135	1.10135
tRNA-Ile-AAT-4-1	74	74	97.0472	1.31145	1.31145
tRNA-Trp-CCA-2-1	72	72	142.935	1.9852	1.9852
tRNA-Gly-CCC-3-1	71	71	0	0	0
tRNA-Thr-CGT-4-1	72	72	114.035	1.58382	1.58382
tRNA-Asn-GTT-2-5	74	74	7.22484	0.097633	0.097633
tRNA-Cys-GCA-14-1	72	72	37.2958	0.517997	0.517997
tRNA-Cys-GCA-2-2	72	72	21.6745	0.301035	0.301035
tRNA-Cys-GCA-4-1	72	72	49.5976	0.688855	0.688855
tRNA-Cys-GCA-2-3	72	72	20.5029	0.284763	0.284763
tRNA-Cys-GCA-2-4	72	72	78.6922	1.09295	1.09295
tRX-Val-NNN-3-1	73	73	0	0	0
tRNA-Gln-TTG-1-1	72	72	203.37	2.82458	2.82458
tRNA-Arg-CCG-2-1	73	73	202.979	2.78053	2.78053
tRNA-Arg-CCT-1-1	73	73	157.58	2.15863	2.15863
tRNA-Arg-CCT-2-1	73	73	80.6448	1.10472	1.10472
tRNA-Arg-TCG-3-1	73	73	148.402	2.03291	2.03291
tRNA-iMet-CAT-1-8	72	72	267.319	3.71277	3.71277
tRNA-Gly-TCC-5-1	72	72	0	0	0
tRNA-Gly-TCC-6-1	72	72	0	0	0
tRNA-Phe-GAA-1-6	73	73	70.5886	0.966968	0.966968
tRNA-Asn-GTT-2-6	74	74	97.3401	1.31541	1.31541
tRNA-Gly-TCC-1-1	72	72	119.21	1.65569	1.65569
tRNA-Val-CAC-3-1	73	73	60.0443	0.822524	0.822524
tRNA-Thr-AGT-1-3	74	74	356.946	4.8236	4.8236
tRNA-Lys-CTT-10-1	73	73	71.2721	0.97633	0.97633
tRNA-Ile-TAT-1-1	93	93	141.08	1.51699	1.51699
tRNA-Lys-TTT-10-1	73	73	0	0	0
tRNA-SeC-TCA-1-1	87	87	76.1537	0.87533	0.87533
tRNA-Lys-TTT-12-1	73	73	0	0	0
tRNA-Lys-CTT-11-1	74	74	0	0	0
tRNA-Asn-GTT-26-1	74	0	0	0	0
tRNA-Glu-TTC-14-1	72	0	0	0	0
tRNA-Tyr-GTA-2-1	89	89	486.408	5.46525	5.46525
tRNA-Ala-AGC-8-1	73	73	314.964	4.31458	4.31458
tRNA-Ile-TAT-2-1	93	93	626.413	6.73563	6.73563
tRNA-Gln-TTG-5-1	73	73	16.7929	0.230039	0.230039
tRNA-Gly-CCC-2-1	71	71	107.982	1.52087	1.52087
tRNA-Glu-TTC-13-1	73	73	0	0	0
tRNA-Pro-AGG-4-1	72	72	0	0	0
tRNA-Glu-TTC-1-1	72	72	165.39	2.29709	2.29709
tRNA-Ala-CGC-3-1	72	72	284.112	3.946	3.946
tRNA-Gly-GCC-2-2	71	71	213.328	3.00462	3.00462
tRNA-Glu-CTC-7-1	73	73	0	0	0
tRNA-Glu-TTC-9-1	73	73	0	0	0
tRNA-Gln-CTG-16-1	68	68	0	0	0
tRNA-Lys-TTT-15-1	73	73	0	0	0
tRNA-Gln-CTG-17-1	78	78	82.8904	1.0627	1.0627
tRNA-Leu-AAG-6-1	82	82	8.00591	0.097633	0.097633
tRNA-Gly-GCC-1-5	71	71	358.801	5.05354	5.05354
tRX-Und-NNN-9-1	79	79	0	0	0
tRNA-Cys-GCA-25-1	80	80	0	0	0
tRNA-Arg-ACG-2-1	73	73	275.911	3.7796	3.7796
tRX-Und-NNN-7-1	75	75	0	0	0
tRX-Pro-NNN-2-1	73	73	0	0	0
tRNA-Cys-GCA-6-1	72	72	21.0887	0.292899	0.292899
tRNA-Cys-GCA-9-1	72	72	0	0	0
tRNA-Val-AAC-1-1	73	73	123.701	1.69453	1.69453
tRNA-Gln-TTG-6-1	73	73	7.12721	0.097633	0.097633
tRNA-Cys-GCA-2-1	72	72	7.02958	0.097633	0.097633
tRNA-Lys-CTT-9-1	73	73	0	0	0
tRNA-Gln-CTG-13-1	72	72	0	0	0
tRNA-Cys-ACA-1-1	176	176	0.488165	0.00277366	0.00277366
tRNA-Val-CAC-1-2	73	73	0	0	0
tRNA-Leu-AAG-1-1	82	82	0	0	0
tRNA-Leu-AAG-1-2	82	82	0	0	0
tRNA-Val-CAC-1-3	73	73	0	0	0
tRNA-Val-AAC-1-2	73	73	0	0	0
tRNA-Leu-AAG-7-1	85	85	0	0	0
tRNA-Val-AAC-1-3	73	73	17.3787	0.238064	0.238064
tRNA-Val-CAC-1-4	73	73	52.8194	0.723554	0.723554
tRNA-Leu-AAG-1-3	82	82	5.56508	0.0678668	0.0678668
tRNA-Leu-AAG-2-1	82	82	163.242	1.99076	1.99076
tRNA-Val-AAC-2-1	73	73	42.7632	0.585798	0.585798
tRNA-Pro-TGG-3-1	72	72	44.6183	0.619698	0.619698
tRNA-Thr-TGT-6-1	72	72	83.1833	1.15532	1.15532
tRNA-Ala-TGC-3-1	72	72	144.399	2.00554	2.00554
tRNA-Lys-CTT-2-2	73	73	114.035	1.56213	1.56213
tRNA-Val-AAC-1-4	73	73	53.991	0.739603	0.739603
tRNA-Lys-CTT-2-3	73	73	174.177	2.38599	2.38599
tRNA-Val-CAC-1-5	73	73	189.701	2.59864	2.59864
tRNA-Gln-CTG-1-1	72	72	16.3047	0.226454	0.226454
tRNA-iMet-CAT-1-2	72	72	18.6479	0.258999	0.258999
tRNA-Arg-TCG-4-1	73	73	14.2544	0.195266	0.195266
tRNA-Ser-GCT-6-1	84	84	40.9082	0.487003	0.487003
tRNA-Gln-TTG-3-1	72	72	21.0887	0.292899	0.292899
tRNA-Gln-TTG-3-2	72	72	23.6272	0.328155	0.328155
tRNA-Ser-TGA-3-1	82	82	25.9704	0.316712	0.316712
tRNA-iMet-CAT-1-3	72	72	56.2366	0.781064	0.781064
tRNA-Trp-CCA-3-1	72	72	14.0592	0.195266	0.195266
tRNA-Arg-TCG-2-1	73	73	74.8845	1.02582	1.02582
tRNA-Ser-AGA-2-1	82	82	54.6745	0.666762	0.666762
tRNA-Arg-ACG-1-1	73	73	49.8905	0.683431	0.683431
tRNA-iMet-CAT-1-4	72	72	7.02958	0.097633	0.097633
tRNA-Trp-CCA-3-2	72	72	14.0592	0.195266	0.195266
tRNA-Leu-CAG-1-7	83	83	60.5325	0.729307	0.729307
tRNA-Thr-AGT-2-1	74	74	57.0177	0.770509	0.770509
tRNA-Arg-ACG-1-2	73	73	135.417	1.85503	1.85503
tRNA-Val-CAC-1-6	73	73	100.269	1.37355	1.37355
tRNA-Ala-CGC-1-1	72	72	47.6449	0.661735	0.661735
tRNA-Ile-AAT-5-1	74	74	164.023	2.21653	2.21653
tRNA-Pro-AGG-2-2	72	72	12.2041	0.169502	0.169502
tRNA-Lys-CTT-2-4	73	73	74.9821	1.02715	1.02715
tRNA-Tyr-GTA-1-1	91	91	69.8076	0.767116	0.767116
tRNA-Ala-AGC-11-1	73	73	69.9052	0.957606	0.957606
tRNA-Tyr-GTA-8-1	90	90	12.3994	0.137771	0.137771
tRNA-Tyr-GTA-3-1	89	89	10.5444	0.118476	0.118476
tRNA-Tyr-GTA-6-1	89	89	25.1893	0.283026	0.283026
tRNA-Ala-AGC-14-1	73	73	7.12721	0.097633	0.097633
tRNA-Ala-AGC-12-1	73	73	0	0	0
tRNA-Ala-AGC-10-1	73	73	0	0	0
tRNA-Met-CAT-5-1	73	73	0	0	0
tRNA-Ala-AGC-13-1	73	73	0	0	0
tRNA-Ile-AAT-7-1	74	74	0	0	0
tRNA-Ala-AGC-9-1	73	73	0	0	0
tRNA-Met-CAT-4-1	73	73	0	0	0
tRNA-Met-CAT-4-2	73	73	55.065	0.754315	0.754315
tRNA-Ile-AAT-6-1	74	74	33.3905	0.451223	0.451223
tRNA-Met-CAT-4-3	73	73	0	0	0
tRNA-Ala-AGC-9-2	73	73	0	0	0
tRNA-Ile-AAT-7-2	74	74	0	0	0
tRNA-Ala-AGC-13-3	73	73	0	0	0
tRNA-Met-CAT-5-2	73	73	0	0	0
tRNA-Ala-AGC-10-2	73	73	0	0	0
tRNA-Ala-AGC-12-2	73	73	0	0	0
tRNA-Ala-AGC-14-2	73	73	0	0	0
tRNA-Ile-TAT-2-2	94	94	111.497	1.18614	1.18614
tRNA-Pro-CGG-2-1	72	72	89.6271	1.24482	1.24482
tRNA-Ser-GCT-1-1	82	82	0	0	0
tRNA-His-GTG-1-5	72	72	7.02958	0.097633	0.097633
tRNA-Thr-AGT-6-1	74	74	16.7929	0.226931	0.226931
tRNA-Ile-AAT-5-2	74	74	7.22484	0.097633	0.097633
tRNA-Val-CAC-6-1	73	73	0	0	0
tRNA-Ser-CGA-2-1	82	82	0	0	0
tRNA-Arg-ACG-2-2	73	73	7.12721	0.097633	0.097633
tRNA-Arg-ACG-2-3	73	73	35.636	0.488165	0.488165
tRNA-Leu-TAA-4-1	83	83	82.6951	0.996327	0.996327
tRNA-Val-AAC-5-1	73	73	22.358	0.306273	0.306273
tRNA-Ile-AAT-5-3	74	74	12.2041	0.164921	0.164921
tRNA-Ile-AAT-9-1	74	74	0	0	0
tRNA-Ile-AAT-3-1	74	74	0	0	0
tRNA-Val-CAC-2-1	73	73	0	0	0
tRNA-Ile-AAT-10-1	74	74	0	0	0
tRNA-Val-TAC-4-1	73	73	0	0	0
tRNA-Ser-ACT-1-1	74	74	53.5029	0.723012	0.723012
tRNA-Gln-CTG-5-1	72	72	28.1183	0.390532	0.390532
tRNA-Ser-GCT-2-1	82	82	8.00591	0.097633	0.097633
tRNA-iMet-CAT-1-5	72	72	70.2958	0.97633	0.97633
tRNA-Lys-TTT-6-1	73	73	18.2574	0.250101	0.250101
tRNA-Ser-AGA-2-2	82	82	67.1715	0.819165	0.819165
tRNA-Asp-GTC-2-6	72	72	117.16	1.62722	1.62722
tRNA-Ser-AGA-2-3	82	82	52.136	0.635805	0.635805
tRNA-Ser-AGA-2-4	82	82	59.2632	0.722722	0.722722
tRNA-Asp-GTC-2-7	72	72	39.4437	0.54783	0.54783
tRNA-Ser-TGA-4-1	82	82	0	0	0
tRNA-Gln-CTG-1-2	72	72	43.5443	0.604782	0.604782
tRNA-Ser-AGA-3-1	82	82	9.7633	0.119065	0.119065
tRNA-Ser-AGA-1-1	82	82	28.6065	0.348859	0.348859
tRNA-Ser-TGA-2-1	82	82	8.00591	0.097633	0.097633
tRNA-Gln-CTG-2-1	72	72	22.6509	0.314595	0.314595
tRNA-Ser-AGA-4-1	82	82	29.7781	0.363147	0.363147
tRNA-Arg-TCT-5-1	87	87	0	0	0
tRNA-Asp-GTC-3-1	72	72	42.8609	0.59529	0.59529
tRNA-Lys-TTT-4-1	73	73	6.34614	0.0869335	0.0869335
tRNA-iMet-CAT-1-6	72	72	107.396	1.49162	1.49162
tRNA-Leu-CAA-3-1	107	107	10.4467	0.097633	0.097633
tRNA-Leu-CAA-2-1	108	108	10.5444	0.097633	0.097633
tRNA-Thr-CGT-5-1	74	74	20.1124	0.271789	0.271789
tRNA-Ile-TAT-2-3	94	94	74.9821	0.797682	0.797682
tRNA-Val-AAC-3-1	73	73	22.8461	0.312961	0.312961
tRNA-Phe-GAA-7-1	76	76	0	0	0
tRNA-Ile-AAT-8-1	74	74	7.22484	0.097633	0.097633
tRNA-Arg-ACG-2-4	73	73	6.44378	0.0882709	0.0882709
tRNA-Ser-CGA-3-1	82	82	106.029	1.29304	1.29304
tRNA-Val-AAC-4-1	73	73	0	0	0
tRNA-Thr-AGT-2-2	74	74	101.831	1.3761	1.3761
tRNA-Ile-AAT-2-1	74	74	119.503	1.6149	1.6149
tRNA-Leu-TAA-2-1	83	83	0	0	0
tRNA-Thr-AGT-4-1	74	74	0	0	0
tRNA-Val-AAC-1-5	73	73	31.2426	0.42798	0.42798
tRNA-iMet-CAT-2-1	72	72	0	0	0
tRNA-Gln-CTG-6-1	72	72	59.5561	0.827168	0.827168
tRNA-Gln-TTG-3-3	72	72	22.1627	0.307815	0.307815
tRNA-iMet-CAT-1-7	72	72	18.1597	0.252219	0.252219
tRNA-Gly-GCC-2-3	71	71	79.9614	1.12622	1.12622
tRNA-Ser-GCT-5-1	82	82	51.5502	0.628661	0.628661
tRNA-Thr-TGT-1-1	74	74	50.5739	0.683431	0.683431
tRNA-Leu-AAG-4-1	82	82	7.90827	0.0964423	0.0964423
tRX-Met-NNN-1-1	73	73	0	0	0
tRNA-Thr-CGT-1-1	74	74	0	0	0
tRNA-Ile-TAT-3-1	94	94	88.4555	0.941016	0.941016
tRNA-Arg-TCG-5-1	73	73	107.299	1.46984	1.46984
tRNA-Gln-TTG-2-1	72	72	58.8727	0.817676	0.817676
tRNA-Ser-GCT-4-1	82	82	32.0236	0.390532	0.390532
tRNA-Ala-AGC-3-1	72	72	81.8164	1.13634	1.13634
tRNA-Ala-TGC-9-1	73	73	0	0	0
tRNA-Ala-TGC-2-1	72	72	39.3461	0.546474	0.546474
tRNA-Thr-CGT-3-1	74	74	14.4497	0.195266	0.195266
tRNA-Ala-AGC-4-1	72	72	3.41715	0.0474605	0.0474605
tRNA-Ala-CGC-2-1	72	72	28.1183	0.390532	0.390532
tRNA-Lys-TTT-13-1	74	74	0.97633	0.0131936	0.0131936
tRNA-Ala-AGC-5-1	72	72	38.565	0.535625	0.535625
tRNA-Ala-AGC-7-1	72	72	14.0592	0.195266	0.195266
tRNA-Thr-AGT-3-1	74	74	0	0	0
tRNA-Phe-GAA-11-1	73	73	0	0	0
tRNA-Ala-CGC-4-1	72	72	15.3284	0.212894	0.212894
tRNA-Arg-CCG-1-1	73	73	5.07692	0.0695468	0.0695468
tRNA-Lys-TTT-7-1	73	73	81.3283	1.11409	1.11409
tRNA-Ala-TGC-6-1	72	72	27.142	0.376972	0.376972
tRNA-Phe-GAA-6-1	74	74	0	0	0
tRNA-Ala-AGC-23-1	72	72	0	0	0
tRNA-Ala-TGC-1-1	72	72	8.78697	0.122041	0.122041
tRNA-Phe-GAA-1-1	73	73	49.8905	0.683431	0.683431
tRNA-Ala-AGC-1-1	72	72	30.4615	0.423076	0.423076
tRNA-Ala-TGC-7-1	71	71	27.7278	0.390532	0.390532
tRNA-Phe-GAA-3-1	73	73	31.6331	0.43333	0.43333
tRNA-Ala-AGC-6-1	72	72	12.1065	0.168146	0.168146
tRNA-Ala-TGC-5-1	72	72	24.8964	0.345783	0.345783
tRNA-Phe-GAA-4-1	74	74	0	0	0
tRNA-Ala-AGC-2-1	72	72	85.5265	1.18787	1.18787
tRNA-Ala-AGC-2-2	72	72	28.1183	0.390532	0.390532
tRNA-Arg-CCG-1-2	73	73	17.7692	0.243414	0.243414
tRNA-Leu-CAA-1-1	106	106	53.6981	0.506586	0.506586
tRNA-Leu-CAA-1-2	105	105	160.411	1.52772	1.52772
tRNA-Gln-CTG-1-3	72	72	110.228	1.53094	1.53094
tRNA-Leu-AAG-2-2	82	82	58.5798	0.714388	0.714388
tRNA-Met-CAT-3-1	73	73	11.9112	0.163167	0.163167
tRNA-Lys-TTT-3-3	73	73	26.8491	0.367795	0.367795
tRNA-Met-CAT-3-2	73	73	54.7721	0.750303	0.750303
tRNA-Phe-GAA-1-2	73	73	57.0177	0.781064	0.781064
tRNA-Glu-CTC-1-6	72	72	79.7661	1.10786	1.10786
tRNA-Leu-AAG-3-1	82	82	15.0355	0.18336	0.18336
tRNA-Gln-TTG-10-1	73	73	0	0	0
tRNA-Ile-AAT-12-1	74	74	0	0	0
tRX-Met-NNN-2-1	74	74	0	0	0
tRNA-Ala-AGC-24-1	73	73	0	0	0
tRNA-Ile-AAT-1-1	74	74	0	0	0
tRNA-Ala-AGC-13-2	73	73	0	0	0
tRNA-Met-CAT-7-1	73	73	1.36686	0.0187241	0.0187241
tRNA-Ala-AGC-12-3	73	73	7.12721	0.097633	0.097633
tRNA-Ala-AGC-16-1	73	73	0	0	0
tRNA-Leu-TAA-5-1	83	83	0	0	0
tRNA-Phe-GAA-8-1	73	73	0	0	0
tRNA-Glu-CTC-1-7	72	72	154.846	2.15064	2.15064
tRNA-Leu-TAA-1-1	83	83	715.064	8.61523	8.61523
tRNA-Gln-TTG-4-1	72	72	0	0	0
tRX-Lys-NNN-5-1	84	84	14.2544	0.169695	0.169695
tRX-Trp-NNN-1-1	72	72	0.390532	0.00542405	0.00542405
tRX-Lys-NNN-4-1	73	73	0.683431	0.00936207	0.00936207
tRNA-Trp-CCA-5-1	72	72	7.02958	0.097633	0.097633
tRNA-Pro-AGG-2-3	72	72	206.298	2.86526	2.86526
tRNA-Arg-CCT-4-1	73	73	318.381	4.36139	4.36139
tRNA-Cys-GCA-1-1	72	72	66.1952	0.919377	0.919377
tRNA-Cys-GCA-9-2	72	72	0	0	0
tRNA-Cys-GCA-13-1	72	72	14.0592	0.195266	0.195266
tRNA-Tyr-GTA-11-1	77	77	7.51774	0.097633	0.097633
tRNA-Cys-GCA-18-1	72	72	14.0592	0.195266	0.195266
tRNA-Cys-GCA-10-1	72	72	0	0	0
tRNA-Cys-GCA-11-1	72	72	0	0	0
tRNA-Cys-GCA-16-1	72	72	6.83431	0.094921	0.094921
tRNA-Cys-GCA-22-1	70	70	8.8846	0.126923	0.126923
tRNA-Cys-GCA-15-1	72	72	0	0	0
tRNA-Cys-GCA-3-1	72	72	0	0	0
tRNA-Cys-GCA-23-1	72	72	2.53846	0.0352564	0.0352564
tRNA-Cys-GCA-20-1	72	72	15.2307	0.211538	0.211538
tRNA-Cys-GCA-19-1	72	72	0	0	0
tRNA-Cys-GCA-9-3	72	72	0	0	0
tRNA-Cys-GCA-12-1	72	72	36.8076	0.511217	0.511217
tRNA-Cys-GCA-21-1	72	72	0	0	0
tRNA-Cys-GCA-17-1	72	72	92.849	1.28957	1.28957
tRNA-Cys-GCA-9-4	72	72	32.1213	0.446129	0.446129
tRNA-Tyr-GTA-9-1	88	88	0	0	0
tRX-Arg-NNN-1-1	73	73	171.053	2.34319	2.34319
tRNA-Tyr-GTA-5-1	93	93	462.683	4.97508	4.97508
tRNA-Tyr-GTA-5-2	89	89	124.97	1.40416	1.40416
tRNA-Ala-AGC-8-2	73	73	128.29	1.75739	1.75739
tRNA-Ser-AGA-2-5	82	82	238.81	2.91232	2.91232
tRNA-Met-CAT-1-1	73	73	294.363	4.03238	4.03238
tRNA-Phe-GAA-12-1	76	76	0	0	0
tRX-Und-NNN-6-1	79	79	0	0	0
tRNA-His-GTG-1-6	72	72	112.376	1.56077	1.56077
tRNA-iMet-CAT-3-1	75	75	0	0	0
tRNA-Arg-TCG-6-1	73	73	11.8136	0.16183	0.16183
tRX-Leu-NNN-1-1	83	83	0	0	0
tRNA-Arg-TCT-3-1	91	91	70.8815	0.778918	0.778918
tRNA-Ile-GAT-1-1	74	74	0	0	0
tRX-Ile-NNN-2-1	74	74	0	0	0
tRNA-Ile-GAT-1-2	74	74	0	0	0
tRNA-Ile-GAT-1-3	74	74	0	0	0
tRNA-Val-TAC-1-2	73	73	316.819	4.33999	4.33999
tRX-Pro-NNN-1-1	69	69	0	0	0
